video_id,title,channel,description,published_at,view_count,like_count
xUwikz7-wEg,경찰이 남자편이 아닌 진짜 이유.. 현직 경찰관의 폭로,좋은변호사 - 남녀문제연구소 [안변TV],"#성인지감수성 #동탄경찰서 #유죄추정 #여성시대  
--------
너무 두려워하지 마십시오. 어떤 일이 벌어지고 어떻게 처리해야 할지 모두 잘 알고 있습니다.
억울하고 어려운 형사 사건, '좋은변호사'가 당신의 편이 되어 드리겠습니다.


✔상담신청방법 : 홈페이지: https://goodlawyerahn.com 상담예약 버튼!

✔억울이 카페: https://cafe.naver.com/innocentman911

✔블로그(형사) : https://blog.naver.com/lawyerahn8535

✔인스타(개인) : https://instagram.com/goodlawyer_ahn
              (채널) : https://instagram.com/goodlawyer_official      


#성범죄무고 #고소 #성범죄전문변호사 #성범죄 #준강간죄 #준강제추행 #안세훈변호사 #무고죄 #무고

채널에 가입하여 혜택을 누려보세요.
https://www.youtube.com/channel/UCqgxgvu-AV4wy8q5uNPSZvQ/join",2025-01-12T02:06:41Z,243460,10594
1-OQ6yG9OIU,"6년 전 헤어진 여친의 연락..""우리 첫 성관계는 성폭행이야"" (자막뉴스) / SBS",SBS 뉴스,"[성폭행으로 고소당한 남성 : 2016년에 만나서 2년 동안 연애를 했던 사이고요. 헤어진 뒤에 어느 날 갑자기 연락이 왔는데 사귄 첫날에 제가 성폭행을 했다고 해서..]

한 남성이 2년간 교제했던 전 여자친구에게 헤어진 지 수년 만에 성폭행 혐의로 고소를 당했습니다.

이 남성은 대학 시절 만난 여성과 평범한 커플로 2년을 보내다 헤어졌는데, 여성이 갑자기 사귀었던 첫날 성폭행을 당했다며 연락을 해왔고 남성이 만남을 거부하자 결국 2022년 고소로 이어졌습니다.

1심 재판부는 여성의 주장을 받아들여 남성에게 징역 2년 6개월의 실형을 선고했습니다.

하지만 항소심에서는 여성의 고소 시점에 대한 의문점과 대화 내용 등을 근거로 남성의 무죄를 인정했고, 대법원도 이를 확정했습니다.

[이경민 변호사 / SBS 뉴스헌터스 : 당시에 재판부가 봤을 때는 바로 학교를 졸업하고 나서는 고소를 할 수 있었을 텐데 왜 고소를 하지 않았을까, 이 부분에 대해서 조금 의문을 가졌고, 남성에 대해서 여성이 두려움이 있다고 했었는데 대화 내용에 비춰봤을 때는 그렇게 보이지는 않는다.]

갑작스럽게 재판을 받게 된 남성은 다니던 직장을 그만뒀고, 준비 중이던 결혼까지 미루며 심각한 심리적 고통을 겪었습니다.

[최경진 변호사 / SBS 뉴스헌터스 : 재판을 시작한 이후에는 거의 공황장애 수준으로 심적인 고통을 많이 겪으셔서 사람이 많이 있는 곳에 가는 것도 좀 꺼리셨다고 하고요.]

대법원 무죄 판결을 받기까지 4년. 이 남성의 가족들은 한 사람 때문에 온 가족의 인생이 망가졌다며 ""이런 세상이 끝나야 한다""고 울분을 토했습니다.

[고소당한 남성의 여동생 : 너무 힘들고 그러니까 저도 제 사업을 다 놓고 했었거든요. 저희 오빠 일을. 사람 살리는 게 더 중요하니까. 여자들이 이런 걸 이용해서 하는 그런 세상이 제발 끝났으면 좋겠어요.]

현재 남성은 무고죄로 맞고소를 준비하고 있습니다.

(기획 : 윤성식, 영상편집 : 이현지, 영상출처 : 뉴스헌터스, 제작 : 디지털뉴스부)


☞더 자세한 정보
https://news.sbs.co.kr/y/?id=N1008513224

☞[뉴스영상] 기사 모아보기 
https://news.sbs.co.kr/y/t/?id=10000000121
 

#성폭행 #무고죄 #고소 #여자친구 

▶SBS 뉴스 채널 구독하기 : https://n.sbs.co.kr/youtube 

♨지금 뜨거운 이슈, 함께 토론하기(스프 구독) : https://premium.sbs.co.kr

▶SBS 뉴스 라이브 : https://n.sbs.co.kr/youtubeLive , https://n.sbs.co.kr/live 

▶SBS 뉴스 제보하기
홈페이지: https://n.sbs.co.kr/inform 
애플리케이션: 'SBS뉴스' 앱 설치하고 제보 - https://n.sbs.co.kr/App 
카카오톡: 'SBS뉴스'와 친구 맺고 채팅 - https://pf.kakao.com/_ewsdq/chat 
페이스북: 'SBS뉴스' 메시지 전송 - https://www.facebook.com/sbs8news 
이메일: sbs8news@sbs.co.kr 
문자 # 누르고 6000 
전화: 02-2113-6000 

홈페이지: https://news.sbs.co.kr/ 
페이스북: https://www.facebook.com/sbs8news 
X: https://x.com/sbs8news
카카오톡: https://pf.kakao.com/_ewsdq
인스타그램: https://www.instagram.com/sbsnews
Thread: https://www.threads.com/@sbsnews

Copyright Ⓒ SBS. All rights reserved. 무단 전재, 재배포 및 AI학습 이용 금지",2026-04-10T06:23:30Z,1394339,11494
8esjccnsrDo,"""엉덩이 움켜쥔 느낌 아직도 생생""..여경 강제추행 '5초' CCTV 전말은 (자막뉴스) / SBS",SBS 뉴스,"지난 2023년 9월, 경기도 평택의 한 단란주점.

검은색 반팔을 입은 남성이 계산대에 서 있는 여경 뒤로 지나갑니다.

당시 단란주점에선 20대 남성 A 씨가 일행과 함께 소화기 등을 뿌리며 장난을 치다 주점 사장의 신고로 경찰이 출동했습니다.

그런데 사건 9일 만에 A 씨가 강제추행 혐의로 경찰에 입건됐습니다.

계산대 앞에 서 있던 여경이 A 씨가 자신의 뒤를 지나가며 엉덩이를 만졌다고 고소한 겁니다.

여경은 출동 직후 작성한 발생보고서에서 ""A 씨가 왼쪽 손으로 오른쪽 엉덩이를 1회 접촉하는 방법으로 기습 추행했다""고 작성했습니다.

같은 달 17일 경찰조사에선 ""A 씨가 엉덩이를 손바닥을 이용해 잡는 게 느껴졌다""고 진술한 뒤, 지난해 검찰 조사에선 ""엉덩이를 움켜쥐었고, 그 느낌이 아직도 생생하다.

손가락으로 딱 집고 갔다""고 진술을 구체화했습니다.

경찰이 A 씨와 여경 양측에 거짓말 탐지기 조사를 제안했지만, 여경 측 거부로 진행되지 않은 걸로 전해졌습니다.

A 씨는 두 차례 보완 수사 끝에 지난해 7월 재판에 넘겨졌고, 한 달 만에 1심에서 징역 8개월에 집행유예 2년 선고를 받았습니다.

재판부는 여경의 진술이 대체로 일관되고 주점 내 CCTV 영상이 이를 뒷받침하는 점, 여경이 허위 진술을 할 동기가 없는 점 등을 토대로 이같이 판단했습니다.

A 씨 측은 항소했는데, 지난 4월 항소심 재판부 역시 ""원심 판결에 사실 오인 및 법리 오해의 잘못이 있다고 볼 수 없다""며 이를 기각했습니다.

A 씨를 대리한 법무법인 측은 최근 SNS를 통해 해당 영상을 게시하며 ""이 청년이 정말 여경의 엉덩이를 움켜쥐었는지, 이 영상을 보시고 객관적인 판단을 여쭙고 싶다.

한 청년의 인생이 달렸다""고 호소했습니다.

(취재: 김지욱, 영상편집: 김혜주, 디자인: 육도현, 제작: 디지털뉴스부, 화면출처 : 유튜브 채널 '사건한잔 남언호 변호사')

 

#SBS뉴스 #뉴스 #실시간 #여경 #성추행 #소화기 #난동 #신고 #CCTV  

Copyright Ⓒ SBS. All rights reserved. 무단 전재, 재배포 및 AI학습 이용 금지",2026-05-18T07:36:04Z,538909,4361
c9mqpZsaLZI,억울한 성범죄 무고 이럴 때 고소하면 됩니다｜검사 출신 형사전문변호사 용성호,형사전문변호사,"👉 법무법인 에이파트 형사전담센터: https://bit.ly/45mDaLe
👉 상담신청 : https://bit.ly/3H280yT
👉 전화문의 : 070-7174-2392

오늘은 억울한 성범죄 무고 고소
어떤 경우에 하면 되는지 알려드리겠습니다. 

⏰ 타임스탬프 ⏰
00:25 오늘의 주제
01:50 성범죄 무혐의가 나오는 경우
02:42 성범죄 무고 고소 할 수 있는 경우 1
03:20 성범죄 무고 고소 할 수 있는 경우 2
04:17 마무리 
-

마약 전담 검사 출신, 군검사 출신 등 형사 전문 변호사들이 운영하는
법무법인 에이파트 형사전문센터 유튜브 채널입니다.

상담이 필요하시거나 궁금하신 점이 있으시면
위 경로로 문의 부탁드립니다.",2025-05-26T09:00:52Z,1946,33
zqHmY35wyr0,"[사사건건] '허위 신고'에 성범죄 누명 쓴 20대 / 강압 수사 논란에 ""화성동탄경찰서장 파면"" 서명 운동 확산 - KBS  2024.07.02.",KBS News,"▶ 주요 내용
- 화장실 성추행 '무고' 결론에... '동탄 경찰서장 파면' 서명운동
- 경찰, '화장실 성범죄' 신고 50대 여성 무고 혐의 입건
- 경찰, 20대 피해 남성에 강압 수사 논란, 왜? ""실질적으로 성범죄자 취급""
- ""아들 성추행범 몰았다"" 강압수사 의혹에…동탄서 ""절차 갖춰 수사""
- 신고 여성 '허위 진술' 왜? ""약 복용 중이라 헛것 봤다"" 변명
- 20대 피해 남성, 아직 경찰에게 사과 못 받았다?

▶ 출연 : 임주혜 변호사

▣ KBS 기사 원문보기 : http://news.kbs.co.kr/news/view.do?ncd=8000577

▣ 제보 하기
◇ 카카오톡 : 'KBS제보' 검색
◇ 전화 : 02-781-1234
◇ 홈페이지 : https://goo.gl/4bWbkG
◇ 이메일 : kbs1234@kbs.co.kr

#동탄경찰서 #무고 #성범죄 #강압수사",2024-07-01T23:00:34Z,1266661,6402
HwG6j9oydpA,"""남학생들과 술먹다 성폭행을.."" 조서 살펴본 판사의 '반전' [뉴스.zip/MBC뉴스]",MBCNEWS,"00:00 [자막뉴스] ""연상의 여학생 성폭행"" 기소..경찰 향한 판사의 '불호령' (2024.08.31/MBC뉴스)
02:30 [자막뉴스] 합의관계 후 ""당했다"" 신고, 무고 드러나자 법정에서.. (2024.08.27/MBC뉴스)
04:03 [자막뉴스] ""성폭행 무고하고 반성도 없어"" 걸그룹 출신 BJ에 '불호령' (2024.03.21/MBC뉴스)

#성폭행 #무고 #법원
#MBC #뉴스 #뉴스데스크 #MBC뉴스 #뉴스투데이 #뉴스ZIP #뉴스꾹 #오늘이뉴스 #자막뉴스

ⓒ MBC & iMBC 무단 전재, 재배포 및 이용(AI학습 포함)금지",2024-09-01T00:25:30Z,2283108,15470
h1_Vo0QxzbU,[자막뉴스] '탱크 데이' 심상치 않은 후폭풍...광주 지역 스타벅스 가보니 / YTN, YTN,"유동인구가 많은 곳에 자리 잡은 스타벅스 매장이 썰렁하기만 합니다.

눈에 띄게 손님이 줄면서 테이블 곳곳이 텅 비어 있습니다.

석가탄신일을 낀 황금연휴지만, 주택가와 인접한 스타벅스 매장도 한산하기는 마찬가지입니다.

평소 차량 주문이 도로까지 늘어서던 '드라이브 스루' 공간도 대기 행렬을 찾아볼 수 없습니다.

[김 현 경 / 광주광역시 광천동 : 불매 운동에 적극 동참할 마음이 있습니다. 공감 능력을 얻어야 하는 대기업에서 그 아픔을 들춰내기만 하고 그 부분에 대해서는 확실하게 벌을 받아야 한다고 생각합니다.]

광주에 있는 스타벅스 매장만 71곳.

인구수 대비 서울 다음으로 많은 곳이지만, 손님 발길이 끊기면서 스타벅스 매장은 직격탄을 맞았습니다.

5·18민주화운동을 비하한 이른바 '탱크 데이' 이벤트 논란이 시간이 흘러도 사그라지지 않으면서 스타벅스 매장마다 사과문이 내걸렸습니다.

시민단체는 정 회장의 경영 일선 후퇴와 철저한 재발 방지 대책 마련 등 신세계 그룹의 책임 있는 자세를 요구했습니다.

[기 우 식 / 광주 시민단체협의회 사무처장 : 자신의 과거 행적까지를 진심 어린 사과하고 다시는 그런 일이 벌어지지 않을 재발 방지 대책까지를 약속한다면 그때는 함께 그 문제를 어떻게 볼 것인가를 진지하게 고려할 수….]

스타벅스 불매 운동과 1인 시위 등 시민 사회의 분노가 확산하는 가운데 정용진 회장의 대국민 사과가 분노한 여론을 달랠 수 있을지 주목됩니다.

YTN 오선열입니다.

#스타벅스 #탱크데이

VJ: 이건희
자막뉴스: 박해진



※ '당신의 제보가 뉴스가 됩니다'
[카카오톡] YTN 검색해 채널 추가
[전화] 02-398-8585
[메일] social@ytn.co.kr

▶ 기사 원문 : https://www.ytn.co.kr/_ln/0134_202605251710204984
▶ 제보 하기 : https://mj.ytn.co.kr/mj/mj_write.php

▣ YTN 유튜브 채널 구독 : http://goo.gl/Ytb5SZ

ⓒ YTN 무단 전재, 재배포금지 및 AI 데이터 활용 금지",2026-05-25T08:22:37Z,22783,498
gvLWLmsfk7M,내 여동생이 성폭행을 당했다. 1~5화 합본,양태영 변호사,"법률 상담 : https://www.lawtalk.co.kr/directory/profile/9922
이메일 : lawyer.tyyang@gmail.com",2025-12-26T11:00:19Z,861173,9025
RkARzQimk5U,[최고의 5분_스토리추적M] 누명으로 5개월 수감생활.. 화장실 성추행 사건! 그날의 진실은? MBN 220428 방송,MBN Entertainment,"스토리추적M 4회 최고의 5분 [ 화장실 성추행 사건! 그날의 진실은? ]

#무고죄 #억울 #누명 #수감 #화장실  #MBN

☞ MBN Entertainment 구독하기 : https://www.youtube.com/c/MBN_Entertainment",2022-04-29T05:19:03Z,190518,2150
WUAPu89oRNs,썸타던 외국인 모델과 데이트…'성폭행 고소' 악몽됐다 / JTBC 사건반장,JTBC News,"늦은 밤, 한 외국인 여성이 한껏 집중한 모습으로 인형 뽑기를 하고 있습니다.   영상을 촬영하는 남성과도 즐겁게 대화를 나누는데요. 알고 보니 이 외국인 여성, 국내 여러 광고에 출연하며 활약 중인 모델이었습니다. 인형 뽑기를 마친 두 사람은 같은 숙박업소에 들어가게 됐는데요. 문제는 이날 이후, 두 사람이 4년 가까이 법정 공방 중이라는 겁니다. 대체, 이들 사이에 무슨 일이 있었던 걸까요?

▶ 시리즈 더 보기 https://www.youtube.com/playlist?list=PL3Eb1N33oAXijbwnIWKJbTgzfn0_Qwf3a

📢 지금, 이슈의 현장을 실시간으로!
☞JTBC 모바일라이브 시청하기 https://www.youtube.com/@jtbc_news/streams

☞JTBC유튜브 구독하기 (https://www.youtube.com/user/JTBC10news)
☞JTBC유튜브 커뮤니티 (https://www.youtube.com/user/JTBC10news/community)

#JTBC뉴스 공식 페이지 https://news.jtbc.co.kr

페이스북 https://www.facebook.com/jtbcnews
X(트위터) https://twitter.com/JTBC_news
인스타그램 https://www.instagram.com/jtbcnews

☏ 제보하기 https://news.jtbc.co.kr/report
방송사 : JTBC (https://jtbc.co.kr)",2025-06-18T13:05:57Z,257159,1492
wguFOXUrdtE,"성범죄 무고, '이것' 때문에 끊이지 않을 겁니다 (#무고죄)",용희주도한 최변 [검사출신 변호사],"수사 현장에서 수많은 억울한 피고소인들을 마주하며 느낀 건,

성범죄 무고는 단순한 오해를 넘어서 한 사람의 삶을 송두리째 흔들 수 있다는 사실입니다.

심지어 전체 무고 사건 중 40%가 성범죄 관련 사건이라는 통계는

누구든 하루아침에 ‘성범죄자’가 될 수 있다는 두려움을 안겨주는데요.

이번 영상에서는 실제 사례를 통해 성범죄 무고가 반복되는 이유와 구조를 살펴보고

억울하게 지목됐을 때 어떻게 대응할 수 있는지도 함께 정리해드립니다.

만약 도움이 필요하신 분이라면 아래 글을 읽어보셨으면 좋겠습니다.

[성범죄전문변호사? 국내에 5명도 채 안되는 불편한 이유]
https://blog.naver.com/yongheechoe/223756405451

0:00 시작
1:05 성범죄 무고가 늘어나는 이유 ①
2:40 성범죄 무고가 늘어나는 이유 ②
3:40 성범죄 무고가 늘어나는 이유 ③
4:33 무고죄로 역고소?
8:07 억울한 성범죄자가 되지 않기 위한 대처법

#형사변호사 #성범죄무고

🤵 진심으로 당신의 이야기를 들어주는 변호사가 필요하다면
카톡 상담 문의: http://pf.kakao.com/_yxnIxeK/chat
전화 상담 문의: 010-4823-6116

🕯 최용희 변호사의 변호 철학이 궁금하다면 
블로그: https://blog.naver.com/yongheechoe/223369022936",2025-06-09T08:30:33Z,10162,240
3IBAFpwXYCQ,평택 여경 강제추행 사건 0.3초 유죄이유와 반박! 성범죄전문로펌 법무법인 대한중앙,법무법인대한중앙TV,"00:00 평택 여경 강제추행 사건 논란의 시작
01:45 박씨의 가장 뼈아픈 초기 대응 실수
02:03 0.3초의 찰나, CCTV에 담긴 유죄 증거의 실체
03:32 시간이 흐를수록 구체화되는 피해자 진술의 모순!?
04:42 대법원 상고심에서 판결이 뒤집힐 가능성
08:29 무죄 판결 선고 가능성과 헌법소원

#평택 #경찰조사 #경찰 #여경 #성범죄전문변호사 #성범죄변호사 #법무법인대한중앙 #조기현변호사 #법률상식 #형사사건 #무고죄

📞tel : 070-4012-0512
💬kakao : future36a
🏠공식 홈페이지 : www.lawofficech.co.kr
✅공식블로그
▶https://blog.naver.com/myworkidkh
▶https://blog.naver.com/lawyerchokihyun",2026-05-18T08:00:02Z,50712,774
oWDVTIc5Hf8,[자막] 이스라엘 나포 사태에 격노한 이재명 대통령,춘천MBC뉴스,"#이재명 #이재명대통령 #국무회의 #이스라엘 #가가지구 #국민나포 #외교참사

""여기가 이스라엘 정부도 아니고, 왜 입장을 대변합니까?""

국무회의 도중, 가자 지구로 자원봉사를 떠났던 우리 내국인(김아현 양, 김동현 군)이 탑승한 선박들이 이스라엘군에 의해 공해상에서 나포 및 폭침되고 우리 국민이 구금되었다는 충격적인 보고가 올라왔습니다.

이어진 안보실의 보고 과정에서 이재명 대통령과 외교안보 참모진 사이에 날 선 설전이 벌어졌습니다. 참모진들은 ""하마스의 선제 공격으로 촉발된 교전 상태이며, 이스라엘이 가자 지역을 군사적으로 통제·해상 봉쇄하는 조치는 합법이라는 반박도 있다""며 이스라엘 측의 입장을 전달하거나 국제법적 논란을 이유로 신중한 태도를 보였습니다.

이에 이재명 대통령은 참모진의 소극적이고 굴종적인 태도를 강하게 질타했습니다.

■ 이재명 대통령이 던진 3가지 일침

""지 땅입니까? 이스라엘 영해예요?"": 가자 지구는 이스라엘의 주권이 미치는 영토나 영해가 아님에도, 제3국의 민간 구호 선박을 무단으로 나포하고 엔진을 폭파해 침몰시키는 행위는 국제법상 '항행 자유의 원칙'을 정면으로 위반한 명백한 불법이자 비인도적 만행이라는 지적입니다.

""우리 내부 공고를 안 따른 건 우리 문제고..."": 정부의 가지 말라는 방침이나 권고를 따르지 않은 것은 우리 내부에서 따질 문제이지, 국제법적 근거 없이 우리 국민을 잡아간 이스라엘의 만행을 정당화하는 핑계가 될 수 없다고 못 박았습니다.

""네타냐후는 ICC 전범 체포영장 발부자"": 이미 국제형사재판소(ICC)에서 전쟁 범죄자로 인정되어 체포영장이 발부되었고, 유럽 다수 국가도 체포를 선언한 상황에서 우리 정부가 무엇을 눈치 보고 인내하느냐며 외교 관계보다 국민의 안전과 국제 규범을 우선시하라고 주문했습니다.

""도가 지나쳐도 너무 지나칩니다. 여하튼 원칙대로 하세요. 너무 많이 인내했습니다.""

기본적인 상식과 선을 넘은 이스라엘의 행태에 대해 주권 국가로서 당당하게 항의하고 대응할 것을 지시한 이재명 대통령. 우리 국민의 생명과 국가의 자존심이 걸린 긴박했던 국무회의 실황을 영상으로 직접 확인해 보시기 바랍니다.",2026-05-25T02:00:32Z,14049,365
aylGYuAuCqQ,성범죄 무고 새로운 대처법,변호사 강민성,"상담문의 : https://forms.gle/vQQ5EwNYdQdoHZrz6
변호사이기 전에, 저도 한 명의 남자입니다.
이 채널은 ‘앞으로 조심 합시다’라는 말로 적당히 타협하려는 곳이 아닙니다.
이미 고소를 당했거나, 성범죄·무고·이별·이혼 문제 한 가운데에 서 있는 사람들을 위한 채널입니다.

한 명의 남자로서 현실을 이해하는 시선으로,
한 명의 변호사로서 기록과 법으로 끝까지 싸웁니다.

성범죄 무고, 스토킹, 폭력, 위자료·이혼 싸움까지.
이미 일이 벌어졌다면, 여기서부터는

얼마나 덜 망가질지, 어디까지 뒤집을지의 싸움입니다.
그 싸움을 함께 마지막까지 설계해 드리겠습니다. 

#성범죄무고 #성범죄전문변호사 #무고죄",2026-01-14T02:09:39Z,2117,36
co64UIafvvQ,경찰과 대화하는 3가지 기술 | 경찰을  000 대하듯이 해라,아는 변호사 ,"#경찰조사 #경찰진술 #고소시대처법

고소장을 받고 억울하신가요? 자 이제 여러분은 그 억울함을 경찰조사 과정을 통해 풀어내야 합니다. 경찰조사시 경찰과 대화하는 방법은 일반인과 대화하는 경우와 완.전.히 다릅니다. 경찰조사시 이 3가지 방법을 반드시 가슴에 새기고 진술의 방향을 잡으시기 바랍니다. 모르면 땅을 치고 후회할 대화의 기술입니다.

경찰조사 10계명 영상과 함께 보시면 더욱 좋습니다.

👉 아는변호사의 흔들림없는 컨설팅 
아는변호사.com
https://www.xn--sh1by6qc8cl3fcuz.com/

👉 아류논어 구매 (휴유재)
https://www.xn--sh1by6qc8cl3fcuz.com/product/cc6f9a8c-b855-4e1c-90bb-2842a2c9dd06

👉 아류논어 구매 (네이버 스토어)
https://smartstore.naver.com/knowlawyer/products/5446391749?NaPm=ct%3Dkqd294kg%7Cci%3D3e7bd8bf981607936e671bf1f7d41ba0c1cd7fa1%7Ctr%3Dsls%7Csn%3D1171735%7Chk%3D95eb2f1ef4d11af8fd2375d6d0df56fa99056368



매주 토요일 10시 EBS 오천만의 변호인, 공자는 모라고 했을까?
매주 월요일 저녁 9시 정기라이브

1. 오프라인 및 온라인 강의 교육 

네이버 카페 아는 변호사에서 
결혼은 신중하게, 이혼은 신속하게, 예비군인학교, 아류논어  등
아변의 다양한 교육을 만나실 수 있습니다. 
https://cafe.naver.com/knowlawyer

2. 아변의 첫번째 인생 이야기 : 아 변 정 수

[공부, 이래도 안되면 포기하세요] (위즈덤하우스), 2020. 2. 20.발행
전국 서점에서 절찬리 판매중!!

[결혼은 신중하게, 이혼은 신속하게] (21세기북스). 2021. 3. 8. 교보 인터넷 서점 예약판매

3. 생각의 힘, 아류논어

가. 네이버 스마트 스토어 + 서브노트
https://smartstore.naver.com/knowlawyer/products/5446391749?NaPm=ct%3Dkqd294kg%7Cci%3D3e7bd8bf981607936e671bf1f7d41ba0c1cd7fa1%7Ctr%3Dsls%7Csn%3D1171735%7Chk%3D95eb2f1ef4d11af8fd2375d6d0df56fa99056368

나. 채널멤버십
채널에 가입하여 아류논어로 나를 세우세요.
서브노트는 별도로 제공되지 않습니다",2022-02-17T03:30:12Z,375623,9449
PlL1sEGKnW4,⚠️ 이럴 때 무고죄 됩니다! 깜짝 놀랄 무고죄 성립 요건과 실제 처벌 사례 (성범죄 무고 주의!),「이기는 박변」 박원경 변호사,"고소를 앞두고 계시거나, 혹은 고소를 당해 억울함을 호소하고 계신 분들이라면 오늘 영상은 필수 시청입니다. 많은 분들이 '혹시 내가 무고죄가 되는 건 아닐까?', '상대방이 무죄를 받으면 내가 무고죄로 처벌받나?' 하는 걱정을 하시는데요.

안녕하세요, 이기는박변의 박원경 변호사입니다.

오늘은 현직 변호사가 무고죄가 정확히 무엇인지, 어떤 경우에 성립하고, 어떻게 하면 무고죄를 피할 수 있는지를 실제 사건 사례와 함께 자세히 알려드립니다. 특히 성범죄 사건에서 발생하는 무고죄의 충격적인 실형 사례까지 분석하여, 여러분의 궁금증을 속 시원하게 해결해 드리겠습니다.

🚨 영상 핵심 내용 요약

- 무고죄, 과연 어떤 경우에 성립할까요?
- 고소인이 무고죄로 처벌받는 의외의 상황들
- 절대 하지 말아야 할 고소 방법
- 무고죄를 피하는 현명한 고소 전략
- 실제 무고죄 처벌 사례로 배우는 교훈

00:00 인트로: 무고죄, 왜 이렇게 걱정할까요?
01:24 [핵심] 무고죄, 생각보다 쉽게 성립하지 않습니다! (무고죄 성립 조건)
02:26 [무고죄 사례 1] 코호트 격리 지원금 미지급 사건: '횡령' 단어 하나로 무고죄가?
03:07 '가로챘다'는 표현의 법적 의미 (위험성)
04:06 고소인의 안일한 태도, 무고죄 부르다
04:57 진술 번복 거부의 치명적 결과
05:51 [무고죄 사례 2] 성범죄 무고 사건: 숨겨진 진실이 부른 '실형'과 '법정 구속'
06:26 준강간 고소, 하지만 고소장에 숨겨진 진실은?
07:10 남성 측의 객관적 증거 제시 (반전!)
07:57 여성의 무리한 대응 & 민사 소송까지
08:52 핵심: 중요 사실 은폐의 치명적 결과
10:06 무고죄, 절대 가볍게 생각하지 마세요!

억울한 고소, 무고죄 처벌이 쉽지 않은 이유를 안내해 드립니다.
https://youtu.be/ox_gni-KL2Q?si=CguybCnbJ8555R-8

* 상담안내

법률상담 및 1:1상담 안내 : 02-3481-9871
카카오톡 1:1채팅 https://open.kakao.com/o/s2V1KQLc
법률상담카페 https://cafe.naver.com/expresslaw

자세한 상담을 원하시면 편하신 플랫폼을 이용해서 연락주시길 바랍니다.

#무고죄 #무고죄성립 #무고죄처벌 #무고죄사례 #성범죄무고 #고소시주의사항 #법률상담 #변호사 #박원경변호사 #법무법인 #형사사건 #형사고소 #억울함 #법률정보 #유튜브법률",2025-07-02T11:00:44Z,10268,170
s1oI9ZTSCdo,"녹취록에 덜미…성폭행 피해 주장 20대, 무고죄 징역형 / JTBC 사건반장",JTBC News,"채팅앱을 통해 만난 상대방을 성폭행 혐의로 무고한 여성이 실형을 선고 받았습니다. 홀로 선고공판에 출석한 여성은 법정구속되자 당황한 모습을 보이기도 했습니다.

#사건반장
☞JTBC유튜브 구독하기 (https://bit.ly/2hYgWZg)
☞JTBC유튜브 커뮤니티 (https://bit.ly/2LZIwke)

#JTBC뉴스 공식 페이지
(홈페이지) https://news.jtbc.joins.com
(APP) https://bit.ly/1r04W2D

페이스북 https://www.facebook.com/jtbcnews
트위터 https://twitter.com/JTBC_news
인스타그램 https://www.instagram.com/jtbcnews

☏ 제보하기 https://bit.ly/1krluzF
방송사 : JTBC (https://jtbc.joins.com)",2022-02-07T10:17:20Z,4145511,28542
2xE00wGzy1M,[필독] 성범죄무고대응 남자지침서 (1타강사가 알려줍니다),좋은변호사 - 남녀문제연구소 [안변TV],"이제는 뭉칩시다. 억울이 카페 : 가입자수2150(3천명까지 850) 
https://cafe.naver.com/innocentman911

이 영상 꼭 2회독 하세요!
----------
너무 두려워하지 마십시오. 어떤 일이 벌어지고 어떻게 처리해야 할지 모두 잘 알고 있습니다.
억울하고 어려운 형사 사건, '좋은변호사'가 당신의 편이 되어 드리겠습니다.

✔상담신청방법 : 홈페이지 https://goodlawyerahn.com 상담예약 클릭

✔전화예약문의:02-588-8004 (평일 9시~ 6시)

✔블로그(형사) : https://blog.naver.com/lawyerahn8535


#고소 #성범죄전문변호사 #성범죄 #준강간죄 #준강제추행 #무고죄 #성범죄무고 #성범죄변호사 #안세훈변호사




채널에 가입하여 혜택을 누려보세요.
https://www.youtube.com/channel/UCqgxgvu-AV4wy8q5uNPSZvQ/join",2024-09-05T13:49:57Z,54423,2582
qRlzNewkCDY,경찰조사 10계명 | 경찰은 절대 내편이 아니다,아는 변호사 ,"#경찰조사  #고소당했을때대처법

조사참여를 하다보면 다양한 일을 겪게 됩니다. 이번 영상은 제가 조사 참여를 하면서 느꼈던 '조사참여시 반드시 알아야 할 것들'을 정리한 것입니다. 저는 모두 10개를 나열했지만 여러분들이 개별사안에서 선별해서 시전하시면 될 것입니다. 내 권리는 아무도 지켜주지 않습니다. 부디 여러분들이 형사사건에 연루되는 일이 없으시기를 바라며 재미삼아 들어보시면 되겠습니다. 또 연루되더라도 너무 걱정하지 마십시오. 감옥은 아무나 가는 것이 아닙니다. 

[10계명] 

1. 당황하지 마라
2. 시간을 벌어라
3. 고소장을 확보하라
4. 공격범위를 확정하라
5. 경찰관은 내 편이 아니다
6. 조서는 꾸미는 것이다
7. 영상녹화
8. 경찰관은 판사가 아니다
9. 조서열람을 꼼꼼히 해라
10. 쓸데 없는 말은 하는 것이 아니다

1. 오프라인 및 온라인 강의 교육 

2020. 11. 21. 토요일 14:00 아류논어(태백편) 오프라인 강의
네이버 카페 아는 변호사에서 
결혼은 신중하게, 이혼은 신속하게, 예비군인학교, 아류논어  등
아변의 다양한 교육을 만나실 수 있습니다. 
https://cafe.naver.com/knowlawyer

2. 아변의 첫번째 인생 이야기 : 아 변 정 수

[공부, 이래도 안되면 포기하세요] (위즈덤하우스), 2020. 2. 20.발행
전국 서점에서 절찬리 판매중!!

3. 아류논어

채널에 가입하여 아류논어로 나를 세우세요.
새로운 업로드는 1달에 1번
서브노트는 별도로 제공되지 않습니다",2020-12-04T03:00:11Z,519409,18672
MikbGE4YClE,"[자막뉴스] ""당신 무고로 피해자가 감옥 갈 수 있었다고요!"" 판사의 불호령 (2023.07.06/MBC뉴스)",MBCNEWS,"#무고 #불호령 #서울중앙지법 ⓒ MBC&iMBC 무단 전재, 재배포 및 이용(AI학습 포함)금지",2023-07-06T01:41:19Z,2590181,24084
Sns5h1_Dz90,성범죄 무혐의 입증 : 억울한 강제추행·강간 고소에서 살아남은 결정적 증거,팁변TV  - Lawyer TIP,"본 영상은 억울하게 강제추행이나 강간 혐의로 고소당해 무혐의 입증을 위한 결정적 대처법을 찾는 피의자 당사자를 위한 실전 변론 가이드입니다. 감정적 호소만으로는 무죄를 증명할 수 없으니, 실제 불기소 처분을 받아낸 실제 사례별 이유를 통해 핵심 전략을 반드시 확인하시기 바랍니다.

이번 시간에는 무혐의 처분을 받았던 성범죄 사건들, 왜 무혐의를 받았었는지, 어떠한 주장이 가장 결정적 역할을 했었는지 결과를 놓고 비교해 설명해드리려고 합니다. 모든 성범죄 사건의 무혐의 처분에는 결정적인 이유는 꼭 한가지 씩은 있었습니다. 

01:09 처음 신고한 이유가 결정적 무혐의 사유였던 강제추행 사건 2가지 사례
05:05 범행이 객관적, 물리적으로 불가능하였던 강제추행 사건 2가지 사례
06:01 발기부전이었던 경우 변호인 주장내용
08:10 시간상 범행이 불가능한 경우 변호인 주장내용
12:07 사건 직후 피해자 태도가 결정적 무혐의 사유였던 강간죄 사건 2가지 사례
12:30 범행 후 팔짱을 꼈다?
14:05 무죄를 주장하는 경우 구체적인 주장 방법
16:31 CCTV가 없는 경우 대체할 무죄 주장 방법
18:45 무혐의를 받았던 6가지 성범죄 사건의 시사점


PERFORMER 이동건 변호사(LK법률사무소)
CONTACT TEL 02-2138-8310 EMAIL ldg@lklawoffice.co.kr


#성범죄무혐의 #성범죄무고 #강제추행무혐의 #강간무혐의 #형사전문변호사 #팁변TV",2022-09-29T15:00:16Z,26742,302
9LmoMnzBcHI,성범죄 무고 역관광 성공기.. 인줄 알았죠?! 무고 형량이 이거 밖에 안된다고?!,좋은변호사 - 남녀문제연구소 [안변TV],"---------
너무 두려워하지 마십시오. 어떤 일이 벌어지고 어떻게 처리해야 할지 모두 잘 알고 있습니다.
억울하고 어려운 형사 사건, '좋은변호사'가 당신의 편이 되어 드리겠습니다.


✔상담신청방법 : 02-588-8004 (평일 9시~ 6시)

✔홈페이지: https://goodlawyerahn.com

✔블로그(형사) : https://blog.naver.com/lawyerahn8535



#성범죄무고 #고소 #성범죄전문변호사 #성범죄 #준강간죄 #준강제추행 #안세훈변호사 #무고죄 #무고역고소


채널에 가입하여 혜택을 누려보세요.
https://www.youtube.com/channel/UCqgxgvu-AV4wy8q5uNPSZvQ/join",2024-06-15T13:13:08Z,114599,2699
9ELcDEr5WQ0,"성범죄 변호사] 성범죄 경찰조사, 모의조사. 이렇게 조사받으면 100% 검찰로 넘어갑니다 (경찰조사 잘 받는 법) | 형사전문변호사 장현오",변호의 정석,"안녕하세요, ‘변호의 정석’ 성범죄 변호사 장현오입니다.

이번 콘텐츠에서는 성범죄 경찰조사가 어떻게 이루어지는지에 대해 알아보겠습니다.
해당 의뢰인께서는 썸 타는 관계의 여성에게 억울하게 강제추행으로 고소를 당했는데요, 
저희 로펌에서 모의조사를 통해 실제 경찰조사에서 나올 질문과 옳은 답변, 그리고 하지 말아야 할 답변 등 꼼꼼한 사전 준비를 하여 불기소 처분을 받았습니다.

00:00 하이라이트
00:27 Intro(사건 브리핑)
01:03 실제 경찰조사 전 모의조사
08:22 경찰조사에서 수사관이 자주 하는 수사 방법
10:24 경찰조사에서 묵묵부답하면 안 되는 이유
11:26 *중요* 경찰조사 시 이렇게 진술하면 망합니다
13:37 변호사&모의조사 없이 사건이 진행되면 벌어지는 일

형사 사건으로 억울한 상황에 처하신 분은 언제든 연락 주시면 도움 드리도록 하겠습니다.

📍SK법률사무소 홈페이지 : bit.ly/3UKehSZ
📍SK법률사무소 대표전화 : 0507-1381-6341
🔍카카오톡 채널 예약문의 : pf.kakao.com/_psGnG
🔍네이버 예약문의 : naver.me/x95romkg

#성범죄변호사 #성범죄경찰조사 #강제추행경찰조사 #모의조사 #성범죄조사 #강제추행고소 #꽃뱀 #부천변호사추천 #부천변호사  #변호사선임 #성범죄전문변호사 #형사전문변호사 #장현오변호사 #서울대변호사",2025-01-15T01:48:02Z,12949,2333
jblIRqZiJgA,성범죄 사건에서 무죄를 주장할 수 있는 단 3가지의 경우 알려드립니다｜검사 출신 형사전문변호사 용성호,형사전문변호사,"👉 법무법인 에이파트 형사전담센터 : https://bit.ly/4dBnQg7
👉 상담신청 : https://bit.ly/45pSIhi
👉 전화문의 : 070-7174-2392

오늘은 성범죄 사건에서 무죄를 주장할 수 있는 
단 3가지의 경우에 대해 알려드리겠습니다. 

⏰ 타임스탬프 ⏰
00:22 오늘의 주제
01:45 첫 번째 경우
03:54 두 번째 경우
07:13 세 번째 경우
08:50 마무리 
-

마약 전담 검사 출신, 군검사 출신 등 형사 전문 변호사들이 운영하는
법무법인 에이파트 형사전문센터 유튜브 채널입니다.

상담이 필요하시거나 궁금하신 점이 있으시면
위 경로로 문의 부탁드립니다.",2025-05-28T09:01:10Z,12630,103
gi3jLUXGKf8,여자는 강제추행해도 절대 입건도 안 되는 더러운 현실...,좋은변호사 - 남녀문제연구소 [안변TV],"#기울어진운동장 #강제추행
---------
너무 두려워하지 마십시오. 어떤 일이 벌어지고 어떻게 처리해야 할지 모두 잘 알고 있습니다.
억울하고 어려운 형사 사건, '좋은변호사'가 당신의 편이 되어 드리겠습니다.


✔상담신청방법 : 홈페이지: https://goodlawyerahn.com 상담예약 버튼!

✔억울이 카페: https://cafe.naver.com/innocentman911

✔블로그(형사) : https://blog.naver.com/lawyerahn8535
✔블로그(이혼) : https://blog.naver.com/browne8535


#성범죄무고 #고소 #성범죄전문변호사 #성범죄 #준강간죄 #준강제추행 #안세훈변호사 #무고죄 #무고역고소



채널에 가입하여 혜택을 누려보세요.
https://www.youtube.com/channel/UCqgxgvu-AV4wy8q5uNPSZvQ/join",2025-02-15T14:55:50Z,361316,6970
hgNwxg5Et2w,"'성폭행 무고'에 경찰 '엉터리 수사', 감옥살이까지 했는데… / JTBC 사건반장",JTBC News,"지금으로부터 5년 전인 2018년 10월, 광주광역시에서 한 남성이 긴급 체포됐습다. 혐의는 전 여자친구를 납치 감금해 성폭행했다는 겁니다. '전 여친이 새빨간 거짓말을 하고 있다' 남성은 이렇게 항의했지만 경찰은 아랑곳하지 않았고 결국 남성은 감옥에 갇히게 됐습니다.

[손모 씨/누명 쓴 청년 : 내가 그때 창살 안에서 감옥 안에서 무릎을 꿇고 하늘만 바라보고 있었어요. 눈에서 이렇게 막 눈물이 막 그렁그렁해요… 이거 이제 어떡하냐고…]

그런데 이 사건, 큰 반전을 맞이합니다. 남성의 어머니가 사건 현장에서 CCTV를 찾아냈고, 영상 속에는 전 여자친구의 주장과는 전혀 다른 상황이 담겨있었습니다. 바로 폭행을 당한 건 여성이 아닌 남성이었던 거죠. 지금으로부터 5년 전에 벌어진 이 사건, 과연 그 결말은 어떻게 됐을까요?

▶ 시리즈 더 보기 https://www.youtube.com/playlist?list=PL3Eb1N33oAXhyGnsc4PYRuDlonNBlpnfg

본방 후 유튜브에서 앵커들과 더 가까이! 
☞JTBC 모바일라이브 시청하기 https://www.youtube.com/@jtbc_news/streams

☞JTBC유튜브 구독하기 (https://www.youtube.com/user/JTBC10news)
☞JTBC유튜브 커뮤니티 (https://www.youtube.com/user/JTBC10news/community)

#JTBC뉴스 공식 페이지
(홈페이지) https://news.jtbc.co.kr
(APP) https://news.jtbc.co.kr/Etc/SmartPhoneReport.aspx

페이스북 https://www.facebook.com/jtbcnews
트위터 https://twitter.com/JTBC_news
인스타그램 https://www.instagram.com/jtbcnews

☏ 제보하기 https://news.jtbc.co.kr/Etc/InterNetReport.aspx
방송사 : JTBC (https://jtbc.co.kr)",2023-11-29T12:07:37Z,2017031,20488
0Cox0G6e5y8,형사사건 합의?! 이 영상보면 무조건 도움됩니다! | 성범죄 합의 | 형사합의 | 적정합의금액,변호사 장혜진,"법무법인 선 장혜진 변호사입니다.

📌 형사사건, 특히 성범죄 사건에서 합의는 결과를 좌우하는 중요한 요소입니다.
하지만 합의금은 얼마가 적정한지, 합의를 꼭 해야 하는지, 상대방이 합의에 응하지 않을 때 어떻게 해야 하는지 막막하실 수 있습니다.

이번 영상에서는
✔ 형사합의가 결과에 미치는 영향
✔ 적정 합의금 산정 기준
✔ 합의에서 변호사의 역할

형사사건으로 고민 중이시라면 꼭 시청해 보세요.
법률 상담이 필요하시다면 댓글로 질문도 남겨주세요.

사건상담 문의
- 전화: 02-6231-5500
- 로톡: bit.ly/lawtalk_jang
- 상담신청: https://bit.ly/suhn

[타임스탬프]
00:00 인트로
00:32 형사사건에서 합의하는 이유?
01:20 합의하면 처벌 피한다!?
02:46 합의하는게 무조건 좋다?
03:59 합의 과정에서 변호사의 역할은?
08:40 기억에 남는 형사합의는?
11:10 적정한 합의 시기는?
12:43 적정한 합의 금액은?
15:09 마무리",2025-09-01T08:00:01Z,11401,218
UeNvy-8-5pI,"성추행, 성폭행, 성희롱(강제추행), 정확히 알고 대응하기(40년 만에 바뀐 대법원 판례 포함)",후니로TV-김기훈 변호사,"안녕하세요, 후니로TV 김기훈 변호사입니다.

'강제추행죄'는 성범죄 중 가장 흔한 범죄 중 하나 입니다.

죄명만 보면 정말 특별한 경우에만 인정될 것 같지만
최근 대법원 판단으로 인하여 강제추행죄 인정 범위가 더 넓어졌습니다.

오늘은 강제추행죄가 무엇인지는 물론, 
성범죄라는 특수성으로 함께 고려해야 할 점까지 설명 드리고자 합니다.

#강제추행, #고소, #성폭력

상담문의 : 02-567-5189 (대면상담 원칙, 일정 조율)
자료전달 : kihoon.kim@duksu.co.kr (상담에 필요한 자료 사전 전달)
홈페이지 : https://duksu.co.kr (법무법인 덕수)
                   http://legalsolutions.kr (보험분쟁솔루션)


본 영상은 일반인의 관점에서 법률문제에 대하여 쉽게 이해할 수 있도록 설명하는 것에 중점을 둔 것임을 알려드립니다.

또한 영상에서 설명하는 법률적 해석 등은 일반적인 경우에 대한 본 변호사의 의견으로서, 사안의 구체적 사실과 관련 자료 등에 따라 그 해석이 달라질 수 있습니다.
따라서 영상에서 언급된 내용이나 댓글 답변 등과 관련하여 본 변호사의 법률적 책임이 없음을 고지해드립니다.",2023-12-05T10:00:31Z,10814,151
UHsnXDp4h9I,인생 망하게 하는 무고죄 처벌 되는 경우 vs 안 되는 경우,"진짜변호사, 진변","인생 망하게 하는 무고죄 처벌 되는 경우 vs 안 되는 경우

안녕하세요, 진보라 변호사입니다
성범죄에 연루되면 정신적으로도 고통이 상당합니다.
그 이후에 무죄가 나온 경우, 상대방을 무고죄로 고소하고 싶다고
문의 주시는 경우가 있습니다. 그런데 무고죄는 이럴 때만 인정이 됩니다.
오늘은 무고죄 인정 가능한 경우와 그렇지 않은 경우에 대해서 대해서 알아보도록 하겠습니다.

📞전화 상담(유료) :  010-5084-5205
✔블로그 : https://blog.naver.com/jpurpur303

00:00 오늘의 주제
00:24 무고죄 성립되는 경우 vs 안 되는 경우
01:51 죄명을 잘못 기재해도?
02:31 무고죄 형량
03:13 성범죄 허위 고소, 처벌 가능?
04:10 무고죄 인정된 사례
05:46 무고죄로 억울하게 관련되었다면

#무고죄 #무고죄참교육 #성범죄무고 #성범죄무혐의 #무고죄처벌 #무고죄형량 #성범죄무죄 #억울하게고소#성범죄로고소 #억울한성범죄 #억울한남자 #무고죄고소방법 #무고죄성립사례 #무고죄성립요건 #무고죄이진욱",2024-11-03T11:00:28Z,12998,178
Vd6VbgPfIEE,검사 출신 변호사가 느낀 성범죄 수사의 함정 폭로합니다 [무고사건 몰아보기],용희주도한 최변 [검사출신 변호사],"※영상에 나온 내용을 그대로 따라하거나 내 사건에 바로 대입시키는 것은 매우 위험합니다.
*나의 상황에 맞는* 대응이 무엇인지 반드시 전문가와 상담 후 결정하시기 바랍니다.※

ㅡ

의뢰인들을 돕다 보면, 억울한 고소로 인해 누구나 순식간에 '성범죄자'로 몰릴 수 있다는 사실이 얼마나 무서운 일인지 실감하게 됩니다.

실제 사례를 통해 성범죄 무고가 반복되는 원인을 살펴보고, 사건에 휘말렸을 때 어떻게 대처해야 하는지 정리드립니다.

0:00 무고 사건이 끊이지 않는 이유
10:05 대법원 무고 사건 판례
15:07 여자의 말은 진리다?
27:00 변호사님도 당할 뻔한 무고사건
37:00 50대 남성의 무고 사건 사례

#무고죄 #형사전문변호사 

🤵 진심으로 당신의 이야기를 들어주는 변호사가 필요하다면
카톡 상담 문의: http://pf.kakao.com/_yxnIxeK/chat
전화 상담 문의: 010-4823-6116

🕯 최용희 변호사의 변호 철학이 궁금하다면 
블로그: https://blog.naver.com/yongheechoe/223369022936",2025-11-24T07:00:25Z,6038,96
GWTeST8OHkE,성인지감수성으로 성범죄 유죄판결하던 재판부가 달라진 이유는? [신법률 상식사전],신신당부 | 신중권변호사,"#신중권 #문상식 #변호사 #성범죄 #피해자다움 #성인지감수성

구독하기, 좋아요 꼭 눌러주시고
댓글과 공식 이메일로 궁금하신 점 많이 많이 보내주세요 ^^ 
 
신중권 문상식 변호사의 신법률 상식사전
▶ 전화상담 : 법무법인 거산 02-2607-7123
▶ 공식 이메일 주소 : newdangbu@gmail.com",2024-03-31T08:30:03Z,15202,383
CF_-GTj6fTE,성범죄 신고 이 3가지 모르면 무고죄로 고소 당합니다.,용희주도한 최변 [검사출신 변호사],"“변호사님, 저 성추행 신고 했는데 역고소 당했어요.. 어떡하죠?”

성범죄를 당해서 신고를 했는데, 오히려 역고소를 당해서 당황한 목소리로 전화가 오셨던 한 의뢰인 분이 계셨습니다.

이야기를 듣다보니 ‘이것’을 꼼꼼히 신경쓰지 않아서 생긴 문제였는데요.

그때 피해자분들이 ‘이것’의 중요도를 잘 모르신다는 것을 깨달았습니다.

포털 사이트에 검색을 해보면 성추행 신고를 당했을 때의 이야기는 많지만, 피해자를 위한 이야기는 많이 없어서 안타까웠는데요.

그래서 이번 시간에는 저의 경험을 바탕으로 성범죄 신고를 할 때 신경써야 하는 ‘이것’에 대해서 말씀드려보려고 합니다. 여러분들이 더이상 고통받지 않으셨으면 합니다.


#성범죄 #무고죄 

🤵 진심으로 당신의 이야기를 들어주는 변호사가 필요하다면
카톡 상담 문의: http://pf.kakao.com/_yxnIxeK/chat
전화 상담 문의: 010-4823-6116

🕯 최용희 변호사의 변호 철학이 궁금하다면 
블로그: https://blog.naver.com/yongheechoe/223220538181",2024-02-16T08:30:03Z,5673,100
cFNPut1KHYI,"성추행 고소 당했을 때, '이렇게' 하면 법적 대응이 쉬워집니다. (#검사출신변호사)",용희주도한 최변 [검사출신 변호사],"""성추행으로 고소를 당했는데 너무 억울해요.""
""이럴 때 어떻게 대응해야 할지 모르겠어요.""

성추행으로 고소를 당해 억울하고 당황스러운 마음, 충분히 이해합니다. 이런 상황에서는 어떻게 대응해야 할지 막막하시죠?

저도 15년간 검사, 변호사로 일하면서 비슷한 상황에 처한 분들을 많이 만나봤습니다. 성추행 고소는 매우 민감한 문제이므로 정확한 대응이 필요합니다.

이번 영상에서는 성추행으로 억울하게 고소를 당했을 때 대응 방법과 주의사항을 자세히 알려드리겠습니다. 여러분도 이 정보를 통해 어려운 상황에서 현명하게 대처하시길 바랍니다.

#성추행 #성범죄변호사

🤵 진심으로 당신의 이야기를 들어주는 변호사가 필요하다면
카톡 상담 문의: http://pf.kakao.com/_yxnIxeK/chat
전화 상담 문의: 010-4823-6116

🕯 최용희 변호사의 변호 철학이 궁금하다면 
블로그: https://blog.naver.com/yongheechoe/223369022936",2024-07-05T08:30:14Z,4582,68
8dczh8aJnYY,강제추행 실형 가능성 진단 : 구속 실형 피하는 죄질 판단 기준,팁변TV  - Lawyer TIP,"본 영상은 강제추행 혐의로 입건되어 '죄질 불량'으로 실형이나 법정 구속 위기에 처한 피의자 당사자를 위한 실전 구속 방어 가이드입니다. 조사, 재판을 앞두고 내 사건의 구속, 실형 가능성이 궁금한 경우 시청하여 홀로 어설프게 대응하다가 징역형을 선고받는 최악의 상황을 피하시기 바랍니다.

죄질이 안 좋은 강제추행 사건들이 있죠. 그런데 어떤 경우가 죄질이 안 좋은 것인지 잘 모르겠다면 영상을 통해 확인하실 수 있습니다. 강제추행죄로 구공판 된 사안들 총 7건의 특징과 실제 판결문을 통해 출구 전략이 있는 지까지 확인하세요~!

01:03 강제추행 약식기소와 정식기소의 차이점
02:35 강제추행 정식기소되는 경우
09:24 동종전력이 있는 경우 출구전략
14:50 피해자수, 범행횟수 다수인 경우 출구전략
16:02 2차 가해, 엄벌탄원 있는 경우
19:08 반성과 피해회복 노력 없는 경우
21:53 죄질이 나쁜 강제추행 사건의 공통점 정리

#강제추행징역 #강제추행실형 #강제추행구속 #강제추행죄질 #형사전문변호사, #LK법률사무소, #이동건변호사, #강제추행죄, #강제추행, #성추행처벌수준, #강제추행처벌수준

PERFORMER 이동건 변호사(LK법률사무소)
CONTACT TEL 02-2138-8310 EMAIL ldg@lklawoffice.co.kr",2023-03-21T15:00:06Z,36288,286
u7LaJN3EL4I,"성범죄 무고 이렇게 대처하세요! 실제 사례부터 특별한 무죄 전략까지 알려드립니다! | 성범죄, 무고죄, 성범죄대처, 법률조언, 변호사추천 | 법무법인DH | 정성원 변호사",정변TV : (법무법인DH),"성범죄 무고 사건은 누구에게나 일어날 수 있는 심각한 문제입니다.
억울한 상황에 놓였을 때 감정적으로 대응하면, 오히려 상황이 더 나빠질 수 있습니다.
이럴 때일수록 차분하게 문제를 풀어나갈 전략이 꼭 필요합니다.

이번 영상에서는 성범죄 무고와 관련된 실제 사례를 통해
사건이 어떤 과정으로 진행되는지 알아보고,

억울한 상황에서 벗어나기 위한 구체적인 방법을 알려드립니다.
또한 현실적으로 도움을 줄 수 있는 법적 대응 전략까지 상세히 설명해 드립니다.

성범죄 무고 사건은 혼자 해결하기에 너무 복잡하고 부담이 큰 경우가 많습니다.
이럴 때는 전문가와의 상담을 통해 문제를 정확히 이해하고,
올바른 방법으로 대처하는 것이 매우 중요합니다.

억울한 상황을 해결하고 진실을 밝히고 싶으시다면
이번 영상을 끝까지 시청하시고 실질적인 도움을 받아보세요.

추가로 궁금한 점이나 도움이 필요하다면,
언제든지 댓글이나 전화를 통해 문의해 주세요.
정성원 변호사 (법무법인 DH 대표변호사) 1668-3151",2024-12-02T11:00:59Z,4938,188
F6c_Aq-Npdg,"원나잇 5원칙, 이것만 지켜도 고소확률 97% 낮춥니다",법대로하네,"원나잇에서 성범죄 고소가 가장 많이 발생됩니다.
요즘은 성범죄 무고 사건도 정말 발생을 많이 하는데요.
서로가 합의하에 한 원나잇이라면, 이 5가지만 지켜도 성범죄 고소 확률을 97% 낮출 수 있습니다.
미혼 남성들 특히 이 영상 끝까지 보세요.

===========================
⏰ 타임 코드 ⏰
0:00 원나잇 5원칙, 성범죄 무고 피하는 법
0:30 첫 만남
2:22 예열 단계
8:04 절정 단계
10:33 정리 정돈
11:25 사후 단계

===========================
⬇️ 구환옥 변호사 이력 확인하기 ⬇️
- 경찰대 출신, 경찰 출신 변호사 (현. 법률사무소 한해 대표변호사)
- Top5 대형 로펌 출신
- (전) 서울지방경찰청 수사과 수사2계 공공범죄수사팀
- (전) 서울수서경찰서 경제범죄수사팀

✅ 빠른 상담하기 : https://url.kr/r7fprm

#성범죄무고 #성범죄 #원나잇 #성범죄고소 #원나잇고소 #성범죄사건 #성추행",2025-02-04T10:15:01Z,502930,5793
RcyfTndrlYY,실제 한일 커플이 말하는 국제 결혼의 현실,한방언니,"결혼, 연애에 대한 모든 고민을 시원하게!!
커플매니저 16년 경력의 결혼정보대표가 함께 소통하는 이야기 공간!
💘상담 문의: https://noblemariage.com/consulting/?v=RcyfTndrlYY

💬 카카오톡 상담 : https://pf.kakao.com/_dvVxgT
※카카오톡 상담 시 사칭 계정 주의!
※카카오톡 상담은 반드시 링크로만 추가해 주세요! (검색 ❌ / 아이디 입력 ❌)

📞대표번호 : 1522-7555
 
※ 본 영상 내용은 개인적인 사견임을 밝힙니다",2026-01-03T09:00:39Z,419241,6574
dRwB9eljD3w,결혼 후 돈 걱정 하기 싫으면 이런 여자랑 결혼하세요,한방언니,"결혼, 연애에 대한 모든 고민을 시원하게!!
커플매니저 16년 경력의 결혼정보대표가 함께 소통하는 이야기 공간!

💘 상담 문의 : https://noblemariage.com/consulting/?v=dRwB9eljD3w

💬 카카오톡 상담 : https://pf.kakao.com/_dvVxgT
※카카오톡 상담 시 사칭 계정 주의!
※카카오톡 상담은 반드시 링크로만 추가해 주세요! (검색 ❌ / 아이디 입력 ❌)

📞 대표번호 : 1522-7555

※ 본 영상 내용은 개인적인 사견임을 밝힙니다.",2025-08-17T03:00:47Z,251349,3232
Riu6YgnKGo8,일본 여자들이 한국 남자한테 끌리는 진짜 이유,한방언니,"결혼, 연애에 대한 모든 고민을 시원하게!!
커플매니저 16년 경력의 결혼정보대표가 함께 소통하는 이야기 공간!

💘 상담 문의 : https://noblemariage.com/consulting/?v=Riu6YgnKGo8

💬 카카오톡 상담 : https://pf.kakao.com/_dvVxgT
※카카오톡 상담 시 사칭 계정 주의!
※카카오톡 상담은 반드시 링크로만 추가해 주세요! (검색 ❌ / 아이디 입력 ❌)

📞 대표번호 : 1522-7555

※ 본 영상 내용은 개인적인 사견임을 밝힙니다.",2025-12-13T09:00:00Z,214865,4091
wLU44OSGqGI,일본 살면서 느낀 한국 보다 좋은 점들,ぱく家(박가네),"일본에 사는 한일부부가 일본의 다양한 정보를 투머치토크!
한국에서는 알 수 없는 시사/경제/생활/문화등의 정보를
일본 현지인의 시선으로 알기 쉽게 이야기합니다.

[촬영날짜] 2026년 5월16일


◆라이브(생방송)◆

매주 토/일에 토크 생방송을 진행하고 있습니다.
주말에는 일본 여러 동네를  여행하는 야외방송도^^


◆자기 소개◆

ー오상(박준식)ー
울산 출신 한국인, 2003년부터 일본거주, 교토대 졸업,
일본기업·외자계 기업 근무 경험, 일본어 네이티브 수준 

ー츄미코(박미사)ー
아이치/미에현 출신 일본인, 도시샤대 졸업,
나고야대 법대 중퇴, 전 항공사 승무원, 한국어 TOPIK 6급 취득


◆비즈니스 문의◆

parkgane84@gmail.com

※구체적인 조건이 적혀있지 않은 메일, 개인적인 메일은 답장하지 않은 점, 양해 부탁드립니다


◆후원하기◆

(투네이션)
https://toon.at/donate/636790796373914461

(멤버쉽 가입)
https://www.youtube.com/channel/UCpK0ae9lWdtyDi9Cdc1Fqeg/join


◆팬레터등의 주소◆

https://pf.kakao.com/_DGJxkxl
위의 링크에서 카톡을 보내주시면 사서함 주소를 알려 드리겠습니다.
(※ 답변은 일주일 정도 걸립니다)


#일본정보 #일본사회 #박가네",2026-05-23T23:00:00Z,209613,7176
8kynGHUAC_I,"""한일 커플이 대세"" 한국 남자와 결혼 후 일본 아내들이 가장 당황한 행동들 | 국경없는 수다 일본아내들 모아보기",어썸코리아 Awesome Korea,"10년 만에 최고치라는 한국남자-일본여자 국제결혼!
한국 남자와 일본 여자는 최고의 궁합이다?
한국 남자와 결혼한 일본여자들에게 직접 물어봤습니다 ㅋㅋ

00:00 한국인들만 가진 일본에 대한 이상한 환상
28:58 일본 아내들이 한국 남자와 직접 살아보고 느낀 의외의 문화차이

🎥함께 보기 좋은 영상 추천
https://youtu.be/9cKdwxD1sjY?si=qQMqd-YkbWy98UV4
https://youtu.be/CLQTff2Qvtw?si=ZA2Kl36BsQ-hcKba

#국경없는수다 #한국 #일본 #일본여행 
#외국인반응 #영국 #일본여자 #국제결혼 #한일부부

♥영상이 재미있으셨다면 구독 좋아요 부탁드립니다♥

어썸코리아 페이스북
👉🏻https://www.facebook.com/profile.php?id=100076075216745
어썸코리아 네이버클립
👉🏻https://clip.naver.com/@awesomewhy",2026-04-21T10:00:14Z,376176,5973
HHWLMhSohuc,"""한국 여자는 답이 없어요"" 일본 여자들 줄줄이 한국행. 한국 남자 인기 폭발하는 이유 | 권민정 부대표 통합 1부",떠먹여주는TV,"권민정 부대표님
[지노블]: https://gnoble.io.kr/
유튜브 채널[척언니]: www.youtube.com/@Chuck_Sister
[오픈채팅방]: open.kakao.com/o/sBNnwIqg
많은 사랑 부탁드립니다.

촬영일: 10월 23일

안녕하세요
세상의 모든 지식을
쉽게 이해할 수 있도록 전달드리는 '떠먹여주는TV'입니다

보다 전문성있는 콘텐츠를 제공해드리기 위해 콘텐츠 리뉴얼을 했습니다
이번에는 권민정 부대표님을 모시고 '결혼, 결정사'에 대한 흥미로운 이야기를 나눠봤습니다

이 영상이 도움이 되셨다면 '구독'과 '좋아요'를 꼭 눌러주세요
콘텐츠 제작에 큰 도움이 됩니다

출연신청 & 제휴 및 광고문의 : scooptv.contact@gmail.com


[지노블] 결혼 정보회사
유튜브 채널 [척언니] 운영",2025-11-04T04:00:28Z,123854,2755
0IQpJao9848,20대부터 40대 남자들이 어쩔수 없이 결혼을 미루는 이유...,한방언니,"결혼, 연애에 대한 모든 고민을 시원하게!!
커플매니저 16년 경력의 결혼정보대표가 함께 소통하는 이야기 공간!

💘 상담 문의 : https://noblemariage.com/consulting/?v=0IQpJao9848

💬 카카오톡 상담 : https://pf.kakao.com/_dvVxgT
※카카오톡 상담 시 사칭 계정 주의!
※카카오톡 상담은 반드시 링크로만 추가해 주세요! (검색 ❌ / 아이디 입력 ❌)

📞 대표번호 : 1522-7555

※ 본 영상 내용은 개인적인 사견임을 밝힙니다.",2025-08-20T09:00:02Z,144987,2022
RxCKNFeGRoc,[팩 보고드림] 일본여성이 한국남자와 결혼하고 싶은 이유 feat 초식남 절식남,팩스토리facstory,"2002년으로 기억합니다.
드라마 겨울연가가 방송되었는데 무지하게 인기 있었습니다.
남자 주인공은 바람머리 휘날리며 여주인공을 따뜻하게 안아줍니다. 사랑한다고도 말해줍니다.
여자들은 난리가 났습니다.
""어머~! 너무 멋있어~ 나도 저런 남자친구를 사귀고 싶어. 어디 저런 남자 없나?""
그해 남자 주인공의 머리 스타일이 대유행했습니다. 저도 그때 그 머리를 따라 했던 기억입니다.
일본에서도 난리가 났습니다.
KBS미디어는 이 작품을 한국 드라마 최초로 일본 공영방송 NHK에 수출한 사례로 소개하며, 일본 내 한류 열풍의 기폭제였다고 설명합니다.
반응은 숫자로 확인됩니다.
NHK 방영판은 겨울연가의 평균 시청률이 대체로 14~15% 수준, 마지막 회는 지역별로 20% 안팎 또는 그 이상을 기록했다고 전합니다.
처음에는 일본어 더빙판으로 방송되었습니다. 일본 여성들은 이렇게 말했습니다.
""성우 말고 욘사마의 진짜 목소리를 듣고 싶어요~! 얼마나 따뜻한 남자인지, 얼마나 부드러운 남자인지 알고 싶어요! 오리지널 판으로 다시 방송해 주세요!""
일본에서 사마(様, さま)”는 굉장히 높여 부르는 표현입니다.
욘사마는 단순한 애칭이라기 보다 존경과 호감이 섞인 표현이었습니다.
오리지널판을 틀어주자 또 난리가 났습니다.
""스고이~! 역시 욘사마 진짜 목소리가 훨씬 좋았어! 여기서 이러고 있을 때가 아니야... 한국으로 가봐야겠어!""
드라마에 빠진 수많은 일본 여성들이 한국으로 여행 왔습니다. 촬영지를 찾고 사진을 찍었습니다.
[특히 4~50대 여성을 중심으로 인기를 끌어 2004년 4월부터 10월 사이 한국행 일본인 관광객 수가 18만 7,000명이나 증가했다고 합니다.(출처 한국관광데이터)](4)
한국 드라마는 연이어 히트 쳤습니다.
대장금, 가을동화, 미남이시네요, 올인 등이 일본 여성들의 시선을 사로잡았습니다.
공통점이 있지요...
남자 주인공이 무지하게 잘생겼다는 것... 목소리가 좋다는 것
일단 잘생기고 목소리 좋은 남자 주인공이 감정 표현이 굉장히 부드럽고 풍부합니다.
여성에게 정중하고 헌신적이고 순정적입니다. 사랑한다는 말도 적극적으로 합니다.
이러니...
일본여성들은 한국 남자에 대한 판타지가 생겼습니다.
한국남자들이 모두 드라마 주인공 같을 것이라는 생각이 드는 것이지요
최근 일본 정부의 대외 여론조사는 일본인의 한국에 대한 친근감이 높아졌다고 합니다.
2024년 조사에서는 친근감이 56.3%, 2025년 조사에서는 54.7%로 집계됐습니다. (3)
특히 일본여성이 일본 남성보다 한국에 더 친근감을 보이고 있습니다.
일본여성은 드라마를 보고 k-pop을 보며 한국남성에 대한 환상이 생깁니다.
그리고 한국으로 관광을 갑니다. 거기서 한국 남자를 만납니다.",2026-04-01T09:00:00Z,30717,1025
cVZDsscuJXE,이런분은 일본 여성이랑 결혼 못합니다... Top 5,JM,"0:00 프리뷰
1:10 역사에 민감하신 분들...
3:57 메타인지가 좀 안 돼 있는 분들...
6:36 연락에 집착을 하시는 분들...
9:20 상담소 탓 하시는 분들...
12:00 항상 위만 바라보시는 분들...",2025-09-02T10:01:05Z,89585,1685
VEzRoKekNrI,비혼주의의 끝이 후회인 이유,한방언니,"결혼, 연애에 대한 모든 고민을 시원하게!!
커플매니저 16년 경력의 결혼정보대표가 함께 소통하는 이야기 공간!

💘 상담 문의 : https://noblemariage.com/consulting/?v=VEzRoKekNrI

💬 카카오톡 상담 : https://pf.kakao.com/_dvVxgT
※카카오톡 상담 시 사칭 계정 주의!
※카카오톡 상담은 반드시 링크로만 추가해 주세요! (검색 ❌ / 아이디 입력 ❌)

📞 대표번호 : 1522-7555

※ 본 영상 내용은 개인적인 사견임을 밝힙니다.",2025-07-13T03:00:35Z,626563,6754
kGX7zCPB_r4,30대 남자들이 결혼을 포기할 수 밖에 없는 이유,한방언니,"결혼, 연애에 대한 모든 고민을 시원하게!!
커플매니저 16년 경력의 결혼정보대표가 함께 소통하는 이야기 공간!

💘 상담 문의 : https://noblemariage.com/consulting/?v=kGX7zCPB_r4

💬 카카오톡 상담 : https://pf.kakao.com/_dvVxgT
※카카오톡 상담 시 사칭 계정 주의!
※카카오톡 상담은 반드시 링크로만 추가해 주세요! (검색 ❌ / 아이디 입력 ❌)

📞 대표번호 : 1522-7555

※ 본 영상 내용은 개인적인 사견임을 밝힙니다.",2025-01-12T03:00:40Z,743645,7630
y28QbaodQyw,요즘 한국 남자들은 왜 청혼을 안 하는 걸까,한방언니,"결혼, 연애에 대한 모든 고민을 시원하게!!
커플매니저 16년 경력의 결혼정보대표가 함께 소통하는 이야기 공간!

💘 상담 문의 : https://noblemariage.com/consulting/?v=y28QbaodQyw

💬 카카오톡 상담 : https://pf.kakao.com/_dvVxgT
※카카오톡 상담 시 사칭 계정 주의!
※카카오톡 상담은 반드시 링크로만 추가해 주세요! (검색 ❌ / 아이디 입력 ❌)

📞 대표번호 : 1522-7555

※ 본 영상 내용은 개인적인 사견임을 밝힙니다.",2025-08-24T03:01:05Z,800321,9064
KCOyva7wgVs,"""한국 여자는 이제 '독점'을 잃었습니다"" A급 남자들이 일본으로 떠나는 이유",척언니,"""중매의 신이 만드는 당신의 인생 2막""
지노블과 척언니가 여러분과 함께합니다.

▬▬▬▬▬▬▬▬▬▬▬▬영상 내에 음악 출처▬▬▬▬▬▬▬▬▬▬▬▬
🎵Music provided by 브금대통령
🎵Track : A Cup of Tea - https://www.youtube.com/watch?v=3D7jbL-0hkE&t=14s
▬▬▬▬▬▬▬▬▬▬▬▬▬▬▬▬▬▬▬▬▬▬▬▬▬▬▬▬▬▬▬▬▬▬▬▬▬

#결혼현실 #팩폭 #결혼 #사랑 #결정사 #결혼시장 #일본여자 #국제결혼 #한일비교 
 #척언니 

📨문의 - g.noblechucksis@gmail.com

중매의 신이 만드는 당신의 인생2막
연애상담부터 결혼까지 언론에서 인정한 chuck sister

💚좋댓구알은 사랑입니다

🤍카카오톡 오픈채팅
     https://open.kakao.com/o/sBNnwIqg

💙상담문의
📞 1800 8186 
🖥️  https://gnoble.kr

💛카카오톡아이디
❤️ chuck_sister1

💜무료상담
📱 010 6653 8186

⚠️ 지극히 개인의 의견임을 밝힙니다.",2025-12-05T09:18:45Z,273952,5101
flN8J8RZuug,"[통합본] ""남자들 다들 똑똑합니다"" 요즘 누가 한국 여자 만나요? 일본 여자만 찾는 한국 남자들 (결혼정보회사 부대표 권민정)",교양식,"#교양식 #결혼정보회사 #결정사 #결혼 #미혼 #비혼 #재혼 #돌싱 #싱글 #한국남자 #한국여자 #커플 #썰 #지식 #망상 #노처녀 #노총각 #예신 #예랑 #예비사위 #예비며느리
💡출연: 프리미엄 맞춤 결혼 컨설팅 지노블 부대표 권민정님

오늘 교양식이 전해드린 이야기들이 재미있고 유익하셨다면,
구독과 좋아요로 응원 부탁드립니다!
여러분의 클릭 하나가 콘텐츠 제작에 큰 힘이 됩니다 🙌

📩 출연 및 제휴 문의: contact@mjspartners.co.kr

※ 출연자에 대한 과도한 비난이나,
사실 확인되지 않은 악성 댓글은 경고 없이 삭제될 수 있습니다.
건강한 댓글 문화를 함께 만들어주세요. 감사합니다!",2026-05-16T07:00:42Z,45601,1799
wQjXjfpw2nM,최근 급증하는 비혼 트렌드의 실체 9가지,한방언니,"결혼, 연애에 대한 모든 고민을 시원하게!!
커플매니저 16년 경력의 결혼정보대표가 함께 소통하는 이야기 공간!
💘상담 문의: https://noblemariage.com/consulting/?v=wQjXjfpw2nM

💬 카카오톡 상담 : https://pf.kakao.com/_dvVxgT
※카카오톡 상담 시 사칭 계정 주의!
※카카오톡 상담은 반드시 링크로만 추가해 주세요! (검색 ❌ / 아이디 입력 ❌)

📞대표번호 : 1522-7555
 
※ 본 영상 내용은 개인적인 사견임을 밝힙니다",2026-05-24T03:00:22Z,71904,1319
rBhMUZzd_rE,일본에서 지금 한일 국제결혼으로 난리 난 이유,JM,"0:00 일본에서 난리 난 이유

0:50 일본야후 댓글 읽어보기

2:20 한국남자는 사귈때만 잘해준다?

4:41 한국 통계청을 인용한 일본 댓글

6:40 일본댓글이 화난 가장 큰 원인

8:50 돌발…사실은 한한부부가 최고다??

17:05 마무리",2025-08-13T12:13:31Z,233719,4609
Kmtin-ozbBw,한국 여자한테 질린 남자의 국결 찬양현상! 남자가 혐오하는 한국 여자의 행동 특징,심리학자 차희연,"◈ 결혼 상담 신청 : http://pf.kakao.com/_VBXCs/chat 
(※ 현재 본인의 상황과 결혼싱담을 남겨주시면 심리학자 차희연이 직접 분석해 드립니다.)

""요즘 남자들, 왜 자꾸 국결(국제결혼) 노래를 부를까요?""

단순한 유행이나 농담이 아닙니다. 통계와 빅데이터가 증명하는 30대 남성들의 솔직한 속마음, 그리고 그들이 연애에서 느끼는 치명적인 '감정 소모'의 실체를 분석해 드립니다.


◈ 결혼해 희연 결혼정보회사 공식 홈페이지 : www.hiyon.co.kr 
◈ 폭력성 검증: http://www.matchlab.kr/ 
◈ 차희연 심리연구소(강연 및 협업 문의) : https://www.xn--ej5bt7ihrk.kr/

🕒 실시간 라이브 타임라인

✉️ 문의 : hiyonmarry@gmail.com, 1599-0690, 010-5110-0690

#결혼 #결혼상담 #결혼정보회사",2026-03-26T10:30:19Z,101512,2452
rG5os0ktzeg,결혼할 때 확인 안 하면 무조건 이혼하는 것들,한방언니,"결혼, 연애에 대한 모든 고민을 시원하게!!
커플매니저 15년 경력의 결혼정보대표가 함께 소통하는 이야기 공간!
💘상담 문의: https://noblemariage.com/consulting/?v=rG5os0ktzeg

💬 카카오톡 상담 : https://pf.kakao.com/_dvVxgT
※카카오톡 상담 시 사칭 계정 주의!
※카카오톡 상담은 반드시 링크로만 추가해 주세요! (검색 ❌ / 아이디 입력 ❌)

📞대표번호 : 1522-7555
 
※ 본 영상 내용은 개인적인 사견임을 밝힙니다",2024-12-01T03:00:44Z,1382974,14269
CLQTff2Qvtw,일본 아내들이 한국 남자와 직접 살아보고 느낀 의외의 문화차이ㅣ국경없는 수다 EP.89,어썸코리아 Awesome Korea,"10년 만에 최고치라는 한국남자-일본여자 국제결혼!
한국 남자와 일본 여자는 최고의 궁합이다?
한국 남자와 결혼한 일본여자들에게 직접 물어봤습니다 ㅋㅋ

00:00 하이라이트
03:59 왜 한국-일본 국제결혼 비율이 높아졌을까?
12:51 일본과 다른 한국의 결혼문화
31:02 한국남편과 오래 살아도 영원히 바뀌지 않는 습관
38:45 한국 남자와 일본 남자의 결정적 차이


영국 피터
https://www.instagram.com/peter_b83/

일본 모모
https://www.instagram.com/momo_in_kr

일본 카스미
https://www.youtube.com/@iamkasukasu

일본 유이
https://www.instagram.com/yuiyuiinseoul",2025-09-26T10:21:39Z,922750,14539
79uxxpPmLts,일본 여성이 결혼 제일 많이 하는 외국인은 한국 남성?... 일본 여성들이 한국 남성의 매력에 빠진 이유 [이게웬날리지], YTN,"한국인이 최초로 남자 주인공을 맡은 일본 드라마 
'EYE LOVE YOU'

남자 주인공인 한국 배우 채종협 씨는 
일본에서 횹사마라 불릴 정도로 
인기가 어마어마하다는데? 

한국 음식, 한국 문화를 넘어 이제는 한국 남성까지 
일본 내에서 왜 이렇게 인기가 많은 걸까요? 

일본에 불어닥친 '신한류' 
고품격 지식 토크쇼🎙 [이게 웬 날리지?]에서 확인해 주세요

📧 브랜디드 콘텐츠 제작 및 비즈니스 문의 : gardenho@ytn.co.kr

#일본#eyeloveyou #채종협 

15:45 칸에서 상 받아도 호응 없는 일본 

16:42 일본에서 한국 남성이 인기 있는 이유 
 
17:35 한국과 일본의 연애 문화 차이

22:34 일본 여성이 결혼 제일 많이 하는 외국인은 한국 남성?

23:18 연애할 때 2주 넘게 연락 안 하는 일본 

[저작권자(c) YTN 무단전재, 재배포 및 AI 데이터 활용 금지]",2024-04-24T08:23:05Z,915955,10405
6cKSXCIi1xM,알파메일처럼 행동하는 법  (약한 남자도 여자가 가치 높은 남자로 보게 하는 법),[마픽스 리얼라이프스타일]마튜브,"데이트 코칭 업계 공식 1위 마픽스 커뮤니티 가기:http://mapics.net
업계  최다 수강생 2000명 배출!
남자라면 누구나 아는,타업체들이 바로 카피하는
자타공인 최고의 데이트 코치 
마픽스 마왕의 유튜브 채널""마튜브""입니다. 

본강의는 초보자들을 위한 연애기술 기초 강의 이며
#알파메일처럼행동하는법 #가치높은남자 #연애기술

마왕 칼럼 ""스튜어디스와 쉐킷!""에 대해  읽고 싶다면
https://cafe.naver.com/bbamtothebbam/13082

교육상담:카카오톡id:mapics

문의: 010-9955-1875",2024-01-03T11:00:08Z,61941,1286
vFPd87EdGxA,"괜찮은 30대 남자, 알파메일 특징들",야심한 남자 : 남자 최적화,"[매력적인 남자로 재 탄생 하는 법, 무료 E-BOOK]
https://cafe.naver.com/attrativer/131",2024-06-07T13:01:02Z,64770,1006
8mz7clD_sLM,여자가 관심있는 남자에게 보내는 호감 신호 모음집,한방언니,"결혼, 연애에 대한 모든 고민을 시원하게!!
커플매니저 16년 경력의 결혼정보대표가 함께 소통하는 이야기 공간!
💘상담 문의: https://noblemariage.com/consulting/?v=8mz7clD_sLM

💬 카카오톡 상담 : https://pf.kakao.com/_dvVxgT
※카카오톡 상담 시 사칭 계정 주의!
※카카오톡 상담은 반드시 링크로만 추가해 주세요! (검색 ❌ / 아이디 입력 ❌)

📞대표번호 : 1522-7555
 
※ 본 영상 내용은 개인적인 사견임을 밝힙니다

#호감신호 #호감 #연애꿀팁",2023-06-25T03:00:02Z,957725,8975
4Sj2DG3wNvs,무조건 잡아야 하는 상위 1% 남자 특징 모음집,한방언니,"결혼, 연애에 대한 모든 고민을 시원하게!!
커플매니저 16년 경력의 결혼정보대표가 함께 소통하는 이야기 공간!
💘상담 문의: https://noblemariage.com/consulting/?v=4Sj2DG3wNvs

💬 카카오톡 상담 : https://pf.kakao.com/_dvVxgT
※카카오톡 상담 시 사칭 계정 주의!
※카카오톡 상담은 반드시 링크로만 추가해 주세요! (검색 ❌ / 아이디 입력 ❌)

📞대표번호 : 1522-7555
 
※ 본 영상 내용은 개인적인 사견임을 밝힙니다",2023-10-15T03:00:02Z,653276,7101
PnJrE6f7mxg,남자는 매력 있다고 생각하지만 여자는 극혐하는 남자 특징,한방언니,"결혼, 연애에 대한 모든 고민을 시원하게!!
커플매니저 16년 경력의 결혼정보대표가 함께 소통하는 이야기 공간!
💘상담 문의: https://noblemariage.com/consulting/?v=PnJrE6f7mxg

💬 카카오톡 상담 : https://pf.kakao.com/_dvVxgT
※카카오톡 상담 시 사칭 계정 주의!
※카카오톡 상담은 반드시 링크로만 추가해 주세요! (검색 ❌ / 아이디 입력 ❌)

📞대표번호 : 1522-7555
 
※ 본 영상 내용은 개인적인 사견임을 밝힙니다",2024-08-25T03:00:14Z,534682,6745
SEa-3AoIs8w,"나이, 외모가 평범해도 고스펙 남자와 결혼하는 여자 특징",한방언니,"결혼, 연애에 대한 모든 고민을 시원하게!!
커플매니저 16년 경력의 결혼정보대표가 함께 소통하는 이야기 공간!
💘상담 문의: https://noblemariage.com/consulting/?v=SEa-3AoIs8w

💬 카카오톡 상담 : https://pf.kakao.com/_dvVxgT
※카카오톡 상담 시 사칭 계정 주의!
※카카오톡 상담은 반드시 링크로만 추가해 주세요! (검색 ❌ / 아이디 입력 ❌)

📞대표번호 : 1522-7555
 
※ 본 영상 내용은 개인적인 사견임을 밝힙니다",2024-03-31T03:00:15Z,535183,7105
vRGU8oZm5AM,이런 마인드의 여자는 절대 결혼 못 합니다,한방언니,"결혼, 연애에 대한 모든 고민을 시원하게!!
커플매니저 15년 경력의 결혼정보대표가 함께 소통하는 이야기 공간!
💘상담 문의: https://noblemariage.com/consulting/?v=vRGU8oZm5AM

💬 카카오톡 상담 : https://pf.kakao.com/_dvVxgT
※카카오톡 상담 시 사칭 계정 주의!
※카카오톡 상담은 반드시 링크로만 추가해 주세요! (검색 ❌ / 아이디 입력 ❌)

📞대표번호 : 1522-7555
 
※ 본 영상 내용은 개인적인 사견임을 밝힙니다",2024-12-08T03:00:50Z,581052,6259
FOQDoa72Nic,"'나보다 레벨 높은 사람'을 꼬시려면, 무조건 이렇게 해야 합니다",박코 Bako,"👉 ""1:1 연애 상담"" 
👉 누구를 만나든 평생 사랑받는 ""연애 공식"" 강의
👉 섹시하면서 가볍지 않은 ""스킨십의 공식""
※ 모두 클래비스(www.clavis.love)에서 만나실 수 있습니다.

💌 박코가 직접 개발한 ""관심사 기반 매칭앱"" 플린트
구글플레이/앱스토어에서 '플린트'를 검색해보세요.
https://flintsocial.onelink.me/Sjv9/5b0k6vcv

연출 : 박코
작가 : 박코, 설화, 혜선
편집 : 이선민, 김유진",2023-09-03T05:00:10Z,125164,1939
qVC0RtJNSP8,40대 노처녀가 하는 답 없는 착각 10가지,한방언니,"결혼, 연애에 대한 모든 고민을 시원하게!!
커플매니저 16년 경력의 결혼정보대표가 함께 소통하는 이야기 공간!
💘상담 문의: https://noblemariage.com/consulting/?v=qVC0RtJNSP8

💬 카카오톡 상담 : https://pf.kakao.com/_dvVxgT
※카카오톡 상담 시 사칭 계정 주의!
※카카오톡 상담은 반드시 링크로만 추가해 주세요! (검색 ❌ / 아이디 입력 ❌)

📞대표번호 : 1522-7555
 
※ 본 영상 내용은 개인적인 사견임을 밝힙니다",2026-03-22T03:00:00Z,309549,4027
IEEsArxoSoo,정말 남자다운 남자들의 공통된 특징 3가지 / 힘세고 거칠면 그게 남자다운 걸까? (알파메일),감성대디 Dennis,"#인간관계 #처체술 #알파메일

클래스유 https://me2.do/FOh0puzQ

안녕하세요 감독님들
이번에 클래스유에서 새롭게 강의를 런칭하였습니다
그동안 제가 유튜브에서  모든 다양한 인간관계  (일상생활/직장/연인/가족/친구 등등) 에 대해서
이야기했던 것들에서 조금 더 심층적으로 접근을 해서 강의를 만들었습니다
제가 원하는 단 한가지는 인간이라면 다 가지고 있는 나만의 '정신세계'를 지키는 방법입니다
집에 누가 쳐들어 오거나
내 차에 다른 사람이 앉아있으면 우리는 화를 내면서까지 내보내는데

인간관계에서 다른 사람이 말로 행동으로 내 정신세계를 휘어저 놓는 것은
별거 아닌 일반적인 스트레스로 치부해버립니다
그 스트레스로 인해 많은 사람들이 병원에 가기도 하고 우울증에 빠지가도 하는데됴

'돈 벌어먹고 살려면 어쩔 수 없잖아' 라는 말로 덮어두는게 저는 너무나 안타깝습니다

여러분들이 이때까지 어떻게 살아왔는지
어떤 이미지를 쌓아 왔는지는 상관이 없습니다

왠지 건들면 안 될것  같은 '아우라가 풍기는 사람'
뭔가 있는것 같은 '매력' 혹은 카리스마라고도 하는 그 느낌을 
본인도 모르게 풍기는 사람이 되실 겁니다

자연스럽게 일상을 보내도 
직장상사든 친구든 가족이든 연인이든 그 누구도 함부로 못 대하는 사람이 되어

멋진 여러분만의 인생을 살아가시길 바라겠습니다

어디서나 자연스럽게 존중받을 수 있는 내면 카리스마 기르기
나를 힘들게 하는 사람들의 태도를 180도 바뀌게 하는 모든 과정을 알고 싶다면?
클래스유 https://me2.do/FOh0puzQ
자연스럽게 일상을 보내도 
직장상사든 친구든 가족이든 연인이든 그 누구도 함부로 못 대하는 사람이 되어
멋진 여러분만의 인생을 살아가시길 바라겠습니다
무료 영상들도 있으니 구경 한번 해주세요^^",2023-09-11T12:00:22Z,236320,5886
ijo_ACGCwo0,여자들이 환장하는 여유로운 남자가 되는 법!,유후의 피아노래,#유후의피아노래 #연애 #상담,2025-04-04T12:19:54Z,796250,9143
Cr-4KwESJoo,얼굴은 예쁜데 남자들이 100일도 만나기 어려운 여자 특징 [모음집],한방언니,"결혼, 연애에 대한 모든 고민을 시원하게!!
커플매니저 16년 경력의 결혼정보대표가 함께 소통하는 이야기 공간!
💘상담 문의: https://noblemariage.com/consulting/?v=Cr-4KwESJoo

💬 카카오톡 상담 : https://pf.kakao.com/_dvVxgT
※카카오톡 상담 시 사칭 계정 주의!
※카카오톡 상담은 반드시 링크로만 추가해 주세요! (검색 ❌ / 아이디 입력 ❌)

📞대표번호 : 1522-7555
 
※ 본 영상 내용은 개인적인 사견임을 밝힙니다

#성격 #여자특징 #연애특징",2023-08-27T03:00:05Z,145205,2088
KCc3vLhsfOo,여자들이 많이 놓치는 괜찮은 남자 특징 모음집,한방언니,"결혼, 연애에 대한 모든 고민을 시원하게!!
커플매니저 16년 경력의 결혼정보대표가 함께 소통하는 이야기 공간!
💘상담 문의: https://noblemariage.com/consulting/?v=KCc3vLhsfOo

💬 카카오톡 상담 : https://pf.kakao.com/_dvVxgT
※카카오톡 상담 시 사칭 계정 주의!
※카카오톡 상담은 반드시 링크로만 추가해 주세요! (검색 ❌ / 아이디 입력 ❌)

📞대표번호 : 1522-7555
 
※ 본 영상 내용은 개인적인 사견임을 밝힙니다",2023-12-03T03:00:13Z,384611,4653
6QeqLwOefiw,여자를 을로 만들어 버리는 알파남 특징. 여자의 밀당에 '이렇게'대처하면 역이용 가능합니다! 여자들의 이상형 진짜 의미는? 금사빠들의 특징 (차희연 대표 / 2부),떠먹여주는TV,"🚩차희연 대표님
심리연구소 https://차희연.kr
결혼정보회사 www.차희연.com
A.I ELLA.  www.matchlab.kr
많은 사랑 부탁드립니다.

✔촬영일: 8월 8일

안녕하세요
세상의 모든 지식을 
쉽게 이해할 수 있도록 전달드리는 '떠먹여주는TV'입니다.

보다 전문성있는 콘텐츠를 제공해드리기 위해 콘텐츠 리뉴얼을 했습니다.
이번에는 차희연 대표님을 모시고 ‘연애’, ‘불륜’에 대한 흥미로운 이야기를 나눠봤습니다.

이 영상이 도움이 되셨다면 '구독'과 '좋아요'를 꼭 눌러주세요.
콘텐츠 제작에 큰 도움이 됩니다.

⭐️ 출연신청 & 제휴 및 광고문의 : scooptv.contact@gmail.com

유튜브 [심리학자 차희연] 36만
차희연 심리연구소 대표
결혼해 희연 결혼정보회사 대표
(주) 차테라피 대표이사
공익법인 체인지위드 이사장
특허 : A.I 폭력성검증. A.I 심리매칭
[서른셋, 기적같은 날들이 기다리고 있어](홍익출판사, 2021) 외 8권 출간 

-수상-
2021 한류인플루언서 대상 (심리부문)
2019 대한민국 국회 봉사상 교육부문 대상
2014 [서른살 까칠하게 용감하게]
출판문화진흥원 세종도서 선정
2012 대한민국 명 강사 리더십부문 33인 선정",2025-08-12T07:00:07Z,20416,359
tkRUJodjLsY,남자에게 이런 말 하면 100% 손절당합니다,한방언니,"결혼, 연애에 대한 모든 고민을 시원하게!!
커플매니저 16년 경력의 결혼정보대표가 함께 소통하는 이야기 공간!
💘상담 문의: https://noblemariage.com/consulting/?v=tkRUJodjLsY

💬 카카오톡 상담 : https://pf.kakao.com/_dvVxgT
※카카오톡 상담 시 사칭 계정 주의!
※카카오톡 상담은 반드시 링크로만 추가해 주세요! (검색 ❌ / 아이디 입력 ❌)

📞대표번호 : 1522-7555
 
※ 본 영상 내용은 개인적인 사견임을 밝힙니다",2024-04-21T03:00:35Z,427363,5428
oO9bNvepZfU,설명이 필요없는 최악의 여자 특징 모음집,한방언니,"결혼, 연애에 대한 모든 고민을 시원하게!!
커플매니저 16년 경력의 결혼정보대표가 함께 소통하는 이야기 공간!
💘상담 문의: https://noblemariage.com/consulting/?v=oO9bNvepZfU

💬 카카오톡 상담 : https://pf.kakao.com/_dvVxgT
※카카오톡 상담 시 사칭 계정 주의!
※카카오톡 상담은 반드시 링크로만 추가해 주세요! (검색 ❌ / 아이디 입력 ❌)

📞대표번호 : 1522-7555
 
※ 본 영상 내용은 개인적인 사견임을 밝힙니다",2023-09-24T03:00:21Z,1648212,13720
V4TSURKTRXU,남성들은 왜 알파메일에 집착하게 되었는가,Sound Sound 다니엘,"참고서적 - 알랭드 보통, [불안]

1%의 교양인들을 위한 자기계발 칼럼, [사운드 사운드 뉴스레터]
https://fanding.kr/@soundsound/membership/

연애 뿐만 아니라 결혼 생활까지 책임지는,
사랑하기 위해 반드시 필요한 모든 기술
https://fanding.kr/@soundmindclass/courses

늘 유쾌하고 지적인 [SS 커뮤니티]
https://fanding.kr/@soundsound/community

[공식 인스타그램] 
https://www.instagram.com/sound.sound_/

[Business 문의]
soundsoundcorp@gmail.com

#사운드사운드 #SoundSound",2023-08-08T10:04:49Z,57404,1111
nnf0YvdmAmw,반드시 걸러야 하는 남녀 취미 모음집,한방언니,"결혼, 연애에 대한 모든 고민을 시원하게!!
커플매니저 16년 경력의 결혼정보대표가 함께 소통하는 이야기 공간!
💘상담 문의: https://noblemariage.com/consulting/?v=nnf0YvdmAmw

💬 카카오톡 상담 : https://pf.kakao.com/_dvVxgT
※카카오톡 상담 시 사칭 계정 주의!
※카카오톡 상담은 반드시 링크로만 추가해 주세요! (검색 ❌ / 아이디 입력 ❌)

📞대표번호 : 1522-7555
 
※ 본 영상 내용은 개인적인 사견임을 밝힙니다",2023-12-17T03:00:21Z,406089,4390
aivgiHXmc_I,여자가 절대 못 헤어나오는 남자 특징 top3,"최영은 변호사의 ""이혼은 처음이라""","제가 불륜 소송만 1,000건 이상 하다보니 정말 다양한 사례들을 많이 접하고는 합니다.

그 중에서도 유독 유부녀들이 공통적으로 만나는 남자분들의 유형이 있다는 것을 알게 되었습니다.

이번 영상에서 과연 그런 유형이 어떤 사람들인지 상세한 이야기를 담아보았으니 끝까지 시청하셔서 도움 얻어가시길 바라겠습니다. 

#이혼사연 #이혼전문변호사

📍 만일 이혼/상간소송에 관해 상담이 필요하시다면
대표전화 : 010-4175-1308
저의 직통번호입니다. 도움이 필요하신 분을 위해, 상담부터 제가 직접 도와드립니다. 

📍 상간자소송 관련 법률정보가 필요하시다면
블로그 : https://blog.naver.com/attorney-choi

💖 저의 변호 철학이 궁금하신 분들께 드리는 편지
https://blog.naver.com/attorney-choi/222271672843",2023-09-28T08:30:04Z,220401,2457
QUNyw8Ca90E,[100분토론] 여자도 군대 가라고?!,MBC 100분 토론,"다시 불거진 ‘모병제’ 논란


출연패널
김종대 / 정의당 국회의원
박휘락 / 국민대 정치대학원 교수
이준석 / 전 바른미래당 최고위원
장경태 / 더불어민주당 전국청년위원장
(가나다순)

2019년 11월 12일 100분토론 850회


풀버전다시보기
http://playvod.imbc.com/Vod/VodPlay?broadcastId=1000842101183100000",2019-11-12T16:30:00Z,5884913,29271
04zCXTKuMMk,남자는 여성과의 술자리에서 이성적일 수 없다?! [신세계 4회],MBN Entertainment,"남자는 여성과의 술자리에서 이성적일 수 없다?! [신세계 4회]

남편과 회사 여직원의 관계 때문에 심기가 불편한 아내, 남편이 회식을 하고 늦은 귀가를 하던 날 알고보니 
또래 여직원과의 단 둘이서 술을 마셨다?! 화가난 아내가 따져 묻자 남편은 오히려 회사 동료라면서 짜증을 부리는데...
☞ MBN Entertainment 구독하기 : https://www.youtube.com/channel/UCYyLIlOJyqkAFKlVjzX5img?sub_confirmation=1",2019-01-03T07:08:13Z,1460917,7218
dj_QzDTRg5g,"여초 커뮤니티에 올라온 ""남자 범죄자 만들기""",하나뿐인 변호사,"#변호사 #여성시대  #무고죄 

안녕하세요. 전직 검사/3대로펌 기업형사팀 출신 변호사,
'하나뿐인 변호사' 하나 변호사 입니다.

📝사연 이메일 주소📝 :  hapro.question@gmail.com

📞사연을 여러 메일로 나눠서 보내면 확인이 어려울 수 있습니다. 상담 사례와 자료는 하나의 메일로 정리해서 보내주셔야 합니다.👩‍💼.

👩‍💼 로톡 실시간 상담 예약: https://www.lawtalk.co.kr/directory/profile/8801-하나
📞 상담 예약 문의: 070-8018-9030
📷 인스타그램: @haprolawyer
📱틱톡: https://www.tiktok.com/@haprolawyer
📝 블로그: https://blog.naver.com/hapro11
✍️ 브런치: https://brunch.co.kr/@hapro

- 법률 상담은 로톡 또는 법무법인 통하여 사전 예약이 필요하며, 댓글과 메일로는 상담이 어려우니 양해 부탁드립니다.
- 본 영상의 무단 복제/전송/배포/도용 등은 저작권법 위반행위이며, 형사책임 및 민사상 손해배상책임이 발생할 수 있습니다.",2024-04-05T08:37:49Z,375578,7258
08PlDdDmEDI,[100분토론] 대도서관 vs 엄마... 게임 무한 배틀,MBC 100분 토론,"2019년 5월 21일 100분토론 827회 하이라이트

'게임 중독' 질병인가 편견인가

출연패널
위정현 한국게임학회장
노성원 한양대학교 정신의학과 교수
대도서관 콘텐츠 크리에이터
김윤경 인터넷 스마트폰 과의존예방 시민연대 정책국장

풀버전 다시보기
http://playvod.imbc.com/Vod/VodPlay?broadcastid=1000842101159100000&itemid=1296180",2019-05-21T17:20:06Z,2958192,20252
oGeXDTgU1AM,“남자만 숙직? 얌체같아” vs “신체적 차이 고려해야”,박성태의 뉴스쇼,"〈김원재 성인권센터장〉
유산·사산 위험? 미혼 여성 안 될 이유 없어
여성 폭력 노출↑? 男 차별 정당화할 수 있나
女차별 빈도 많지 않아…과잉금지 원칙 위배

〈최미진 노동자연대 기자〉
女 임신‧육아‧안전 문제…신체·사회적 조건 고려
숙직은 기존 차별 강화…민원 괴롭힘 사례도 多
의무 방기 문제? 세계 女 야간노동 제약 사례↑

■ 방송 : CBS 라디오 〈김현정의 뉴스쇼〉 FM 98.1 (07:20~09:00)
■ 진행 : 김현정 앵커
■ 대담 : 김원재 (성인권센터장), 최미진 (노동자연대 기자)

#야간숙직토론 #인권위_침해아니다 #안전상의문제
#김원재_성인권센터장 #최미진_노동자연대기자



▣ 라이브 방송 안내
뉴스쇼 라이브 방송 | 매주 월~금 오전 7시20분~9시
댓꿀쇼 라이브 방송 | 뉴스쇼 본방송 끝나자마자 이어서 오전 9시

▣ 김현정의 뉴스쇼 유튜브 구독하기
https://goo.gl/ApKab6

▣ 제보 및 의견
◇ 문자: # 1212
◇ 카카오톡 플러스친구: http://pf.kakao.com/_xiCucI
◇ 뉴스쇼 제보 이메일: newsshow981@gmail.com
◇ 댓꿀쇼 관련 이메일: newsshow.cbs@gmail.com

◇ 모바일 레인보우
- 안드로이드 구글플레이: http://goo.gl/0fboZU
- 애플 앱스토어: https://apple.co/2ytJKPW
◇ 뉴스쇼 홈페이지: https://bit.ly/3evk35R
◇ 카카오TV: https://tv.kakao.com/channel/3238340
◇ 네이버TV: https://tv.naver.com/newsshow",2022-12-21T01:23:23Z,146765,1008
MFllCjqGHRo,"[뉴스 '꾹'] ""탱크보이도 못먹어?"" 폭발.. 너도나도 '스벅' 우르르 (2026.05.25/MBC뉴스)",MBCNEWS,"#국민의힘 #스타벅스 #김기현 #나경원 #이수정
#MBC #뉴스 #뉴스데스크 #MBC뉴스 #뉴스투데이 #뉴스ZIP #뉴스꾹 #오늘이뉴스 #자막뉴스
ㅤ
ⓒ MBC & iMBC 무단 전재, 재배포 및 이용(AI학습 포함)금지",2026-05-25T08:10:35Z,35248,1680
LKJMwzcWctQ,[자막] 이스라엘 눈치 보며 핑계 대는 참모들에 폭발한 이재명 대통령,춘천MBC뉴스,"#이재명 #이재명대통령 #국무회의 #우리국민나포 #가가지구 #국가안보실 #외교원칙

""아니, 우리 국민을 잡아갔으니까 하는 얘기 아닙니까?""

국무회의 도중 가자 지구로 자원봉사를 떠났던 우리 국민(김아현 양, 김동현 군)이 이스라엘군에 의해 공해상에서 무단 나포되고 구금되었다는 충격적인 사실이 밝혀졌습니다.

하지만 보고를 올리는 안보실과 참모진의 태도는 미온적이기 짝이 없었습니다. 참모들은 ""하마스의 선제 공격으로 촉발된 교전 상황이다"", ""국제법적으로 논란이 분분하다"", ""우리가 가지 말라고 권고했던 지역이다""라며 이스라엘 측의 입장이나 내부적인 규정 위반만을 늘어놓으며 신중론을 펼쳤습니다.

이에 이재명 대통령은 참모진의 본질을 흐리는 변명을 단칼에 자르며 격노했습니다. 외교 관계나 내부적인 방침 위반 여부를 떠나, 가장 중요한 본질은 '아무런 국제법적 근거도 없이 제3국 공해상에서 우리 주권 국민의 신체가 구속당했다'는 사실 그 자체이기 때문입니다.

■ 이재명 대통령이 참모진에 던진 준엄한 호통

""정부 권고 안 따른 건 우리 내부 문제고..."": 우리 국민이 정부 방침을 따르지 않은 것은 돌아와서 우리 내부적으로 따지고 책임을 물을 일이지, 이스라엘이 국제법을 어겨가며 우리 국민을 마구잡이로 감금한 만행의 면죄부가 될 수 없음을 명확히 했습니다.

""지 땅입니까? 영해도 아닌데 왜 눈치를 봅니까"": 이스라엘 영해나 영토도 아닌 곳에서 제3국 민간 선박을 폭침시키고 사람을 잡아 가두는 비인도적 처사에 왜 주권 국가의 안보실이 당당하게 항의하지 못하느냐며 참모들의 나약한 외교 태도를 질타했습니다.

""원칙대로 하세요, 너무 많이 인내했습니다"": 이미 국제형사재판소(ICC)에서 네타냐후 총리에 대해 전쟁 범죄 혐의로 체포영장까지 발부한 상황에서, 더 이상 도를 넘어선 이스라엘의 불법 행위를 묵과할 수 없다며 '국민 안전 최우선'의 원칙적인 대응을 강력히 지시했습니다.

외교적 계산보다 '우리 국민의 안위와 국가의 자존심'이 먼저라는 당연한 상식을 일깨운 이재명 대통령. 참모진을 전율케 한 국무회의 실황을 영상으로 직접 확인해 보시기 바랍니다.",2026-05-25T02:24:22Z,14400,361
Jk0n1Bn9R8M,"전국의 모든 고시생들을 오열하게 만든, 너무 현실적이여서 소름돋는 영화 [400만뷰]",자취방남자movie comment,"* 본 영상은 공식 계약을 맺은 뒤 협의하에 제작되었습니다.
* 영상의 2차 가공을 금합니다

#혜옥이 #고시생 #현실적인영화

#영화리뷰 #볼만한영화 #영화혜옥이
#혜옥이리뷰 #고시생영화 #고시영화 #장수생 #재수생

제작도움 : (주)트리플픽쳐스

사용된 BGM
[셀바이뮤직]
[BGM팩토리]
-  의심.mp3

▶ 자취방남자 후원하기 : http://twip.kr/imalone1234
▶ 자취방남자의 무비코멘트 : https://url.kr/yuadCG
▶ 문의 주소 : honzanam2017@naver.com

––––––––––––––––––––––––––––––––––––––––––––––––––
[Video Source Support]
Youtube channel ""freeticon"" : https://www.youtube.com/c/Freeticon
––––––––––––––––––––––––––––––––––––––––––––––––––",2023-03-10T02:57:58Z,4447103,28293
XCpZ-6_8zDQ,앵그리 동훈의 공적 분노😳 [SNL 코리아] 시즌 8 ‘나는 후보’ 하이라이트,쿠팡플레이 Coupang Play,"🚩SNL 코리아 풀버전은 쿠팡플레이에서!
https://coupangplay.app.link/gBDQn7xUM1b

🚩이번 주 SNL 코리아 주요 코너는?
- 스마일 클리닉
- 당구의 목적
- 다큐 인간 3일 극장 ‘물빛 마루 수영장 편’
- 오빠지만 아저씨입니다
- 나는 HUBO
- 클럽 번따 서점
- 보도

#SNL코리아 #쿠팡플레이 #하이라이트",2026-03-29T08:00:32Z,434825,15491
epQGMKTicN4,"""와인에 오렌지주스 섞었어""..'사귄지 1년' 지옥의 시작 [뉴스.zip/MBC뉴스]",MBCNEWS,"[PD수첩] ""마약과 성범죄, 누가 지현의 기억을 지웠나"" - 2026년 5월 12일

#PD수첩 #마약 #성범죄 #물뽕
#MBC #뉴스 #뉴스데스크 #MBC뉴스 #뉴스투데이 #뉴스ZIP #뉴스꾹 #오늘이뉴스 #자막뉴스
ㅤ
ⓒ MBC & iMBC 무단 전재, 재배포 및 이용(AI학습 포함)금지",2026-05-16T23:30:11Z,1847845,17864
Tslysu_mtyc,보이스피싱 알아보기,침착맨,"▶같이 보면 좋은 추천 영상
https://youtu.be/zypAlLX6dKU?si=gRpdFJKU36k8eejn
▶'침착맨의 알아보자' 모아보기
https://www.youtube.com/playlist?list=PLif_jr7pPZACqDgKQRDHeOIFoMI8WFPdq

▶이 영상의 생방송 원본
  •2026년 05월 04일 2부 방송분: https://www.youtube.com/live/398P7mkqI8k?si=Vkw-5eQnYFzyOQDK

▶출연: 침착맨
▶편집: 25수자 
▶썸네일: 7수자 

▶협업제안: info@chimchakman.com

#침착맨 #보이스피싱 #예방 #범죄",2026-05-24T10:00:11Z,405704,4593
cL1EsgFqVLU,"[신통방통] 김용남, 차명으로 대부업체 운영 정황···동생은 녹취록서 ""남의 명의 이용해서 짜증 나""",뉴스TVCHOSUN,"경기 평택을 국회의원 재선거에 출마한 더불어민주당 김용남 후보를 둘러싸고 차명 대부업체 운영 의혹이 제기되면서 정치권 공방이 확산하고 있습니다. 김 후보 측은 “전혀 사실이 아니다”라며 의혹을 부인했고 국민의힘은 “당선돼도 무효가 될 수 있는 위법 사항”이라며 후보직 사퇴를 요구했는데요. 더 자세한 내용은 신통방통에서 확인하세요.

[TV조선 뉴스·시사 프로그램｜유튜브 라이브 방송시간]

📡 월~금 07:30 뉴스퍼레이드
📡 월        08:40 네트워크 매거진
📡 월~금 09:00 신통방통 
📡 월~금 10:20 류병수의 강펀치 (유튜브)
📡 월~금 13:00 보도본부 핫라인
📡 월~금 14:00 엄튜브 라이브 (유튜브)
📡 월~금 16:00 뉴스트라다무스 (유튜브)
📡 월~금 17:20 시사쇼 정치다
📡 월~금 21:00 뉴스9
📡 월 10:00, 목 14:00 투시경 (유튜브)
📡 토~일 14:00 뉴스현장
📡 일       14:45 시사쇼 정치다
📡 토~일 19:00 뉴스7

[Ch.19]  사실을 보고 진실을 말합니다.

👍🏻 공식 홈페이지 http://news.tvchosun.com/
👍🏻 공식  페이스북 https://www.facebook.com/tvchosunnews/
👍🏻 공식 트위터 https://twitter.com/TVChosunNews

* 뉴스제보 : 이메일(tvchosun@chosun.com), 카카오톡(tv조선제보), 전화(1661-0190)",2026-05-25T03:49:57Z,10981,334
kWP6Ij1U2Sg,키우는 건 왕 어려움 | 견종백과 코카시안 오브차카편,강형욱의 보듬TV,"오늘 견종백과로 만나볼 친구는 코카시안 오브차카입니다🐶

왕 크니까 왕 귀엽다의 정석, 코카시안 오브차카!
어마어마한 크기에 놀라지만 알고 보면 순한 친구들이랍니다 
(마음대로 만지지만 않으면요!)

아직 사람들과 함께 지내는 게 익숙하지 않은 친구들이 많으니
사랑으로 보살펴 주세요❤️

또 봐요👋

00:00 하이라이트
00:14 코카시안 오브차카 소개
00:55 코카시안 오브차카의 몸무게?
01:45 코카시안 오브차카의 색깔?
02:10 코카시안 오브차카의 유래?
03:41 코카시안 오브차카의 털빠짐?
05:43 코카시안 오브차카의 수명?
06:28 코카시안 오브차카의 활동량?
07:13 코카시안 오브차카의 섭취량?
05:32 아키타이누의 털빠짐?
07:36 코카시안 오브차카의 성격?
08:40 코카시안 오브차카 키우는 난이도?
07:29 아키타이누 키우는 난이도?
09:16 코카시안 오브차카를 한 마디로 표현하면?

🐶강아지 키우기 어려우신가요!?
앞으로 저희 채널과 함께 키워봅시다!

🎁 퍼피즈 : https://ppz.kr
✨ 인스타그램 : / hunter.kang   
🐾 비즈니스 문의 : bodeum@episodegroup.kr 


영상 내 번역 자막은 유튜브 번역 No.1, 자메이크에서 제작하였습니다.
유튜브 채널 성장의 시작은 자메이크(https://bit.ly/Bodeumofficial)

#강형욱 #강아지 #코카시안오브차카 #caucasianovcharka 
Copyright ⓒ 2026 Studio Episode - All Rights Reserved",2026-05-09T03:00:34Z,2190138,19792
XAdR1PaPzqQ,샘 올트먼과 일론 머스크는 왜 소송까지 갔나 / 오그랲 / 비디오머그,비디오머그 - VIDEOMUG,"샘 올트먼과 일론 머스크는 왜 한때 함께 세운 오픈AI를 두고 법정까지 가게 됐을까요? 오늘 오그랲에서는 머스크와 올트먼 사이의 갈등 이면에 숨겨져 있는 래리 페이지와 머스크의 AI 갈등, 딥마인드 인수전, 비영리 조직으로 출발한 오픈AI의 탄생, 그리고 오픈AI와 xAI가 맞붙은 모델 증류 논란 등을 다양한 데이터와 그래프로 정리해 봤습니다. 또한 오픈AI와 스페이스X가 2026년 하반기 상장을 앞두고 있기 때문에 이번 소송이 단순한 개인의 감정전이 아니라 AI 패권, 기업 구조, IPO, 기술 경쟁이 얽힌 싸움이라는 점도 함께 짚어보았습니다.

(취재 : 안혜민, 촬영 : 황세회·차승환, 편집 : 이기은, 디자인 : 안준석, 인턴 : 김수영, 제작 : 지식콘텐츠IP팀)

00:00 📊오프닝
00:52 📊절친이었던 머스크와 페이지… AI 두고 흔들린 우정
05:06 📊영리법인이 된 오픈AI… 진흙탕 소송전의 시작
10:40 📊상장을 앞둔 두 기업의 격돌… 이번 소송의 진짜 목적은?

참고자료
- Elon Musk used to say he put $100M in OpenAI, but now it’s $50M: Here are the receipts | TechCrunch
- OpenAI investors question $852bn valuation as strategy shifts | FT
- Exclusive: US State Dept orders global warning about alleged AI thefts by DeepSeek, other Chinese firms | Reuters
- Musk v. Altman | Court Listener
- The truth Elon left out | OpenAI
- Elon Musk wanted an OpenAI for-profit | OpenAI
- Elon Musk and Y Combinator President on Thinking for the Future |@Vanity Fair YouTube
- Where's Google going next? | Larry Page |@TED YouTube
- Revolutionizing AI with Model Distillation | @Afef Belhadj Medium

✔신뢰할 수 있는 재미, 비디오머그 VIDEOMUG

#비디오머그 #샘올트먼 #일론머스크 #오픈AI #스페이스X #소송 #VMG #오그랲

Copyright Ⓒ SBS. All rights reserved. 무단 전재, 재배포 및 AI학습 이용 금지",2026-05-13T12:01:03Z,173901,1996
FdKtvmTBAXc,우리나라에서는 이해할 수 없는 북한의 실상 무료강의 [메기스터디 35강],중년이상준,"안녕하세요 중년이상준의 메기스터디입니다.

이번 영상은 북한에서 탈북하신지 10년 된 탈북인 송이님께서
‘북한에 대한 현실과 결혼’에 관하여 강의를 해주셨습니다.

다음 강의가 궁금하시다면 구독과 좋아요, 댓글 부탁드립니다!

▶ 출연 및 광고문의: jaju@jajustudio.co.kr

#메기스터디 #이상준 #북한",2025-08-07T09:00:32Z,2546984,28582
yHzJpEdZmr8,유치원 교사 이민지 씨의 휴일 [휴먼다큐 진짜 극한직업](20260519 방송),핫이슈지,"대한민국 직장인이라면 누구나 앓고 있다는 월요병.
하지만 유치원 교사 이민지 씨에게는 조금 먼 이야기다.
주말돌봄을 위해 주말에도 평일처럼 유치원으로 향하기 때문이라는데...

두 손 가득 일을 안고 집으로 돌아오는 민지 씨, 밀린 서류를 하나둘 정리하다 보면 어느새 주말은 끝을 향해 달려간다.

주말에도 24시간이 모자란 이민지 씨.
그녀는 과연 언제쯤 편히 쉴 수 있을까.

#진짜극한직업 #휴먼다큐 #페이크다큐 #이수지 #핫이슈지 #강수진 #유치원교사 #유치원선생님 #애환 #공감 #시사교양 #코미디

📌 본 영상은 코미디를 목적으로 제작되었으며, 특정 직업이나 인물을 비하하거나 비난할 의도가 전혀 없음을 알려드립니다.",2026-05-19T09:00:19Z,2038421,33074
SxYEtMjZWcs,휴일 긴급보도! 靑 발칵! 왜? [배승희 뉴스배송 장예찬 출연],배승희 변호사,"[제보 및 비지니스 문의]
tatajebo@gmail.com

[변호사세요? 유튜버세요? - 도서 구입] 
교보문고 :  http://me2.do/5eOL4qR5
예스 24 :   http://me2.do/F2r4RJl1

[채널 가입]
https://www.youtube.com/channel/UC8SZ88GQa9XWwZxLNibO3ug/join",2026-05-25T07:00:03Z,131830,34109
MW_kYAFav-c,[무한도전] 야 이거..우리 엄마 만났나? 족집게세요? Σ(꒪ȏ꒪) 소름돋게 정.확.한 정신감정 특집 📝,MBCentertainment,"공식홈페이지  http://www.imbc.com/broad/tv/ent/challenge/main.html
방송시간  SAT 18:30~
Infinite Challenge(무한도전), 143회, EP143, 2009/02/28, MBC TV, Republic of Korea

무한도전 여섯 남자들의 정신분석 테스트",2012-03-11T02:40:03Z,14709549,67945
clvneMg9SR0,"[2月의 무도] 무전유죄! 유죄무전(?)! 진실은 승리한다!! ""죄와 길"" 1편  infinite challenge",올끌 (All of MBClassic),"[무도의 2월은 어땠을까?]
산재 유탈 포토죄, 생명 저하 심령죄! 
법정에 간 무한도전 멤버들!
길의 캐릭터를 만들어 준거다! VS 사실이 아니다! 명예훼손이다!
팽팽한 양측의 변호! 저는 무엇일까요?
엉망진창 우당탕탕 무한도전 재판!

방영일자 : 20100220

⏰오분순삭⏰ 에서 관련 에피소드 보기
박명수의 별명 탄생기
https://youtu.be/u5VGhw0wWo0
효자 박명수
https://youtu.be/yuc1bmecPpQ


무한도전 1화부터 FULL버전 다시 보기 (2006년 5월 6일~2018년 3월 31일) →
▶ WAVVE :
https://m.wavve.com/player/vod?contentid=M_1000786100002100000.1
▶ iMBC :
http://m.imbc.com/Vod/VodPlay?progCode=1000786100000100000&broadcastID=1000786100002100000&type=VOD
​
#무리한도전#무모한도전#무한도전레전드#유재석",2020-02-13T09:00:07Z,12363588,44295
LLHJf9nx6Yg,이렇게 죽을 줄 몰랐다｜느긋하게 꿀벌 먹던 장수말벌 5초 뒤 결말｜양봉｜다큐프라임｜#골라듄다큐,EBSDocumentary (EBS 다큐),"※ 이 영상은 2025년 6월 30일에 방송된 ＜다큐프라임 - 꿀벌 3부 두 여왕 이야기＞의 일부입니다.

장수말벌의 침공 속에서 간신히 살아남은 꿀벌 여왕은 새로운 왕국을 꾸리고, 
공공의 적이 된 장수 여왕벌은 인간에게 쫓긴다. 
3부에서는 두 여왕의 일생을 따라가며 꿀벌 생태계와 말벌 생태계를 교차로 살펴본다.  

#장수말벌 # 자연다큐 #벌꿀 #양봉

✔ 프로그램명 : 다큐프라임 - 꿀벌 3부 두 여왕 이야기
✔ 방송 일자 : 2025.06.30",2025-09-23T11:30:18Z,940168,6889
3jNmX2gtuKA,갈데까지 가버린 스튜디오 뿌리 사태 최신 근황 & 짤 레전드 모음 ㅋㅋㅋㅋㅋㅋ,김준표,"김준표 굿즈 카드 '파이널덱'
https://smartstore.naver.com/rlawnsvy/products/9146510467

김준표 마술사 스마트 스토어
https://smartstore.naver.com/rlawnsvy

위 이야기는 사실과 아주 다를 수 있습니다

댓글과 트위치로 함께 소통합시다

많이 사랑합니다.

트위치 : 마술사김준표
월수금일 오후 7시 방송

마술 강의

렉쳐노트
https://www.lnmagic.co.kr/goods/goods_search.php?keyword=%EA%B9%80%EC%A4%80%ED%91%9C&recentCount=10

아르카나
https://arcanamagic.com/?s=%EA%B9%80%EC%A4%80%ED%91%9C&post_type=course

김준표 배우는 마술 클래스 101
https://101.gg/junpyo-class

비즈니스 & 합방 공연 & 강의 문의
adm@treasurehunter.co.kr

공연 및 강의 정보
https://www.notion.so/kalidcerona/9f4490ab22414594874f7fbabe1bb59a

영상을 퍼가실 경우 꼭 출처를 남겨주시길 바라며
다른 영상과 합치지 마시길 바랍니다",2023-12-14T09:00:02Z,698522,8091
4m00WPCvRZw,게임에 묻은 페미 🤏 페미에 묻힌 게임  [넥슨 - 스튜디오 뿌리 사태],김성회의 G식백과,"✔️성별혐오에 반대합니다
📪 Business Contact: SANDBOX NETWORK
🎥 유튜버, 스트리머를 위한 방송세팅: https://www.drgo.pro

#성별혐오OUT",2023-11-30T06:04:19Z,1636886,67260
PJ6EJPBX-R4,[게임계 남혐손 사태] 넥슨노조가 당하고 있는 여혐몰이,김성회의 G식백과,"✔️넥슨노조 '스타팅포인트'의 배수찬 지회장 인터뷰
✔️책상 건드리는 소리 오디오 이슈가 있습니다. 시청에 불편을 드려 송구합니다. 해결하겠습니다 ㅠㅠ
📪 Business Contact: SANDBOX NETWORK
🎥 유튜버, 스트리머를 위한 방송세팅: https://www.drgo.pro

#넥슨노조 #남혐손_사태 #배수찬",2023-12-03T04:27:30Z,730918,19531
c5T7xjhcW1k,트위치 한국 철수.. 망 사용료를 원흉으로 지목했다? 그동안의 소식 정리해봤습니다.,ITSub잇섭,"12월 6일 트위치가 한국 시장 철수 소식을 밝혀왔습니다.. 주 이유로 꼽은 것이 ‘한국의 망 사용료 부담’ 이기도 하고, 작년 제가 올린 망 사용료 영상에 이어 업데이트된 그동안의 소식들이 있기 때문에 타임라인 순으로 한 번에 짚어보고, 트위치가 없어진 이후 시장이 어떻게 될 지도 궁금해서 정리해 봤습니다!

🎵 BGM.
ES_Jacuzzi - Jobii

⏲️ Timestamps.
00:00 난 뭔 잘못인데
00:12 오프닝
00:59 1차 트위치의 난
02:41 망 사용료 법안 재도전
03:28 트위치 축소부터 철수까지
04:31 트위치 철수의 진짜 이유?
07:31 다른 CP들 상황?
08:15 스트리밍에 네이버 참전?
09:36 오늘의 결론

🔖Tags.
#망사용료
#트위치
#치지직
#유튜브
#아프리카TV

💡 Merch.
블랙카우랩스 굿즈를 사고 싶다면?
-https://abit.ly/blackcowlabs

📨 Business contacts.
 itsub@itud.io",2023-12-07T12:45:05Z,759057,14028
zH-CdfAQUFU,일주일만에 섭종을 왜 한지 알겠네 ㅋㅋ [클로저스 rt 리뷰],영래기,"일주일만에 섭종을 왜 한지 알겠네 ㅋㅋ [클로저스 rt 리뷰]
#클로저스RT #일주일섭종

0:00 인트로
0:41 오픈부터 문제
2:35 이딴 게 2023년 게임?
4:57 전략적인 게임성?
8:40 마무리

▶ 나레이션 : 무룩
▶ 인트로 / 그림: 밍구, 융리, 세치혀, 닥퍼, 함마
▶ 인트로 음악 : Jensation - Delicious [NCS Release]
▶ 아웃트로 음악 : Raven & Kreyn - Muffin [NCS Release]
▶ 영래기의 겜역사: https://www.youtube.com/playlist?list=PLxhKUTmjpPWibiFeTgu9PrPcRoDzYkX2o 
▶ 영래기의 겜토리: https://www.youtube.com/playlist?list=PLxhKUTmjpPWiv-fATNypjI2igNSmcXoFW 
▶ 영래기의 겜구석: https://www.youtube.com/playlist?list=PLxhKUTmjpPWhUmZ5a_PiF3UDbUK4K-gPt 
▶ 영래기의 겜뉴스: https://www.youtube.com/watch?v=IF2Ck1yNKGw&list=PLxhKUTmjpPWgSvQdxE8dkiKfJmFFDzUAt 

━━━━━━━━━━━━━━━━━━━━━━━━━━━ 
모든게임의 리뷰 및 게임뉴스를 하는 영래기입니다! 
영상을 재밌으셨다면 구독, 좋아요 부탁드립니다:) ━━━━━━━━━━━━━━━━━━━━━━━━━━ 

＊ E - Mail : jyl8139@naver.com 
＊ FaceBook : https://goo.gl/W3HD4g 
＊Youtube : https://goo.gl/N7D9h7",2023-06-21T12:00:52Z,225891,3025
dJUW2xWrjkY,자갈치가 맵다고요..? 한국인도 몰랐던 봉지과자 특🥄ㅣ돈슐랭 / 14F,14F 일사에프,"“자갈치가 매운 시즈닝이라고요..?”
한국인도 몰랐던 봉지과자 특

#바나나킥 #농심 #삼양",2025-04-07T09:00:44Z,228343,2393
MUH8szIcXQo,'외모가 제일 중요하다' 죽음의 열매를 파는 대만 여성들 '빈랑서시',당신이 몰랐던 이야기,#빈랑서시 #대만 #빈랑 #죽음의열매 #당몰이 #당신이몰랐던이야기,2026-02-26T12:45:50Z,892446,8348
riPhavChrVM,넥슨과 한국 게임 업계에 퍼진 '스튜디오 뿌리 사태'에 대해 알아보자 ㄷㄷㄷㄷㄷ,김준표,"김준표 굿즈 카드 '파이널덱'
https://smartstore.naver.com/rlawnsvy/products/9146510467

김준표 마술사 스마트 스토어
https://smartstore.naver.com/rlawnsvy

위 이야기는 사실과 아주 다를 수 있습니다

댓글과 트위치로 함께 소통합시다

많이 사랑합니다.

트위치 : 마술사김준표
월수금일 오후 7시 방송

마술 강의

렉쳐노트
https://www.lnmagic.co.kr/goods/goods_search.php?keyword=%EA%B9%80%EC%A4%80%ED%91%9C&recentCount=10

아르카나
https://arcanamagic.com/?s=%EA%B9%80%EC%A4%80%ED%91%9C&post_type=course

김준표 배우는 마술 클래스 101
https://101.gg/junpyo-class

비즈니스 & 합방 공연 & 강의 문의
adm@treasurehunter.co.kr

공연 및 강의 정보
https://www.notion.so/kalidcerona/9f4490ab22414594874f7fbabe1bb59a

영상을 퍼가실 경우 꼭 출처를 남겨주시길 바라며
다른 영상과 합치지 마시길 바랍니다",2023-12-09T09:06:50Z,465099,6879
hCvz-srP6bE,게이머는 개돼지다,지존조세,"지존조세 이메일 : tusim@naver.com





트위치 : https://www.twitch.tv/tusim90

트윕 후원 : https://twip.kr/tusim90

투네이션 후원 : https://goo.gl/ZSwHji




광고, 돈, 숙제아님
광고, 돈, 숙제아님
광고, 돈, 숙제아님
광고, 돈, 숙제아님
광고, 돈, 숙제아님
광고, 돈, 숙제아님
광고, 돈, 숙제아님
광고, 돈, 숙제아님
광고, 돈, 숙제아님
광고, 돈, 숙제아님





유튜브
2019.1.7         10,000명
2019.0.18       20,000명
2019.3.14       30,000명
2019.4.19       40,000명
2019.4.30       50,000명
2019.6.6         60,000명
2019.7.8         70,000명
2019.9.2         80,000명
2019.10.12     90,000명
2019.11.01    100,000명
2019.11.29    110,000명
2019.12.31    120,000명
2020.03.17    130,000명
2020.08.06    140,000명
2020.10.21    150,000명
2021.02.10    160,000명
2021.05.21    170,000명
2021.08.20    180,000명
2021.09.10    190,000명
2022.01.22    200,000명
2022.04.20    210,000명
2022.08.12    220,000명
2022.10.10    230,000명
2023.04.10    240,000명
2023.08.15    250,000명",2023-09-27T12:00:39Z,378836,7819
oO3uVjs_1gg,NC의 신작 게임이 '개고기 탕후루' 라고 욕을 먹는 이유 [쓰론앤리버티(TL) 리뷰],영래기,"NC의 신작 게임이 '개고기 탕후루' 라고 욕을 먹는 이유 [쓰론앤리버티(TL) 리뷰]
#TL #쓰론앤리버티 #게임리뷰

00:00 평점
00:10 인트로
00:43 그래픽, 컷신 담당자는 나가..
01:36 몰입감 없는 스토리
02:49 너무 오래되고 답답한 RPG
07:32 그래도 참고하면 재밌는 거 있긴 있어!
09:52 쟁에는 충실한 게임
11:16 착한 BM, 박살난 경제
14:05 상대는 NC야.. 방심하지마!
15:06 마치며

▶ 나레이션 : 무룩
▶ 인트로 / 그림: 밍구, 융리, 세치혀, 닥퍼, 함마
▶ 인트로 음악 : Jensation - Delicious [NCS Release]
▶ 아웃트로 음악 : Raven & Kreyn - Muffin [NCS Release]
▶ 영래기의 겜역사: https://www.youtube.com/playlist?list=PLxhKUTmjpPWibiFeTgu9PrPcRoDzYkX2o
▶ 영래기의 겜토리: https://www.youtube.com/playlist?list=PLxhKUTmjpPWiv-fATNypjI2igNSmcXoFW
▶ 영래기의 겜구석: https://www.youtube.com/playlist?list=PLxhKUTmjpPWhUmZ5a_PiF3UDbUK4K-gPt
▶ 영래기의 겜뉴스: https://www.youtube.com/playlist?list=PLxhKUTmjpPWgSvQdxE8dkiKfJmFFDzUAt",2023-12-25T05:15:01Z,338901,3825
uXOGRdTX2pY,피부과 분위기 난리도 아니야~! [SNL 코리아] 시즌 8 ‘스마일 클리닉’ 하이라이트,쿠팡플레이 Coupang Play,"🚩SNL 코리아 풀버전은 쿠팡플레이에서!
https://coupangplay.app.link/gBDQn7xUM1b

🚩이번 주 SNL 코리아 주요 코너는?
- 내 아이의 사회생활
- 슬기로운 깜빵여친
- 스마일 클리닉
- 퀸카로 살아남는 법
- 수정이는 지구지킴이
- 나는 HUBO
- 위켄드 업데이트

#SNL코리아 #쿠팡플레이 #하이라이트",2026-05-24T09:05:00Z,961299,6432
VToEAj-Iwd8,대기업 회장조차도 피해갈 수 없는 인터넷 표 조리돌림 ㅋㅋㅋㅋㅋㅋㅋㅋ,아이템의 인벤토리,"삼백다섯번째로 알아볼 것은 '인터넷의 조리돌림' 입니다

BGM 정보 ::

Track: RetroVision - Campfire [NCS Release]
Music provided by NoCopyrightSounds.
Watch: https://youtu.be/geOGWGe0aB8
Free Download / Stream: http://ncs.io/CampfireYO

00:00 MY HEART!! I LOVED HER!!!
02:01 본전도 못 건진 감다뒤 먹방광고
06:18 ??? : 저 진짜 공격받았다니까요
10:44 대유쾌 슬라이스",2026-05-01T08:16:14Z,327409,5847
pX1mZumMQ8s,"🤏현재 한국 게임이 '남혐 논란'으로 난리난 이유 [스튜디오 뿌리, 남혐 사태]",영래기,"🤏현재 한국 게임이 '남혐 논란'으로 난리난 이유 [스튜디오 뿌리, 페미 남혐 사태]
#뿌리스튜디오 #페미 #메이플

▶ 나레이션 : 무룩
▶ 썸네일: 레몬, 에라센세
▶ 인트로 음악 : Jensation - Delicious [NCS Release]
▶ 아웃트로 음악 : Raven & Kreyn - Muffin [NCS Release]
▶ 영래기의 겜역사: https://www.youtube.com/playlist?list=PLxhKUTmjpPWibiFeTgu9PrPcRoDzYkX2o
▶ 영래기의 겜토리: https://www.youtube.com/playlist?list=PLxhKUTmjpPWiv-fATNypjI2igNSmcXoFW
▶ 영래기의 겜구석: https://www.youtube.com/playlist?list=PLxhKUTmjpPWhUmZ5a_PiF3UDbUK4K-gPt
▶ 영래기의 겜뉴스: https://www.youtube.com/playlist?list=PLxhKUTmjpPWgSvQdxE8dkiKfJmFFDzUA",2023-11-28T06:00:22Z,272799,5770
Yy0jDix3rpU,왜 너희가 서운해...?│【스튜디오 뿌리 논란 정리】,발자국 연구소 [Footprint LABO],"커뮤니티를 뜨겁게 달구고 있는 '스튜디오 뿌리 남성혐오 심볼 논란'을 정리해 봤습니다.

00:00 '뿌리'는 뭐 하는 회사인가?
00:31 사건의 발단
02:12 분노한 게임사들
04:03 왜 이렇게까지 커졌을까?
04:40 뿌리의 사과문과 전직 뿌리 애니메이터의 반박
06:05 '중간 분할 참고'란?
07:38 넥슨에게 서운하다는 '뿌리'
07:57 결론

▬▬▬▬▬▬▬▬▬▬▬▬▬▬▬▬▬▬▬▬▬▬▬▬▬▬▬▬▬

Song : Have - Regretting
Follow Artist : https://bit.ly/3CqZjGK

Music promoted by DayDreamSound : https://bit.ly/3LdeaMy

▬▬▬▬▬▬▬▬▬▬▬▬▬▬▬▬▬▬▬▬▬▬▬▬▬▬▬▬▬


⭐ Free Download / Usage Policy:   

 • https://www.youtube.com/watch?v=LN0AdQyCQAs

▬▬▬▬▬▬▬▬▬▬▬▬▬▬▬▬▬▬▬▬▬▬▬▬▬▬▬▬▬
Track: Haunted House — Declan DP [Audio Library Release]
Music provided by Audio Library Plus
Watch: https://bit.ly/3s51OyK
Free Download / Stream: https://alplus.io/haunted-house
▬▬▬▬▬▬▬▬▬▬▬▬▬▬▬▬▬▬▬▬▬▬▬▬▬▬▬▬▬
🎵Music provided by 브금대통령
🎵Track : Keep The Tension -   

 • https://www.youtube.com/watch?v=YRQhxG1O8-8
▬▬▬▬▬▬▬▬▬▬▬▬▬▬▬▬▬▬▬▬▬▬▬▬▬▬▬▬▬


🎵Music provided by 브금대통령
🎵Track : 스파이 -   

 • https://www.youtube.com/watch?v=skbPY7Inl5o 
▬▬▬▬▬▬▬▬▬▬▬▬▬▬▬▬▬▬▬▬▬▬▬▬▬▬▬▬▬

When you are using this track, we simply ask that you put this in your description:

Track: Steve Hartz - Never Give Up  [NCS Release]
Music provided by NoCopyrightSounds.
Watch:   
 • https://www.youtube.com/watch?v=RtuaLaMFZSI
Free Download / Stream: http://ncs.io/NeverGiveUp",2023-12-06T07:08:13Z,79098,1380
etU12hGn7IA,"던파 최악의 사건 이후, 던파 근황",펭귄몬스터,"3:13 5월 10일이 아니라 9월 10일입니다

7:57 오즈마 레이드의 출시일은 5월 27일입니다. 얼마 안 남았네요 ㅎ",2021-05-15T11:48:54Z,759843,5322
E5eu-5CmSu4,🤏모든 게임을 비상 걸리게 한 '넥슨 뿌리 사태' 근황,영래기,"🤏모든 게임을 비상 걸리게 한 '넥슨 뿌리 사태' 근황
#뿌리스튜디오 #넥슨 #성별혐오OUT

▶ 나레이션 : 무룩
▶ 썸네일: 레몬, 에라센세
▶ 인트로 음악 : Jensation - Delicious [NCS Release]
▶ 아웃트로 음악 : Raven & Kreyn - Muffin [NCS Release]
▶ 영래기의 겜역사: https://www.youtube.com/playlist?list=PLxhKUTmjpPWibiFeTgu9PrPcRoDzYkX2o
▶ 영래기의 겜토리: https://www.youtube.com/playlist?list=PLxhKUTmjpPWiv-fATNypjI2igNSmcXoFW
▶ 영래기의 겜구석: https://www.youtube.com/playlist?list=PLxhKUTmjpPWhUmZ5a_PiF3UDbUK4K-gPt
▶ 영래기의 겜뉴스: https://www.youtube.com/playlist?list=PLxhKUTmjpPWgSvQdxE8dkiKfJmFFDzUA",2023-12-02T05:00:08Z,241910,5873
BPfaGBehW98,이재명이 스타벅스 부풀려 숨긴 것들/ 박근혜 한마디에 현장 술렁...민주당 사색됐다 [이것이 뉴스다],펜앤마이크TV,"펜앤마이크는 사즉생의 마음으로 대한민국 체제 수호에 매진하겠습니다
후원계좌 : 기업은행 107-271-5881 (주식회사 펜앤마이크)

ARS 후원신청 : 1877-0216

해피나눔 정기후원신청 :  https://www.ihappynanum.com/Nanum/B/0BT4KW55HB

일반후원계좌 : 기업은행 02-2138-5881 (주식회사 펜앤마이크)

정기후원계좌 :  기업은행 024-088734-04-046 (주식회사 펜앤마이크)

페이팔 및  해외송금 :   http://www.pennmike.com/com/spon.html

여러분의 많은 후원 부탁드립니다. 감사합니다.

★펜앤마이크 구독자 그룹 단톡방 개설★

https://open.kakao.com/o/g2Iurtkf

비밀번호 : 1801

자유롭게 구독자분들과 펜앤마이크와 소통할 수 있어요.

🏅 채널에 가입하여 혜택을 누려보세요! 👉 https://bit.ly/3J6jwWD

월~금 오전 9시 - 허현준의 굿모닝 대한민국
월~금 오후 6시 - 최대현의 이것이 뉴스다
월.화.수.금 오후 3시 - MZ레지스탕스
목요일 오후 1시 30분 김용삼의 역사추적 
목요일 오후 3시 - 백지원의 백발백중

👏 영상이 마음에 드신다면, 영상 아래 메뉴의 'Thanks' 버튼으로 후원해주세요!

#펜앤마이크 #이재명 #박상규 #강대규 #지방선거 #스타벅스 #불매 #불매운동 #국민의힘 #민주당 #대전 #518 #선거유세  #여론조사 #윤호중 #송미령  #김상욱 #박근혜 #강원도 #김진태 #강원교육감 #강원도지사
#우상호",2026-05-25T10:45:53Z,64038,12101
yu2nWsAIVcE,"한동훈 캠프에 들어오는 국힘 공동 유세 요청...“박형준 캠프서 ‘지하철 한번 같이 타자’고”(송영훈 전 국민의힘 대변인, 김준일 시사평론가)📌광화문 비대위",동아일보,"🔴본방송은 매주 월•수요일 오전 10시 동아일보 유튜브에서

📌 광화문 비대위
00:00 하이라이트
00:35 신동욱 “하정우 파이팅” 논란… 들켜버린 속마음?
⚪송영훈 전 국민의힘 대변인
⚪김준일 시사평론가

Copyright Ⓒ 동아일보. All rights reserved. 무단 전재, 재배포 및 AI 학습 이용 금지

동아일보 공식 홈페이지에서 더 많은 기사를 읽어보세요
👉 https://www.donga.com

네이버 동아일보 페이지 구독을 통해 더 많은 기사를 읽어보세요
👉 https://media.naver.com/press/020

동아일보 🎁구독 패키지🎁로 신문 구독 부담 없이 시작해 보세요!
💰3개월 단기 구독으로 쉽고 가볍게 동아일보 종이 신문 구독 가능
📚밀리의서재, 윌라, 어린이과학동아 등 다양한 콘텐츠 대기 중

🔽자세한 내용은 동아일보 브랜드 스토어에서🔽
https://smartstore.naver.com/dbr/category/299be857bc114beb8662150c3d131328?cp=1",2026-05-25T07:30:17Z,46600,5097
h6hZNwiMMx4,"""쎄함은 과학입니다"" FBI 요원이 직감을 믿는 이유ㅣ글로벌초대석 EP.1",지식인사이드,"오늘은 25년 경력 전직 FBI 요원이신 조 내버로 수사관님을 모시고
FBI의 실체와 나르시시스트의 위험성에 대해 이야기를 나눠봤습니다.
영상이 유익 했다면 구독!! 영상이 재밌으셨다면 좋아요 버튼을 눌러주세요!
 
👇조 내버로 수사관님 책『Mastering Connections』
https://a.co/d/0cu4a0EL

00:00 인트로
00:31 구독자 인사
01:28 영화는 전부 가짜다? 전직 요원이 말하는 FBI의 실체
03:20 영어도 못하던 쿠바 소년이 FBI 요원이 된 과정
05:09 10년짜리 스파이 작전 후 얻은 교훈
07:02 FBI 요원이 알려주는 심리 간파 비법
10:35 사이코패스보다 나르시시스트가 백 배 더 위험한 이유
14:38 1200명 피해자 조사 후 깨달은 나르시시스트의 실체
17:40 나르시시스트에 대처하는 두 가지 질문
21:00 나르시시스트 무력화 시키는 방법 3가지
23:19 무심코 하는데 나르시시스트의 표적이 되는 행동
24:50 가스라이팅하는 사람들이 밥 먹듯이 하는 말
26:23 ""쎄함은 과학입니다"" FBI 요원이 직감을 믿는 이유
29:08 FBI는 '이런 성격' 가진 사람을 가장 경계합니다

👇지식인사이드에 출연을 원하신다면 여기를 눌러주세요
https://forms.gle/u4LxVcwFdhvkLH8m6
knowledgeinside7@gmail.com

👇 다양한 채널에서 지식인사이드의 지식을 얻고 싶다면 여기를 눌러주세요
인스타그램: https://www.instagram.com/knowledgeins_kr/
페이스북: https://www.facebook.com/knowledgeIns7?mibextid=LQQJ4d
네이버 TV: https://tv.naver.com/purejboy2
틱톡: https://www.tiktok.com/@allstorieskr?lang=ko-KR
네이버 카페: https://cafe.naver.com/knowledgeins",2026-05-25T01:00:37Z,95333,2800
9cFM1kKWqxE,"""중국 공장 싹다 빼!"" 참다못한 삼성 충격 결단. 중국은 이제 쫄딱 망했다 | 이춘근 박사 3부",달란트투자,"*본 영상은 5월 20일에 촬영되었습니다. (시청에 참고하시기 바랍니다.)

▶️이춘근 박사님 5/28(목) 무료 세미나 신청: https://forms.gle/bixGGDtkYS8u1aZv6
▶️이춘근 박사님 신간 도서 출간: 질서의 소멸 | 이춘근 - 교보문고
https://product.kyobobook.co.kr/detail/S000219390653

00:30 중국 가보면 까무라친다. 9억명이 쫄쫄 굶어죽는다
07:31 삼성전자 전례없는 충격 결단. 중국 이제 쫄딱 망했다

#중국인구 #삼성철수 #중국경제

▶️이춘근 박사님 신간 도서 출간: 질서의 소멸 | 이춘근 - 교보문고
https://product.kyobobook.co.kr/detail/S000219390653

👉원픽리포트 '유튜브 채널'  https://www.youtube.com/@onepickreport/videos

▶️ [2026~2027 대한민국 산업지도]
1. 교보문고 : https://han.gl/GdPKZ
2. 예스24 : https://han.gl/jz3lv
3. 알라딘 : https://han.gl/ptS1O
4. 카톡 선물하기(예스24) : https://han.gl/wCyLe

※ 출연자에 대한 인신공격, 근거없는 비난, 욕설, 비속어를 포함한 댓글은 무통보 삭제될 수 있습니다. 성숙한 소통 문화 형성에 동참해주시기 바랍니다. 감사합니다.

※ 사전 협의 없이 달란트투자에서 제작 및 게시한 영상, 자료의 무단 복제 및 재가공하는 행위를 금합니다.",2026-05-25T08:00:06Z,76670,6801
KSsNViYImt0,"[현장 생중계] 박근혜 대통령 충북,대전 방문 [육영수 여사 생가 방문,대전 이장우 선거사무소 방문]",펜앤마이크TV,"펜앤마이크는 사즉생의 마음으로 대한민국 체제 수호에 매진하겠습니다
후원계좌 : 기업은행 107-271-5881 (주식회사 펜앤마이크)

ARS 후원신청 : 1877-0216

해피나눔 정기후원신청 :  https://www.ihappynanum.com/Nanum/B/0BT4KW55HB

일반후원계좌 : 기업은행 02-2138-5881 (주식회사 펜앤마이크)

정기후원계좌 :  기업은행 024-088734-04-046 (주식회사 펜앤마이크)

페이팔 및  해외송금 :   http://www.pennmike.com/com/spon.html

여러분의 많은 후원 부탁드립니다. 감사합니다.


★펜앤마이크 구독자 그룹 단톡방 개설★

https://open.kakao.com/o/g2Iurtkf

비밀번호 : 1801

자유롭게 구독자분들과 펜앤마이크와 소통할 수 있어요.

🏅 채널에 가입하여 혜택을 누려보세요! 👉 https://bit.ly/3J6jwWD

월~금 오전 9시 - 허현준의 굿모닝 대한민국
월~금 오후 6시 - 최대현의 이것이 뉴스다
월.화.수.금 오후 3시 - MZ레지스탕스
목요일 오후 1시 30분 - 김용삼의 역사추적 
목요일 오후 3시 - 백지원의 백발백중

👏 영상이 마음에 드신다면, 영상 아래 메뉴의 'Thanks' 버튼으로 후원해주세요!",2026-05-25T04:52:50Z,210813,11668
E6ACxaFfrTM,백광현 출연 |  부인 극구 만류에도 유동규 결국...유동규 출소 회견 및 음주 회동 비하인드썰 [판읽기],조선일보,"최근 유동규 본부장과 술먹방으로 화제가 된 유튜브 '백브리핑' 채널 운영자 백광현이 직접 푸는 유동규 수감 당시 면회썰과 그동안 풀어왔던 녹취를 통한 '대장동 사건'의 재구성! 영상으로 확인하시죠!

◈채널에 가입하여 혜택을 누려보세요◈
https://www.youtube.com/channel/UCdp4_yTBhQmB8E339Lafzow/join

◈ 사실에 대한 믿음, 할 말을 하는 용기. 조선일보◈
     조선일보가 만드는 유튜브는 다릅니다.
     구독! 좋아요! 공유하기! 는 사랑입니다❤

🔸 조선닷컴 공식 홈페이지 https://chosun.app.link/Tv2pQSJ3csb
🔸 조선일보 무료 구독 체험 https://chosun.app.link/j3tMd6O3csb
🔸 당신의 건강과 행복을 위한 채널 '오!건강' 👉🏻 https://bit.ly/3JzNuS1 구독해주세요!! 

◈◈◈ 조선일보 유튜브  제작협찬  및 제휴광고 문의 ◈◈◈
  👉🏻👉🏻👉🏻 ghm@studioghm.com 👈🏻👈🏻👈🏻

#조선일보 #뉴스 #속보 #제보",2026-05-24T10:00:07Z,36112,3299
NkHy4u6B5iQ,"이재명 과거 발언 재조명?!...김민수 ""대장동 본인이 했다면서요 영상으로 다 남아있어요"" [엄튜브]",뉴스TVCHOSUN,"​@eomtube8309 
☝️엄튜브의 또다른 영상이 궁금하다면?

김민수 국민의힘 최고위원이 이재명 대통령의 과거 ‘대장동 발언’을 다시 짚었습니다.
김 최고위원은 “대장동 설계는 제가 했죠”, “당군 이래 최대 치적” 등 이 대통령 본인의 발언이 영상으로 남아 있다고 강조했습니다.
이어 대장동 사건의 실체는 “머리부터 발끝까지 이재명”이라고 주장하며, 스스로 남긴 육성이 중요한 증거라고 주장했습니다.
또 “대장동 몸통은 윤석열”이라고 했던 과거 공세와 녹취록 논란을 언급하며, 책임의 출발점을 다시 물어야 한다고 말했습니다.
김 최고위원은 대장동 의혹이 다른 이슈들에 묻혀 잊혀져서는 안 된다며 재판 속개 필요성을 거듭 언급했습니다.

#엄튜브 #대장동 #이재명


[TV조선 뉴스·시사 프로그램｜유튜브 라이브 방송시간]

📡 월~금 07:00 강상구 부장의 투시경 (유튜브)
📡 월~금 07:30 뉴스퍼레이드
📡 월        08:40 네트워크 매거진
📡 월~금 09:00 신통방통 
📡 월~금 10:20 류병수의 강펀치 (유튜브)
📡 월~금 13:00 보도본부 핫라인
📡 월~금 14:00 엄튜브 라이브 (유튜브)
📡 월~금 14:30 사건파일 24
📡 월~금 16:00 뉴스트라다무스 (유튜브)
📡 월~금 17:20 시사쇼 정치다
📡 월~금 21:00 뉴스9
📡 토~일 14:00 뉴스현장
📡 토~일 17:40 시사쇼 정치다
📡 토~일 19:00 뉴스7

[Ch.19]  사실을 보고 진실을 말합니다.

👍🏻 공식 홈페이지 http://news.tvchosun.com/
👍🏻 공식  페이스북 https://www.facebook.com/tvchosunnews/
👍🏻 공식 트위터 https://twitter.com/TVChosunNews

* 뉴스제보 : 이메일(tvchosun@chosun.com), 카카오톡(tv조선제보), 전화(1661-0190)",2025-11-13T09:41:48Z,292995,15696
x_5g8eAz424,나의 사회적 신분을 결정하는 ‘3가지’ 행동ㅣ지식인초대석 EP.155 (보만 스님 2부),지식인사이드,"오늘은 보만 스님을 모시고

중년 남성의 심리와 가족 관계에서 지켜야 할 최소한의 선에 대해 들어봤습니다.

영상이 유익 했다면 구독!! 영상이 재밌으셨다면 좋아요 버튼을 눌러주세요!

#보만스님 #지식인사이드 #스님 #불교 #깨달음 #중년 #가족

00:00 인트로
00:32 구독자 인사
00:56 스님이 ‘남성심리학은 없다’고 말하는 이유
04:33 한국 남성들이 뒤늦게 깨닫는 인생의 진실
07:34 아내를 ‘와이프’, ‘마누라’라고 부르지 마세요
11:17 나의 사회적 신분을 결정하는 ‘3가지’ 행동
14:44 결혼하면 무조건 싸울 수밖에 없는 부부들의 착각
18:22 “스님도 사랑을 하세요?” 큰스님의 소름돋는 대답
20:10 결혼하기 전 반드시 확인해봐야 하는 ‘1가지’
23:28 인생에서 성공과 실패는 늘 한 몸으로 찾아옵니다
25:33 스님이 고백하는 인생에서 가장 부끄러웠던 순간

*본 영상은 26년 4월 3일에 촬영되었습니다 

ㅡ

👇지식인사이드에 출연을 원하신다면 여기를 눌러주세요
https://forms.gle/u4LxVcwFdhvkLH8m6
knowledgeinside7@gmail.com

👇 다양한 채널에서 지식인사이드의 지식을 얻고 싶다면 여기를 눌러주세요
인스타그램: https://www.instagram.com/knowledgeins_kr/
페이스북: https://www.facebook.com/knowledgeIns7?mibextid=LQQJ4d
네이버 TV: https://tv.naver.com/purejboy2
틱톡: https://www.tiktok.com/@allstorieskr?lang=ko-KR
네이버 카페: https://cafe.naver.com/knowledgeins",2026-05-24T01:00:25Z,262646,8538
3oozJssFCxY,"""외계인급 기술.."" 미국이 한국 반도체를 절대 못 이기는 이유 l 국경없는 클래스 EP.12 (권석준 교수 1부)",어썸코리아 Awesome Korea,"얼마전 코스피 8000을 찍는 데에 기여한 반도체! 
오늘 권석준 교수님과 함께 K-반도체이야기로 빠져봅시다!
권석준 교수님과 함께하는 즐거운 반도체 이야기📚

00:00 하이라이트
01:52 ""세상이 뒤바뀌었다"" 전 세계가 난리난 반도체 시장 근황 
04:33 코스피 8000까지 견인한 한국 반도체의 실체 
18:10 이건희 회장 한 마디에 전 세계 반도체 패권이 바뀐 이유 
23:56 삼성이 살 뻔 했던 회사가 지금은 세계 반도체를 지배하고 있는 이유 
33:30 유럽 반도체 산업이 이토록 발전되지 못한 이유 
35:58 앞으로 10년 뒤엔 삼성과 하이닉스가 가보지 않은 길을 개척해야 하는 이유

👇🏻어썸코리아 출연문의👇🏻
awesomekorea01@gmail.com

어썸코리아 페이스북
👉🏻https://www.facebook.com/profile.php?id=100076075216745
어썸코리아 네이버클립
👉🏻https://clip.naver.com/@awesomewhy",2026-05-24T01:30:08Z,393402,9993
12NlsNn2JME,"백광현 출연 | 박상용 검사·정유미 검사 총출동, 국회서 공소취소 찬반 토론회 열린다 ""민주당 의원들 피하지 말고 나오시라"" [판읽기]",조선일보,"오는 5월 24일 일요일 오후 3시, 유튜브 '백브리핑' 채널 운영자 백광현 대표가 국회 의원회관 대회의실에서 '공소취소 찬반 토론'을 엽니다. 박상용 검사·정유미 검사가 총출동할 예정인데요! 다만 민주당 의원들은 다양한 이유로 이 자리를 피하고 있다고 합니다. 그리고 임은정 검사장의 반응까지! 
영상으로 확인하시죠!
 
◈채널에 가입하여 혜택을 누려보세요◈
https://www.youtube.com/channel/UCdp4_yTBhQmB8E339Lafzow/join

◈ 사실에 대한 믿음, 할 말을 하는 용기. 조선일보◈
     조선일보가 만드는 유튜브는 다릅니다.
     구독! 좋아요! 공유하기! 는 사랑입니다❤

🔸 조선닷컴 공식 홈페이지 https://chosun.app.link/Tv2pQSJ3csb
🔸 조선일보 무료 구독 체험 https://chosun.app.link/j3tMd6O3csb
🔸 당신의 건강과 행복을 위한 채널 '오!건강' 👉🏻 https://bit.ly/3JzNuS1 구독해주세요!! 

◈◈◈ 조선일보 유튜브  제작협찬  및 제휴광고 문의 ◈◈◈
  👉🏻👉🏻👉🏻 ghm@studioghm.com 👈🏻👈🏻👈🏻

#조선일보 #뉴스 #속보 #제보",2026-05-22T08:30:25Z,27705,1511
gPKvdWJJdEY,"'대장동 녹취 폭로' 백광현 특별 초대석...""유동규·남욱 '팩트로만 하고 벌 받자'고 해...녹취 많으니 거짓말 할 생각 마시라""  [흑백여의도]",조선일보,"‼️해풍쑥찰떡 구매 링크‼️  
https://sukwon655.flexg.shop/dE4dOpv 
[흑백여의도] 영상 링크로 구매하시면 34% 할인된 가격으로 구매 가능합니다!

📢쫄깃쫄깃 국내산 고흥 해풍쑥찰떡! 
🔸100% 국내산 찹쌀과 청정지역 전남 고흥 쑥을 사용! 
🔸고흥의 바닷바람과 미네랄 물을 머금은 진한 해풍쑥을 듬뿍! 
🔸14cm의 넉넉한 길이에서 느껴지는 극강의 쫄깃함과 찰기! 
🔸말랑말랑한 식감으로 치아가 약한 어르신들께도 안성맞춤! 
🔸간식용으로도, 선물용으로도 완벽한 해풍쑥찰떡! 

🎙 출연진 소개
정치맹수ㅣ설주완 (변호사)
공격소나무ㅣ신주호 (전 국민의힘 상근부대변인)
청와대연구소장 | 권현서 (경제사회연구원 미래센터장)
정찢남 | 문성호 (개혁신당 대변인) 

어제(16일) 국회에선 대장동 사건 등을 둘러싼 검찰의 조작 기소 의혹 청문회가 열렸습니다. 청문회 이후 백브리핑을 운영 중인 백광현 씨가 이 주장을 정면 반박하는 녹취록을 공개했는데요. 오늘 흑백여의도에서 백광현 씨와 이야기를 나눠봤습니다.  

백광현 씨의 녹취록에 따르면 남욱 변호사는 문재인 정권의 1기 수사팀에 사건의 실체를 사실대로 진술했으나, 담당 검사가 보고 후 당황하며 조서에서 해당 내용을 삭제하는 등 수사를 축소하려 했던 모습이 생생히 드러났습니다. 이는 현재 민주당이 주장하는 ‘2기 수사팀의 표적 수사’ 설을 정면으로 뒤엎는 것으로, 오히려 1기 수사팀이 유동규 전 본부장을 단독 주범으로 몰아 윗선을 지키려 했던 ‘사건 조작’의 주체였다는 의혹을 뒷받침합니다. 

백광현 씨는 아직 공개되지 않은 방대한 분량의 녹취록을 근거로 향후 1기 수사팀과 민주당에 대해 추가 폭로를 이어가겠다는 경고를 남겼습니다.

◈채널에 가입하여 혜택을 누려보세요◈
https://www.youtube.com/channel/UCdp4_yTBhQmB8E339Lafzow/join

◈ 사실에 대한 믿음, 할 말을 하는 용기. 조선일보◈
     조선일보가 만드는 유튜브는 다릅니다.
     구독! 좋아요! 공유하기! 는 사랑입니다❤

🔸 조선닷컴 공식 홈페이지 https://chosun.app.link/Tv2pQSJ3csb
🔸 조선일보 무료 구독 체험 https://chosun.app.link/j3tMd6O3csb
🔸 당신의 건강과 행복을 위한 채널 '오!건강' 👉🏻 https://bit.ly/3JzNuS1 구독해주세요!! 

◈◈◈ 조선일보 유튜브  제작협찬  및 제휴광고 문의 ◈◈◈
  👉🏻👉🏻👉🏻 ghm@studioghm.com 👈🏻👈🏻👈🏻

#조선일보 #뉴스 #속보 #제보",2026-04-19T05:00:39Z,217136,11670
nNPX4ecX-dY,역대급 최저물량?!! 2027·2028 서울 아파트 물량 이미 답 정해져 있는 이유?![엄튜브],뉴스TVCHOSUN,"5월 수도권 입주 물량 올해 '최저'라는 전망치와 함께 한달새 61% '급감'했다는 보도가 있었습니다. 김인만 김인만부동산연구소 소장은 TV조선 유튜브 '엄튜브'에 출연해 ""2027년과 2028년 서울 아파트 물량도 10년 전 정책들의 영향으로 이미 정해져있다""라고 주장했습니다.
#엄튜브 #부동산 #김인만

[TV조선 뉴스·시사 프로그램｜유튜브 라이브 방송시간]

📡 월~금 07:30 뉴스퍼레이드
📡 월        08:40 네트워크 매거진
📡 월~금 09:00 신통방통 
📡 월~금 10:20 류병수의 강펀치 (유튜브)
📡 월~금 13:00 보도본부 핫라인
📡 월~금 14:00 엄튜브 라이브 (유튜브)
📡 월~금 16:00 뉴스트라다무스 (유튜브)
📡 월~금 17:20 시사쇼 정치다
📡 월~금 21:00 뉴스9
📡 월 10:00, 목 14:00 투시경 (유튜브)
📡 토~일 14:00 뉴스현장
📡 일       14:45 시사쇼 정치다
📡 토~일 19:00 뉴스7

[Ch.19]  사실을 보고 진실을 말합니다.

👍🏻 공식 홈페이지 http://news.tvchosun.com/
👍🏻 공식  페이스북 https://www.facebook.com/tvchosunnews/
👍🏻 공식 트위터 https://twitter.com/TVChosunNews

* 뉴스제보 : 이메일(tvchosun@chosun.com), 카카오톡(tv조선제보), 전화(1661-0190)",2026-05-07T09:41:32Z,17491,303
HfqzzulL3k0,"[이런뉴스] 박근혜, 대구 이어 충청 지원…“좋은 결과 있기를” / KBS 2026.05.25.",KBS News,"박근혜 전 대통령이 6·3 지방선거 국면에서 대구에 이어 충청권까지 찾으며 활동 반경을 넓히고 있습니다.

박 전 대통령은 25일 오전 충북 옥천을 찾아 모친인 육영수 여사의 생가를 방문했습니다.

국민의힘 김영환 충북지사 후보와 전상인 옥천군수 후보, 박덕흠·엄태영 국회의원 등이 동행했습니다.

박 전 대통령은 옥천에서 ""여기 와보면 부모님 뵙는 느낌이 들곤 했다""며 ""진정성을 가지고 반드시 약속한 것은 지킨다는 믿음을 주시게 되면 국민께서 알아주시고 선택을 하실 것이고, 김영환 (충북지사) 후보와 여러분들은 그렇게 해주실 분들""이라고 말했습니다.

박 전 대통령은 이후 인근 대전으로 이동해 국민의힘 이장우 대전시장 후보 선거사무소를 찾았습니다.

이 자리에서 ""이 후보는 아무리 어려운 일이 닥쳐도 흔들림 없이 신의를 지키신 한결같은 분""이라며 ""다시 한번 이 후보가 시민들을 위해 봉사하실 수 있도록 좋은 결과가 있기를 바란다""고 언급했습니다.

이후 박 전 대통령은 충남 공주 산성시장을 찾아 상인들과 시민들을 만나는 것으로 이날 일정을 마무리했습니다.

박 전 대통령은 지난 23일 국민의힘 추경호 대구시장 후보와 대구 칠성시장을 찾아 지원 유세를 나서는 것으로 국민의힘 후보 지원을 시작했습니다.

박 전 대통령은 오는 27일에는 경남 진주 등 PK 지역을 방문하고 28일 강원까지 찾을 것으로 전해졌습니다.

국민의힘 박성훈 중앙선대위 공보단장은 이날 여의도 중앙당사에서 기자들과 만나 ""박 전 대통령의 선거 지원은 무너져가는 대한민국을 더 이상 지켜볼 수 없다는 결단의 행보""라며 ""(중앙당과) 상의 없이 독자적인 판단으로 방문하시는 것으로 안다""고 설명했습니다.

박 단장은 박 전 대통령 지원 유세를 통해 ""전통적 보수를 결집하는 효과""가 있을 것이라고 기대했습니다.

박 전 대통령의 이장우 국민의힘 대전시장 후보 캠프 방문 모습을 영상에 담았습니다.(영상편집: 백성현)

▣ KBS 기사 원문보기 : http://news.kbs.co.kr/news/view.do?ncd=8569414

▣ 제보 하기
◇ 카카오톡 : 'KBS제보' 검색
◇ 전화 : 02-781-1234
◇ 홈페이지 : https://goo.gl/4bWbkG
◇ 이메일 : kbs1234@kbs.co.kr

Copyright ⓒ KBS. All rights reserved. 무단 전재, 재배포 및 이용(AI 학습 포함) 금지

#박근혜 #박근혜전대통령 #국민의힘 #이장우대전시장후보 #대구",2026-05-25T08:22:27Z,9067,425
uXCPOZdxZHo,[홍사훈쑈] 평택만의 문제 아니야 '격전지 악영향'ㅣ최강욱X조수진ㅣ2026년 5월 25일 월요일,김어준의 겸손은힘들다 뉴스공장,"#홍사훈 #홍사훈쑈 #홍사훈쇼 #홍쑈 #겸손은힘들다 #최강욱 #조수진 #김용남 #지방선거 #평택을 #조국 #유시민 #이재명 #일베 #이스라엘 

00:00:00 지난 방송 하이라이트 (5/22 금)
00:10:47 본 방송 시작
00:12:28 첫 번째 주제 - 평택을 어이할꼬
00:54:24 두 번째 주제 - 일베 사이트 폐쇄

제작 : (주)명랑사회

겸손멤버십: https://humblefactory.co.kr/%ea%b2%b8...
제보와 문의 : newsfactory2023@gmail.com
겸손 멤버십 관련 문의 : 02-6953-1904

영상의 무단 사용(AI학습 포함), 전재를 금지합니다.",2026-05-25T08:08:48Z,124369,14191
B4EksK2eaWA,이란 전쟁보다 끔찍한 대참사. 중국 지금 쫄딱 망할 판이다｜김진 앵커 풀버전1,달란트투자,"*본 영상은 5월 13일부터 5월 17일까지 방영된 김진 앵커님 출연 영상(1~4편)의 풀버전1입니다. 시청에 참고하시기 바랍니다.(촬영일: 5월 8일)

▶️김진 앵커 신간 도서 [품격 있는 대화를 위한 지식 브리핑] 구매링크: 
https://product.kyobobook.co.kr/detail/S000219732915

00:40 미군 기습에 이란 또 초토화. 테헤란 정권 붕괴 임박했다
11:41 ""핵무기 소용 없다"" 이란 군사력 싹다 거짓말. 혁명수비대 초비상 걸렸다
19:24 이란 전쟁보다 끔찍한 게 터졌다. 중국 공산당 초비상 걸린 이유
26:32 틈만나면 겁박하던 중국, 이제와서 한국에 쩔쩔매는 이유

#국제정세 #이란 #중국

▶️이춘근 박사님 신간 도서 출간: 질서의 소멸 | 이춘근 - 교보문고
https://product.kyobobook.co.kr/detail/S000219390653

심층 분석 자료와 실시간 경제/투자 인사이트를 얻고 싶다면?
▶️원픽리포트 사이트 : https://han.gl/VUy6l
▶️원픽리포트 정보방 : https://han.gl/IEoaN

▶️ [2026~2027 대한민국 산업지도]
1. 교보문고 : https://han.gl/GdPKZ
2. 예스24 : https://han.gl/jz3lv
3. 알라딘 : https://han.gl/ptS1O
4. 카톡 선물하기(예스24) : https://han.gl/wCyLe

※ 출연자에 대한 인신공격, 근거없는 비난, 욕설, 비속어를 포함한 댓글은 무통보 삭제될 수 있습니다. 성숙한 소통 문화 형성에 동참해주시기 바랍니다. 감사합니다.

※ 사전 협의 없이 달란트투자에서 제작 및 게시한 영상, 자료의 무단 복제 및 재가공하는 행위를 금합니다.",2026-05-20T07:30:13Z,360368,15422
A0pRFd9GYlk,??? : 우리 박수 한 번 칠까요? 잘한다 [엄튜브],뉴스TVCHOSUN,"16일 진행된 대장동 국조특위 영상을 본 이기인, 이재능이 서영교 의원한테 박수를 보냈습니다 과연 무슨 영상이었을까요?

#엄튜브 #대장동 #이기인 #이재능



[TV조선 뉴스·시사 프로그램｜유튜브 라이브 방송시간]

📡 월~금 07:30 뉴스퍼레이드
📡 월        08:40 네트워크 매거진
📡 월~금 09:00 신통방통 
📡 월~금 10:20 류병수의 강펀치 (유튜브)
📡 월~금 13:00 보도본부 핫라인
📡 월~금 14:00 엄튜브 라이브 (유튜브)
📡 월~금 14:30 사건파일 24
📡 월~금 16:00 뉴스트라다무스 (유튜브)
📡 월~금 17:20 시사쇼 정치다
📡 월~금 21:00 뉴스9
📡 월 10:00, 목 14:00 투시경 (유튜브)
📡 토~일 14:00 뉴스현장
📡 토~일 17:40 시사쇼 정치다
📡 토~일 19:00 뉴스7

[Ch.19]  사실을 보고 진실을 말합니다.

👍🏻 공식 홈페이지 http://news.tvchosun.com/
👍🏻 공식  페이스북 https://www.facebook.com/tvchosunnews/
👍🏻 공식 트위터 https://twitter.com/TVChosunNews

* 뉴스제보 : 이메일(tvchosun@chosun.com), 카카오톡(tv조선제보), 전화(1661-0190)",2026-04-17T10:14:17Z,66473,3180
dmNCUFI5_yY,[현장영상] 탄핵당한 대통령인데... 박근혜 이장우 공개지원,오마이TV,"[관련기사] https://omn.kr/2ice8 박근혜 ""이장우는 오랜 세월 함께한 동지... 좋은 결과 있기를""

전직 대통령 박근혜씨가 6·3 지방선거를 9일 앞두고 대전을 방문해 국민의힘 이장우 대전시장 후보 지원에 나섰다(취재-촬영: 장재완).

#지방선거 #박근혜 #이장우 #대전시장 #보수결집 #이병한의상황실 

[이병한의 상황실] 월~금 오후 4시
(진행 : 이병한/ 취재 : 김지현 · 박소희/ 영상취재: 권우성/ 영상편집-그래픽: 봉주영/ 연출 : 박순옥 · 최주혜 / 기술제작 : 오마이TV)

* 영상 제보: ohmyhq2026@gmail.com

* 오마이TV 유튜브 멤버십 가입하기 : https://www.youtube.com/channel/UClAfLVQYZSLrMAQQ_SXPVZw/join

* 오마이TV 정기후원
전화가입 : 010-3270-3828
직접가입 : http://omn.kr/5gcd

* 오마이TV 일시후원
계좌후원 : 농협 003-01-196121 (예금주 : 오마이뉴스)
그 외 방식(신용카드, 휴대폰, 계좌이체, 가상계좌) : http://omn.kr/1xec9

* 광고 문의 : ohmynewstv@gmail.com",2026-05-25T08:27:07Z,3086,198
wothE1zFG4c,"[뉴스특보] 트럼프 ""합의 서두르지마""…美·이란 전쟁 출구 임박? / 연합뉴스TV (YonhapnewsTV)",연합뉴스TV,"[출연 : 마영삼 전 주이스라엘 대사 · 봉영식 연세대 객원교수]

트럼프 미국 대통령이 이란과의 종전협상에서 ""합의를 서두르지 말라""고 지시했습니다.

협상 타결이 임박한 상황에서 이례적으로 신중한 모습인데요.

이란도 큰 틀에서 합의가 이뤄졌음을 공식 인정했습니다.

마영삼 전 주이스라엘 대사, 봉영식 연세대 객원교수, 두 분 모셨습니다.

[질문 1] 트럼프 대통령이 딜레마에 빠졌다는 관측이 나오고 있습니다. 어제까지만 해도 최종 합의안이 곧 발표될 거라던 트럼프 대통령, 신중한 입장으로 돌아섰습니다. 협상팀에 ""서둘러 합의하지 말라""고 지시했다고 밝혔죠. 트럼프의 이런 발언은 이란보다 미국 내부 여론을 더 의식한 행동 아닌가요?

[질문 2] 그 배경에는 이란이 핵 문제에 대해 추후 논의 대상이라고 버티는 데다 공화당 내에서 너무 많은 양보를 했다는 비판이 나오고 있기 때문으로 보입니다. 실제로 워싱턴에서는 최근 협상 흐름을 두고 ""전쟁은 트럼프 방식으로 시작됐지만, 협상은 점점 이란 방식으로 흘러간다""는 평가까지 나오고 있다고요?

[질문 3] 공화당 강경파들은 ""이럴 거면 왜 전쟁까지 갔느냐""며 공개 반발했습니다. 1기 외교 안보 참모들까지 ""오바마 핵 합의와 무엇이 다른가""라고 가세하자, 트럼프 대통령은 직접 반박했습니다. 이란 전쟁의 정당성과 출구 전략을 놓고 잡음이 있는 상황에서 트럼프의 최종 결단에 가장 큰 변수는 무엇이라 보세요?

[질문 3-1] 이런 가운데 이란 외무부 대변인이 미국과의 종전을 위한 양해각서 체결과 관련, 큰 틀에서 합의를 이뤘다고 확인했습니다. 그러면서 ""미국과 상당 부분 합의에 도달했다""고 밝혔습니다. 다만 ""합의 서명이 임박했다는 뜻은 아니라""고 덧붙였습니다. 이란 당국이 합의 진전에 대해 공식 입장을 밝힌 건 처음인 것 같은데요.

[질문 4] 종전 양해각서(MOU) 초안은 빠른 긴장 완화에 초점이 맞춰져 있습니다. 서명 직후 휴전과 호르무즈 해협 정상화, 일부 제재 완화가 이뤄지고요. 미국이 전쟁 명분으로 내세웠던 핵 개발 제한 문제는 추후 협상으로 밀려나는 구조로 짜였습니다. 결국 이란의 시간만 벌어준 셈 아니냐는 비판이 나오는 건데요?

[질문 5] 이스라엘을 포함한 중동 국가들도 우려 섞인 반응입니다. 이란 핵 위협을 완전히 제거하지는 못하면서 압박만 완화하는 셈이라 불안감이 크다는 건데요. 오히려 이번 전쟁을 통해 이란이 호르무즈 해협을 협상 카드로 활용하는 데 성공했다는 경험을 해, 향후 전망을 더 어렵게 한다는 얘기가 나오더라고요?

▣ 연합뉴스TV 다큐멘터리 전문 채널 '다큐디깅' 구독하기
https://www.youtube.com/@Docu-Digging

▣ 연합뉴스TV 유튜브 채널 구독
https://www.youtube.com/@yonhapnewstv23

▣ 대한민국 뉴스의 시작 연합뉴스TV / Yonhap News TV
http://www.yonhapnewstv.co.kr/",2026-05-25T09:16:53Z,2828,85
f_yEsI0ZNNo,"[#신세계] 우리가 애 낳아주는 건요? 신세계 역대급 토론 배틀💥 시어머니, 비밀번호 알려줘야 할까? #치트키",MBN Entertainment,"신세계 9회 130612 방송

#신세계 #치트키 #MBN

👉MBN Entertainment 구독하기
https://www.youtube.com/c/MBN_Entertainment",2023-05-22T04:52:13Z,341282,1981
ToJO0Umf-6c,＂남편 되게 위험한 사람이에요＂ 상담가가 급발진 부부에게 진심으로 경고하는 이유💥｜이혼숙려캠프｜JTBC 241031 방송,JTBC Voyage,"상담가가 남편에 대해 진심으로 경고하는 이유는?

#이혼숙려캠프 #서장훈 #박하선 #진태현

[JTBC봐야지] 구독하기☞ https://url.kr/q9raxe

------------------------------------------------------
* 영상 속 프로그램은?

【이혼숙려캠프】
https://tv.jtbc.co.kr/divorcecamp2
------------------------------------------------------",2024-11-01T06:31:00Z,3179441,17210
Dr5zebXpO-M,"Storchennest Live Webcam in Bad Salzungen, Thüringen",Stadtverwaltung Bad Salzungen,"Das Storchennest auf dem Bohrturm vom Gradierwerk in Bad Salzungen

Der Grundstein für das Storchennest auf dem Bohrturm wurde 1998 mit dem Aufbau einer hölzernen Nestunterlage gelegt. Weißstörche siedelten sich an und brüteten mehrmals. Als das Holz der Nistplattform verrottete und ein schweres Nest nicht mehr sicher tragen konnte, wurde in Abstimmung von Stadtverwaltung und der hiesiger Naturschutzgruppe eine neue, moderne Form einer Nestunterlage aus Metall geschaffen und am 2. März 2011 mit Hilfe der örtlichen Feuerwehr und NABU-Mitgliedern auf dem hohen Turm des Gradierwerkes unmittelbar an der Bahn für die Störche aufgebaut.

Seitdem brütet alljährlich ein Storchenpaar auf dem 18 m hohen Turm. 2012 installierte die Stadtverwaltung zusätzlich eine Webcam unmittelbar an einem Seitenarm des Nestes. So können interessierte Menschen das intime Leben der geliebten Großvögel gut beobachten. Störche machen jährlich nur eine Brut. Die Eier werden meist im Abstand von 2 Tagen gelegt. Das vollständige Gelege umfasst 4 bis 6 Eier, meist sind es 5 Eier, wie in diesem Jahr. Die Befruchtung erfolgt während vieler Paarungen zwischen der Ankunft der Brutpartner am Nest und dem Brutbeginn. Wir Menschen können das Geschlecht, also wer Männchen und wer Weibchen ist, nicht sicher erkennen. Meist ist der Storchenmann etwas größer und kräftiger, aber die Körpermaße variieren und sind kein sicheres Unterscheidungsmerkmal.  Meist wird ab dem 2. Ei ohne längere Unterbrechung ständig gebrütet. Dabei wechseln sich Storch und Störchin nach mehreren Stunden regelmäßig ab. Bei dem diesjährigen 5er Gelege wird voraussichtlich um den 25./26. April das Schlüpfen der Küken beginnen. Genau lässt sich das Datum nicht vorhersagen.

Es ist normal, dass sich nicht aus allen Eiern flügge Jungstörche entwickeln werden. Der Bruterfolg ist abhängig von der Befruchtung der Eier, der jeweiligen Witterung während der Nestlingszeit, dem vorhandenen Nahrungsangebot in den Wiesen im Umkreis von 5 km und eventuell von Verlusten bei Horstkämpfen mit fremden Störchen. In diesem Nest gab es von 2011 bis 2025 in 16 Jahren 21 flügge Jungstörche, meist 2 und mehrfach auch keinen einzigen flüggen Jungvogel. Im Mittel wurde bei diesen Bruten nur 1,3 Junge groß. Bei 20 % der Bruten gibt es keinen Bruterfolg, also keinen Nachwuchs. Unsere Störche sind freilebende Wildvögel. Auch in tragischen Situationen wird nicht in das Naturgeschehen eingegriffen. Bisher sind beiden Brutpartner ihren Elternpflichten sehr vorbildlich nachgekommen. Mit Spannung werden wir das weitere Geschehen in der Storchenkinderstube verfolgen und wünschen den Störchen guten Bruterfolg und flüggen Nachwuchs.

Klaus Schmidt, ehrenamtlicher Storchenfachmann des NABU",2026-02-11T08:34:28Z,10798184,20080
uFPqH0RH4u4,"[#에이콕] ""우리가 뭐가 문제죠?!🤷!"" 말대꾸에 말 자르기 시전까지?! 🔥부글🔥 오은영 박사님 화나게 만든 역대급 의뢰인들|#이창훈#강원래 #윤기원 #금쪽상담소",채널에이드: 채널A Drama & Enjoy,"📌편집자가 콕한 클립 ▶ [오은영의 금쪽 상담소] 54회, 126회, 128회

00:00 하이라이트| 33년 의사 인생 중 가장 힘든 고객님들
00:40 첫 번째 의뢰인_ 강원래 ""여기 억지로 나오셨어요?""
07:07 두 번째 의뢰인_ 이창훈 ""제발 그렇게 하지 마세요""
15:06 세 번째 의뢰인_ 윤기원 ""음.. 이 말씀은 드려야 할 것 같네요""

#나는솔로 #금쪽상담소 #오은영 

대한민국 '어른이'들을 위한
국민 멘토 오은영의 멘탈 케어 프로그램
[오은영의 금쪽 상담소]
목요일 저녁 8시 10분",2024-04-26T05:00:35Z,1387823,9479
mukwdTwn-1g,사람 무는 개 마주치자 눈빛으로 단숨에 제압하는 강형욱 ㄷㄷ I KBS 개는 훌륭하다 220530 방송,KBS동물티비 : 애니멀포유 animal4u,"**출연진을 향한 심한 욕설은 사전 예고 없이 삭제될 수 있습니다.

※ 회차 정보 : KBS 개는 훌륭하다 (2022.06.30.방송)
#강형욱 #개통령 #개는훌륭하다 #개늑시 #개와늑대의시간",2025-11-07T03:15:07Z,390068,3283
s2FDNTV74Ys,까칠 남녀 - 2018 페미니즘- 당신도 페미니스트인가요?_#003,EBSCulture (EBS 교양),"공식 홈페이지 : http://home.ebs.co.kr/gender/main
  2018 페미니즘- 당신도 페미니스트인가요?,

우리 사회에서 페미니즘이 연일 화제가 되면서 논란이 끊이질 않고 있다. 한국 사회 페미니즘 열풍과 더불어 페미니즘으로 불러오는 성 평등에 대한 이야기도 논의해 본다.

사회적 문제로 대두되고 있는 성차별 이슈!

유쾌하고 솔직한 목소리로 이야기하는 국내 최초의 젠더 토크쇼,

▶For more videos visit us at http://home.ebs.co.kr/gender/main

▶Subscribe to the EBS Channel here :
http://www.youtube.com/subscription_center?add_user=EBSCulture

▶Check out what we're up to elsewhere:
- http://gplus.to/EBSCulture",2018-01-22T10:09:52Z,165800,837
5Z0XAnXu-ZI,오세라비와 배리나가 탈코르셋을 말하다 / [아찔한 토론 #4] / 비디오머그,비디오머그 - VIDEOMUG,"과거 비디오머그 〈아찔한 인터뷰〉에 출연해 큰 반향을 일으켰던 원로 여성운동가, ‘그 페미니즘은 틀렸다’의 저자 오세라비 작가, 그리고 유튜브에 ‘나는 예쁘지 않습니다’라는 제목의 영상을 올려 500만 조회수를 기록해 화제, 탈코르셋 선언을 했던 유튜버 배리나, 이 두 사람이 비디오머그에서 만났습니다.

오세라비와 배리나가 탈코르셋을 말하다 / [아찔한 토론 #4] / 비디오머그

✔신뢰할 수 있는 재미, 비디오머그 VIDEOMUG

#비디오머그 #탈코르셋

▶비디오머그 채널 구독하기 : https://n.sbs.co.kr/mugTube
▶Homepage : https://n.sbs.co.kr/videomug
▶Facebook : https://www.facebook.com/videomug
▶Twitter : https://twitter.com/videomug_sbs",2018-11-23T09:13:14Z,3494121,22428
BxNg45UTFGU,"'아무도 갑질을 막아주질 않아요', 전현직 교사들이 말하는 요즘 유치원 현실 - BBC News 코리아",BBC News 코리아,"“새 발의 피라고 생각해요.” 전직 유치원 교사인 이은빈 씨는 최근 화제가 된 ‘핫이슈지’ 채널의 유치원 교사 패러디 영상에 대해 이렇게 말했다. 

코미디언 이수지 씨의 유튜브 채널 ‘핫이슈지’는 지난 4월부터 최근까지 세 편의 유치원교사 관련 영상을 올렸다. 학부모 민원과 격무에 시달리는 유치원 교사들의 현실을 패러디한 이 영상은 첫 편이 600만회 넘게 조회될 정도로 큰 화제를 모았다. 특히 전현직 교사들이 자신들의 현실을 증언하는 댓글들을 줄이어 남겼다.

BBC는 이 영상을 계기로 전현직 유치원 교사 세 명을 만나 유치원의 현실, 특히 사립유치원의 현실에 대해 들었다. 

이들은 하나같이 사립유치원 교사의 노동 환경이 열악하다고 입을 모았다. 전직 유치원 교사인 오윤지 씨는 “학부모 민원이 정말 많다”며  “기본적인 교육을 위한 일과 업무도 많은데, 서류 업무나 행사 업무도 많고, 그걸 다 해야 하는 와중에 학부모 민원이 항상 1등”이라고 지적했다. 

오 씨는 또 아파도 쉴 수 없는 현실에 대해서도 이야기했다. 그는 최근 독감에도 출근을 강행하다가 병세가 악화돼 사망한 부천의 한 사립 유치원 교사의 사례에 대해 “우리 모두 독감 걸려도 억지로 출근하는 일을 우리 모두 겪어봤다”며 “터질 게 터졌다고 생각한다”고 전했다.

이은빈 씨도 “한 사람의 생명을 앗아가는 상황이 생길 때까지 왜 아무도 여기에 집중해주지 않았냐”며 의문을 제기했다.

현직 교사인 민희진(가명) 씨는 사립유치원의 특성상 교육청의 철저한 관리감독이 이뤄지지 않는다며 “교육청에서 관리감독을 하지 않으면 누구도 법을 지키지 않는다”고 말했다.

이들은 ‘부천 교사 사망 사건도 점점 잊히고 있다’며, 유치원 교사의 현실에 대한 사회적 관심을 호소했다.

각 시도 교육청은 병가를 1년 최대 60일까지 사용하도록 안내하고 있지만, 현장 교사들은 현실에선 이러한 규정이 지켜지기 어렵다고 지적한다. 2023년 ‘참교육을 위한 전국학부모회’의 설문조사에 따르면, '휴가를 제대로 사용할 수 없다'고 답한 사립유치원 교사는 56.5%였다. 

또 응답자의 78.7% 가 ‘초과근무수당을 받지 못한다’고 답했다.

기획 : 이선욱, 김효정
촬영 : 최유진
영상 : 이선욱 


00:00 ‘선생님은 사진 찍는 사람’
00:57 ‘모기 물려도 교사 잘못’
01:48 ‘교사 편을 들지 않는 유치원’ 
02:22 격무가 일상인 이유
03:22 ‘자꾸 몸이 아파요’
04:02 아파도 출근하는 교사들
05:30 ‘교권은 바란 적도 없어요’

더 자세히 알고 싶다면
BBC News 코리아: https://www.bbc.com/korean

#BBC #BBC코리아 #BBCNews코리아 #비비씨코리아 #BBCKorean #BBC한국어서비스",2026-05-23T08:29:04Z,230715,3678
QjIVHixc4Ig,"[100분토론LIVE] - (916회) 젠더갈등, 어디로 가나 | 5.18과 언론",MBC 100분 토론,"2021년 05월 18일 (화) 밤 11시 35분
실시간 댓글로 많은 의견 남겨주세요~
100분토론은 여러분의 참여를 기다리고 있습니다

출연패널
신지예 / 한국여성정치네트워크 대표
이준석 / 국민의힘 전 최고위원

[뉴스역학조사] 5.18과 언론
김준일 / 뉴스톱 대표
최태성 / 한국사 강사

#100분토론 #정준희 #젠더갈등 #GS25
#페미니즘 #518 #민주화운동
#극우세력 #정명운 #김명국
#신지예 #이준석 #김준일 #최태성 

5월 18일, 화요일 밤 11시 35분 방송!! *댓글 참여 환영*

0:00:27 전타이틀
0:04:51 토론 시작
0:55:35 뉴스역학조사 시작",2021-05-18T16:02:16Z,1338859,13056
iutnOP0urNo,"['백토' 이 뉴스] ""젠더 갈등"" 찌른 시민논객 ""성역 없어"" 반격한 이준석 (2025.03.12/MBC뉴스)",MBCNEWS,"#백분토론 #이준석 #젠더갈등
#MBC #뉴스 #뉴스데스크 #MBC뉴스 #뉴스투데이 #뉴스ZIP #뉴스꾹 #오늘이뉴스 #자막뉴스
ㅤ
ⓒ MBC & iMBC 무단 전재, 재배포 및 이용(AI학습 포함)금지",2025-03-12T05:27:21Z,918297,7494
nQiMKIZDPxI,(3시간) ＂스스로를 알아야 해요＂ 철없는 아내들 💥무차별 팩폭💥 참교육하는 전문가들｜이혼숙려캠프｜JTBC 241205 방송 외,JTBC Voyage,"전문가 팩폭에 현실 자각하는 철없는 아내들 모음

#이혼숙려캠프 #서장훈 #박하선 #진태현

[JTBC봐야지] 구독하기☞ https://url.kr/q9raxe

------------------------------------------------------
* 영상 속 프로그램은?

【이혼숙려캠프】
https://tv.jtbc.co.kr/divorcecamp2
------------------------------------------------------",2024-12-11T07:00:26Z,1949748,9319
uvc3Y3kIWU0,"[2020 신년토론] 진중권 ""대중의 새로운 요구 알고 있나"" 질문에… (방청객 미니토론)",JTBC News,"〈 신년특집 대토론 - 한국언론 어디에 서 있나 〉

#JTBC토론 #쟁점②_유튜브언론 #방청객미니토론

진행 : #손석희 앵커
출연 : #유시민 #진중권 #이창현 #정준희

▔▔▔▔▔▔▔▔▔▔▔▔▔▔▔▔▔▔▔▔▔▔▔

[안녕하세요. 저는 대학생 박영선입니다. 저는 진중권 교수님께 질문 드리고 싶습니다. 교수님께서 지난해 11월에 서울대 강연에서 대중은 듣고 싶지 않은 사실이 아닌 듣고 싶은 환상을 원한다고 말씀하신 것으로 알고 있습니다. 저는 솔직하게 말씀드리자면 이 말씀에 화가 났는데요. 교수님께서 대중이 언론을 신뢰하지 않는 원인을 대중에서 찾는다고 느껴졌기 때문입니다. 사실인지 환상인지를 떠나서 대중이 듣고싶은 콘텐츠만 찾는 이유는 시장에 단 두개만의 선택지만 나와있기 때문이라고 생각하는데요. 극단을 달리는 단 두개의 선택지만 나와있다고 생각을 해요.]

☞JTBC유튜브 구독하기 (https://bit.ly/2hYgWZg)
☞JTBC유튜브 커뮤니티 (https://bit.ly/2LZIwke)
#JTBC뉴스 공식 페이지 
(홈페이지) http://news.jtbc.co.kr
(APP) https://bit.ly/1r04W2D

페이스북 https://www.facebook.com/jtbcnews
트위터 https://twitter.com/JTBC_news
인스타그램 https://www.instagram.com/jtbcnews

☏ 제보하기 https://bit.ly/1krluzF 

방송사 : JTBC (http://www.jtbc.co.kr)",2020-01-01T14:42:28Z,2872507,16191
rvi46R2r7sI,오은영에게 딸 박민하 칭찬 받으러 나왔다가 팩폭 당하는 박찬민 | #금쪽상담소 #톡쏘능,톡쏘능,"🥤톡쏘능: 톡톡 쏘는 채널A 재밌는 예능 클립
에디터픽 핫클립 ▶ [금쪽상담소] 36회 (2022-06-17)

00:00 하이라이트 | 오은영이 본 박민하는?
00:30 민하의 꿈, 올림픽 출전 최초의 배우
06:13 민하를 향한 오은영의 따끔한 조언
13:16 재능 많은 자식을 둔 부모의 역할
18:53 박찬민&박민하의 닫힌 가족주의
 
#금쪽상담소 #박찬민 #박민하",2024-12-11T11:01:04Z,2899119,15600
IULZ-CMvufg,지금 보니 감탄 나오는 그 시절 대선 토론,엠빅뉴스,"노무현 전 대통령의 서거 16주기인 오늘 제21대 대선 후보자의 두 번째 TV 토론이 진행됩니다. 23년 전 TV 토론에서 화합과 융통성, 소신의 언어를 말하며 국민들을 열광케했던 그 시절 노무현 대통령의 모습을 되돌아봤습니다.

#노무현 #대통령 #토론

● 엠빅뉴스 구독 https://www.youtube.com/@mbicnews?sub_confirmation=1
● 홈페이지 https://imnews.imbc.com/original/mbig/2024.html
● 페이스북 https://facebook.com/mbicnews
● 네이버TV https://tv.naver.com/mbignews
● 엠빅스포츠 https://tv.naver.com/mbicsports

Ⓒ MBC&iMBC 무단 전재, 재배포 및 이용(AI학습 포함)금지",2025-05-23T04:18:14Z,856103,12849
iDpxoXiRR98,[#밥친구] 극도의 우울증인 카라 박규리🚨전문가 오은영이 날린 돌직구 | #금쪽상담소 37회,채널A WORLD,"#1시간순삭
🍯몰아볼 클립 ▶ [오은영의 금쪽상담소] 37회 (2022-06-24)

00:00 국민여신 카라 박규리의 고민은??
15:32 위로포비아 자가 진단 만점 받은 규리
26:48 계속 자기 탓만 하는 규리 따끔하게 지적하는 오은영
35:14 살기 위해 엄마와 거리를 둔다?
47:30 우울증 진단 내린 오은영 박사
51:59 돌직구로 물어보는 오 박사
55:46 멤버 구하라의 죽음이 규리에게 미친 영향

#박규리 #구하라 #오은영 

Copyright Ⓒ 채널A. All rights reserved. 무단 전재, 재배포 및 AI학습 이용 금지",2025-11-23T06:00:42Z,777016,6268
aCAnvJQLdRE,여성 ceo가 말하는 여자직원의 월급이  적은 이유,심리학자 차희연,"#강연 #심리학 #차희연
차희연교수 심리TV는 대인관계, 인간관계, 직장생활과 연인과 부부를 위한 썸과 연애, 결혼, 이혼, 재혼과 관련한 심리와 대화방법과 스피치와 대처방법을 알려드리는 고품격 인간관계 심리학 전문 교육 컨텐츠 채널입니다.

[상담신청]   http://pf.kakao.com/_VBXCs
[구독자 커뮤니티]   https://band.us/n/a9ad51raSdn87
[구독자 카톡] https://open.kakao.com/o/gTnw4h5e

☆ 차희연 교수 ☆
강연채널 :  https://www.youtube.com/c/mentor01
문 의  02-542-6514 / contentsy1@gmail.com",2021-07-15T08:00:01Z,55052,1579
iLNXliI0dAI,🔴 LIVE Barred Owl Nest Cam 🦉 | Post-Fledge Updates & Owl Activity,Collins Creek Critters,"🎉 Meet Marsh & Mallow 🐣🍬 

🪶 Fledge Watch is HERE!
The owlets are getting more active and may start exploring beyond the box soon 👀

🔥 Watch for:
• “Wingercizing” (practice flapping + strength building 🏋️‍♂️🦉)
• Beak stretches toward the entrance
• Curious looks outside the box 👀
• Mama check-ins with Tootsie
• Tootsie and Pops delivering meals 🐍🐭🐟🐿️
• Feeding time chaos & sibling antics

⚠️ Activity can happen at ANY time — day or night

After weeks of nightly nest box visits and “nestorations,” mama owl settled in mid-February with:

🥚 1st egg laid: February 19, 2026 | Hatched 3/24/26
🥚 2nd egg laid: February 22, 2026 | Hatched 3/25/26

This is the inside view of our live owl camera in our backyard in Greenville, South Carolina.

🔴 OUTSIDE View Live Stream: https://youtube.com/live/Gr_pTQgzHow

*************************************************

About This Nest

Two barred owls, affectionately named Tootsie & Pops, have visited our backyard for years.
• Nest box built: 2023
• First successful brood: 2024 (2 owlets)
• 2025: No eggs laid
• 2026: 2 eggs confirmed

The box is mounted ~30 ft high on top of a dead hickory tree.

Because this nesting box is in our backyard, you might hear our dog, Remi, barking at a chipmunk she has been chasing, or our children laughing/screaming/crying, etc (or me and my wife doing the same 🫠😅 ).  Fortunately, the owls are pretty familiar to these noises and have still chosen to nest here.  While we try to limit distractions or noises that may stress them, the owls are well accustomed to these sounds.

🦉 Subscribe to follow the entire nesting season live!

#birdcam #birdwatching #birdcamlive #birdbox #owl #barredowl #wildlife #nature #owlphotography #live #livestream #hatching #birdphotography",2026-02-19T16:09:08Z,5387836,9201
Fgr7W4Ef990,100분토론 여성할당제 풀자막 1편,RealFact,"최근 이슈랭킹 1위를 찍었던
100분토론에서 여성할당제 관련토론 중 ""서론부분"" 자막영상",2019-03-08T03:05:09Z,105132,203
cvLPWS5Sk3U,[충격증언] 난 스테로이드 중독자입니다 - 실화탐사대,실화 On,"MBC [실화탐사대]는 토요일 밤8시50분 방송됩니다!!
더 많은 영상이 보고 싶으시다면~
- Subscribe Now! ▶▶ https://www.youtube.com/c/실화On

- WAVVE  ▶▶ https://m.wavve.com/player/vod?programid=M_1003736100000100000&search=y&referer=%2Fsearch
- iMBC  ▶▶ http://www.imbc.com/broad/tv/culture/truestory/vod/

#실화탐사대 #스테로이드 #보디빌더 #김동현 #박승현 #체지방률 #스테로이드부작용 #헬스트레이너 #실탐 #실화On #신동엽 #김정근 #강다솜",2020-07-10T03:00:07Z,4245057,21056
tFNCAvQVGrI,판사 생활 17년 대한민국 부장 판사 출신 변호사의 하루,휴먼스토리,"#휴먼스토리 #판사 #변호사

▶출연문의 contact us
info.humanstory@gmail.com

▶휴먼스토리 멤버십 가입 humanstory membership
https://www.youtube.com/channel/UC31-nUU7jhm3I5DCYh6uLBA/join

▶휴먼스토리 공식카페 humanstory official website
https://cafe.naver.com/humanstoryofficial

▶휴먼스토리 인스타그램 humanstory instagram
https://www.instagram.com/hstory.life/

영상 속 가게 정보 및 휴먼스토리 출연자 분들 칼럼을 휴먼스토리 카페에 담아 놨습니다! 그리고 자영업 정보들을 서로 공유 할 수 있도록 만들어 놨습니다! 자영업 정보 공유가 필요하신 분들은 아래 휴먼스토리 카페 링크로 들어가시면 됩니다!

휴먼스토리 카페링크
https://cafe.naver.com/MyCafeIntro.nhn?clubid=30509880


✔time stamp
00:34 여기 앞에 청담동이더라고요
00:45 판사 생활하다가 보통 변호사로 (직업을) 바꾸는 건가요?
01:10 그럼 공부 진짜 잘하셨겠네요
01:39 변호사님은 대형 로펌에 들어가 계신 거예요?
02:35 한 건에 보통 500만원 정도 하는 거예요?
03:07 판사 생활하신 게 변호사 생활에 도움이 되나요?
04:51 외모는 판사 생활 17년 했다고 절대 안 믿을 것 같은데요
04:55 방송 제의도 많이 들어왔을 것 같은데요
05:47 오늘 하루 종일 스케줄은 어떻게 되시는지 궁금합니다
07:41 여기 회의실 전체 다 쓰는 거예요?
07:43 저도 한번씩 와서 회의해도 되나요?
08:50 판사분들도 야근하시는 거예요?
09:18 변호사분이 잘 돼서 성공해서 이런 회사를 차린 겁니까?
09:40 넘버원 혹시 아니라고 소송 들어오고 이런 건 아니겠죠?
09:59 금융 치료가 조금 되는 거 아닐까요? ㅎㅎ
10:04 변호사분들도 개인 시간이 좀 있나요?
10:48 근데 이렇게 점심 드시면 저녁은 언제 드시는 거예요?
11:04 (소송 전략 회의 중)
11:13 지금 어디 가시는 거예요?
11:37 상담은 다 하신 거예요?
11:42 수임료는 사건마다 다 다른 건가요?
12:04 매출이 많이 나와야 또 많이 가져갈 수 있는 구조네요
13:51 그럼 김태형 변호사님은 파트너 변호사신 거네요?
14:08 이게 ‘법무법인 바른’이에요?
15:00 파트너 변호사 하시는 분들은 정말 대단하신 거네요
15:07 파트너 변호사까지 하고 넘어가시는 분들인가요?
16:05 ‘나는 판사가 되어야 되겠다’라는 꿈이 있었던 건가요?
16:48 거의 한 2년 가까이 VJ 활동을 했고요
18:13 근데 어떻게 그렇게 판사를 오래 한 거예요?
18:41 어떤 식으로 해야 그런 끈기를 얻을 수 있는 건가요?
19:59 열심히 공부하는 분들께 한 말씀 간단하게 해주신다면
21:00 어디로 가는 건가요?
23:25 (농담)작두콩 차 광고 들어오는 건가요?
23:32 여기가 이제 QWER 소속사인가요?
24:07 (법률 자문 중)
24:18 김계란 대표님도 계시는 사무실인가요 여기가?
24:24 어떤 것 위주로 구하는지 여쭤봐도 괜찮을까요?
24:56 지금 이제 어디로 가시는 거예요?
25:33 방금은 의뢰인분 상담하신거죠?
26:59 상담 전화할 때 감정을 호소하시는 분들도 많겠네요
27:46 가치가 남들과는 다르게 형성돼 있을 것 같다는 생각이 들었거든요
28:42 여기가 ‘DRX’에요?
29:06 지금 선수분들인가요?
29:55 김 변호사) 아 무릎 선수요?
31:24 (전 부장판사 vs 철권 세계 1위)
32:14 이기신 소감이 어떤가요?
32:21 다음 스케줄이 어디라고요?
32:45 (법률 자문 중)
32:52 오늘 자문은 다 끝나신 거예요?
33:09 오늘 이렇게 촬영해보셨는데 어떠셨어요?
33:52 조언 한마디해 주신다면 너무 좋을 것 같아요
34:28 휴먼스토리 화이팅!",2025-08-19T08:28:07Z,991587,9587
GseoJahFBeo,"캐스팅 찢었다..현직 ""FBI 고문담당관""이 실제로 흉악범들에게 자백을 뜯어내는 충격적인 방법..ㄷㄷ;;",드림텔러 DREAM TELLER,"#크리미널스쿼드 #드림텔러 #영화 #영화리뷰 #movie #몰아보기 #B

오늘 전해드린 작품은 영화 [크리미널 스쿼드] 입니다.

💬 오늘도 재미있게 보셨나요?

드림텔러는 대중문화 속에 숨은 진짜 이야기를 전합니다.

그냥 지나치기엔 아까운 장면들, 그 안의 의미를 함께 찾아볼까요? 🔍

가볍게 웃다 보면, 그 속에 담긴 노력과 디테일이 보입니다.

그걸 발견하는 일, 그게 바로 드림텔러가 하는 일이죠.

💫 텔러스클럽에서 드림텔러의 이야기를 한발 먼저 만나보세요.

🚀 멤버십 전용 선공개 콘텐츠로 누구보다 빠르게 감상할 수 있습니다.

조금 더 일찍, 조금 더 깊게 — 드림텔러의 세계로 초대합니다.

👉[멤버십 가입하기] https://www.youtube.com/channel/UCpCiIDf9UrfRqte55FHWlYQ/join

🙌 멤버십으로 함께해주셔서 감사합니다
본 영상은 저작권 협의하에 만들어졌습니다. 
The movie clips on my channel has gotten copyright permission of copyright holder.",2026-05-14T07:00:15Z,376468,2135
PbUlNGCqBVw,집합,숏박스,#스케치코미디 #숏박스 #군대,2026-03-27T09:00:34Z,6883397,58070
F9ZTHkkVfqA,[실화탐사대] '맞짱 신고하기 없기' 각서 쓰고 헬스장 무차별 폭행 #엠뚜루마뚜루 #엠트루 MBC260416방송,엠뚜루마뚜루 : MBC 공식 종합 채널,"실화탐사대 제보 전화 🕿 02-789-3333

변화무쌍한 세상 속에서 빛의 속도로 쏟아지는 수많은 이야기 중에, 실화여서 더욱 놀라운 '진짜 이야기'를 찾는 본격 '실화 탐사 프로그램' 

✔MBC [실화탐사대]는 목요일 밤9시 방송됩니다!!
✔본방을 다시보고 싶다면?
✔ WAVVE : https://www.wavve.com/player/vod?programid=M_1003736100000100000&landing=season
✔ iMBC : https://program.imbc.com/truestory
======================================
MBC의 따끈따끈한 영상을 내 맘대로 편하게 즐기는 채널🌀 
엠뚜루마뚜루 구독하기👉 https://www.youtube.com/c/엠뚜루마뚜루​
======================================
#엠뚜루마뚜루​ #엠트루​ #실화탐사대​ #지진희 #박지훈 

ⓒ MBC&iMBC 무단 전재, 재배포 및 이용(AI학습 포함) 금지",2026-04-27T08:00:13Z,172713,679
MC3La-Y5WoM,[미방분 단독공개] 이태원파출소 24시 2탄 | 파출소 앞에서 무단횡단을?! | 외국인 성추행범과의 추격전 | 슈퍼캐치 진실의 눈| KBS 260520 방송,KBS스모킹건,"슈퍼캐치 진실의 눈
매주 수요일 밤 9시 50분. KBS2TV

#진실의눈 #눈 #kbs #슈퍼캐치 #이태원 #이태원파출소 #무단횡단 #불법유턴 #주취자 #할로윈 #클럽 #이태원클럽",2026-05-20T13:28:05Z,260417,2392
HaYNqWBaanI,응 너 127년 꼬우면 항소해,너덜트,"#코믹숏무비 #너덜트 #악마판사 
대한민국의 낮은 형량을 깨부수러 온 악마판사와 그의 팀, 그리고 말도 안 되는 재판에 휘말린 피고인들… 대한민국에서 볼 수 없는 판사가 직접 선보이는 극한의 처벌기


연출 | 유현규
각본 | 유현규
촬영 | 김성훈 박주명
조명 | 전상협 유현규
녹음 | 김성훈
미술 | 임재형 박주명
조감독 | 박주명
편집 | 너덜트
색보정 | 유현규
믹싱 | 전상협


판사 역 | 전상협
https://www.instagram.com/j_negotiation

검사 역 | 유현규
https://www.instagram.com/gyuis_

변호사 역 | 윤정욱
https://www.instagram.com/wooggypop

법정 경찰관 역 | 임재형
https://www.instagram.com/jaehyung_log

음주운전범 역 | 김성
https://www.instagram.com/kim_castle_777

전세사기범 역 | 문정환
munjeonghwan88@naver.com

학폭 가해자 역 | 오채미
https://www.instagram.com/0o0__mi

스토킹 가해자 역 | 박찬우
http://www.instagram.com/chanwoooo_park

마약사범 역 | 임수환
https://www.instagram.com/s_hwany_

방화범 역 | 한홍규
https://www.instagram.com/hghg_x.x


너덜트 공식 인스타그램
https://www.instagram.com/nerd_ult",2025-07-17T09:00:21Z,11071443,166622
mqviT1pBIAM,파이터들에게 여운을 남긴 피가 나도 멈추지 않는 투지,스브스 예능맛집,"#순정파이터 #PureFighter #추성훈 #김동현 #정찬성 #최두호
☞ 매주 수요일 오후 10:40",2022-12-30T09:00:32Z,3268282,12259
hRPqJfo483c,[2화] 알고 보니 약자만 상대해왔던 수유리ㅣ좀비트립:파이터를 찾아서,정찬성 Korean Zombie,"#정찬성 #하승진 #안일권 #파이터를찾아서 #수유리

본 촬영은 2021년 12월에 진행되었습니다.

매주 목요일 밤 9시 업로드 

제작: (주)샌드박스네트워크
이메일: koreanzombie@sandbox.co.kr",2022-02-03T10:00:12Z,5306694,51050
XTbYKHR--H4,[SUB] 이원희 스무 살 찬성 파티 🐹   [차린건 쥐뿔도 없지만] EP.39,차린건 쥐뿔도 없지만,"🍻차린건 쥐뿔도 없지만 마흔네 번째 축복 대상🍻


영z ㅣ의 랜선 딸랑구 ,, 드디어 모셨습니ㄷ ㅏ (ˊσ̴̶̷̤ ₋̮̑ σ̴̶̷̤ˋ)₊💘⁺˚

세상에서 제일 귀여운 긴희피그🐹,
세상에서 제일 동구란 동구람희🍑,
세상에서 제일 말랑한 아기모찌🍡, 

아일릿 원희가 놀러왔어요〰️ (⸝⸝ᵒ̴̶̷  ·̫ ᵒ̴̶̷⸝⸝),,❤️

💥차쥐뿔 최초  2️⃣0️⃣살 게스트 등장 🫢💥
07년생 어른희 소맥 마는 모습까지 최초 공개 예정,,🍻🔥


🚨시청 전 주의 사항🚨
숨만 쉬어도 사랑스러운 원희기니 모습에
입꼬리가 영원희 안 내려올 수 있음,,, (⸝⸝⸝  ᷇ 𖥦  ᷆ ⸝⸝⸝)


[차린건 쥐뿔도 없지만] 시즌4
5월 29일(금) 오후 7시 40화 공개🔥


━━━━━━━━━━━━━━━━━━━━━━━━━━


#유료광고 : 밥풀릭스






대한민국 혼밥 1위 브랜드 
요즘 대세는 밥풀릭스 !  

🚨오늘 뭐 먹지 고민 중이라면 주목‼️‼️
든든한 한 끼부터 달달한 마무리까지 한 번에 😋
육회비빔밥 / 삼겹덮밥으로 배 든든하게 채우고🔥
시원한 보틀 음료 한 잔 + 아이스크림 디저트까지 🍨🥤✨

밥풀릭스 바로가기 : https://s.baemin.com/a50.exzv8



━━━━━━━━━━━━━━━━━━━━━━━━━━
 [차린건 쥐뿔도 없지만] 이영지의 1:1 취중진담 토크쇼
🍹매주 금요일 오후 7시 업로드
🍸구독하기    ▷  @youngji_boxmedia  
🍺CONTACT  ▷ @youngji_gbbul_nocharim 
🥂광고문의    ▷ Boxmedia.ad@gmail.com 
━━━━━━━━━━━━━━━━━━━━━━━━━━
#이영지 #영지 #차린건쥐뿔도없지만 #차쥐뿔 #Youngji #원희 #아일릿",2026-05-22T10:00:22Z,2490672,84851
gHVv_SMaask,QR코드 원리 파악하겠다고 바둑판에 직접 둬봤습니다,Veritasium 한국어 - 베리타시움,"QR코드에 어떤 값들이 어떻게 저장되어 있는지 알고 계셨나요?

Special thanks to Mashiro Hara and Yuki Watanabe.

00:00 못생긴QR
00:49 모스부호
03:57 바코드
10:34 QR코드 
18:16 QR코드 복원 방식
29:54 QR이 널리 쓰인 이유
31:21 QR은 안전한가?
32:25 QR의 미래는?

If you’re looking for a molecular modeling kit, try Snatoms, a kit I invented where the atoms snap together magnetically. https://snatoms.com/

▀▀▀

References: https://ve42.co/QRCodeRefs


Images & Video:
1940’s grocery store - H.I.C - https://ve42.co/1940sShop 
Why Americans Are Obsessed With Peanut Butter via Youtube - https://ve42.co/PeanutButter1 
Jif Peanut Butter 90s Commercial (1998) via Youtube - https://ve42.co/PeanutButter2 
Vericode Symbol via Youtube - https://ve42.co/VericodeSymbol 
Oreo introduces Sour Patch Kids cookies via YouTube - https://ve42.co/OreaSour 
BSE - Changes in Behaviour via YouTube - https://ve42.co/BSE 
QR Code with Drones | Firefly Drone Show via YouTube - https://ve42.co/DroneQRCode 
Damaged barcode 1 by christiaangpr via Reddit - https://ve42.co/DamagedBarcode1 
Damaged barcode 2, Midcom service group https://ve42.co/DamagedBarcode2 
Oskana, G and Petkova, A. (2020 July 1). Testing a nano-barcodes marking technology for identification and protection of the mechanical products, Fig. 1 - https://ve42.co/MatrixCodes 
NASA Celebrates 40 Years of the Voyager Mission via Nasa.gov -  https://ve42.co/Voyager40Yr 
Apollo footage via Nasa.gov - https://ve42.co/ApolloFootage 
Snake in a QR code by MattKC via mattkc.com - https://ve42.co/SnakeQR 
Scratched CD by Ice3yes via Reddit - https://ve42.co/ScratchedCD 
Alfred Vail Portrait via si.edu - https://ve42.co/AlfredVail 
Bernard Silver Portrait vai invent.org - https://ve42.co/BernardSilver 
Norman Joseph Woodland Portrait via usatoday.com https://ve42.co/NormanWoodland 
Masahiro Hara portrait via denso.com https://ve42.co/MasahiroPhoto 
Cooke and Wheatstone telegraph patents via Wikipedia:
https://ve42.co/TelegraphPatent1 
https://ve42.co/TelegraphPatent2 
https://ve42.co/TelegraphPatent3 
https://ve42.co/TelegraphPatent4 
https://ve42.co/TelegraphPatent5
https://ve42.co/TelegraphPatent6 
5 needle telegraph via cachesleuth.com- https://ve42.co/NeedleTelegraph 

▀▀▀
Special thanks to our Patreon supporters:

Adam Foreman, Albert Wenger, Anton Ragin, Balkrishna Heroor, Bertrand Serlet, Bill Linder, Blake Byers, Bruce, Dave Kircher, David Johnston, Evgeny Skvortsov, Garrett Mueller, Gnare, I. H., Jack Cuprill, John H. Austin, Jr., Juan Benet, KeyWestr, Kirill Shore, Kyi, Lee Redden, Marinus Kuivenhoven, Matthias Wrobel, Meekay, Michael Krugman, Orlando Bassotto, Paul Peijzel, Reed Spilmann, Richard Sundvall, Sam Lutfi, TTST, Tj Steyn, Ubiquity Ventures, gpoly, john kiehl, meg noah, wolfee

▀▀▀
Directed by Sumeet Kulkarni
Written by Sumeet Kulkarni and Derek Muller
Edited by Peter Nelson and Luke Molloy
Animated by David Szakaly, Fabio Albertelli, James Finnemore, Ivy Tello
Illustrations by Jakub Misiek, Emma Wright
Filmed by Derek Muller and Raquel Nuno
Additional Research by Gabriel Strong
Produced by Sumeet Kulkarni, Derek Muller, Rob Beasley Spence, Emily Lazard, Tori Brittain, Emily Zhang

Thumbnail contributions by Peter Sheppard, Ren Hurley, David Szakaly, Gregor Čavlović, Raquel Nuno
Additional video/photos supplied by Getty Images and Story Blocks 
Music from Epidemic Sound

Translated by Mingi Kwon, CineLingo
Dubbed by Mingi Kwon",2026-05-17T08:12:02Z,93535,1842
Nc_c1OU_Wkk,앗! ＂호동이는 이미 18살 때...＂ 보디빌더 마선호가 진심으로 충격받은 강호동 인바디 결과ㄷㄷ| 아는 형님｜JTBC 250412 방송,JTBC Voyage,"강호동 피지컬에 찐 반응 나온 마선호 ㅋㅋ

#아는형님 #마선호 #강호동 #피지컬

[JTBC봐야지] 구독하기☞ https://url.kr/q9raxe

------------------------------------------------------
영상 속 프로그램은?

【아는 형님｜Knowing Brothers】
https://tv.jtbc.co.kr/jtbcbros
------------------------------------------------------",2026-05-14T10:00:36Z,195085,821
7ZbR7N6Vcdo,[UFC] 최두호 vs 다니엘 산토스,tvN SPORTS,"[UFC] 최두호(Dooho Choi) vs 다니엘 산토스(Daniel Santos) - 페더급

👉스트리밍은 TVING
https://www.tving.com/more/special/SP0009",2026-05-17T04:19:29Z,3470048,57586
it9WCsjnL6A,"생전 처음 보는 소재로, 방영 1회차 만에 시청률 7.7% 찍고, 글로벌 18개국 수출된 2026 신작 ㄷㄷ",지무비 : G Movie,"#지무비 #드라마 #오십프로
📺드라마 ≪오십프로≫, 1화~2화의 내용입니다.
채널 MBC에서 매주 금,토 밤 9시 50분 방영됩니다.
---------------------------------------------
★★★★★★★★★★★★★★★★★★★★★
🔆신  등급🔆 가입해주신 Lee-HongWi, 김대선님께 감사드립니다.
★★★★★★★★★★★★★★★★★★★★★
---------------------------------------------
📌 지무비 멤버십 가입 → https://www.youtube.com/channel/UCaHGOzOyeYzLQeKsVkfLEGA/join
*멤버십에 가입하시면 일부 영상들의🔥결말 끝까지 다룬 영상🔥멤버십 한정 히든 영상🔥영상 선공개🔥회원 전용 특별 포스팅을 즐기실 수 있습니다.
---------------------------------------------
'IMAX 티켓 한 장' 등급 가입해주신
★나번기, 이선간, 월넛훈, 태이준, itall Take, 로젠, 성팡, 김일갑님 감사드립니다.★
---------------------------------------------
'일반관 티켓 한장' 등급 가입해주신
brz, 온리, Andy, 미아, pororo.error_horror, 김영신, 안나영, 상한가, José, 준환 배, 비아이_77, 기린,  이종훈,  Jirim Jeong, 쿰척, 조재영, 김상돈, 로은이, Ki Ok Baek, SOYOUNG MUN, 물빛우산, 금청, 면봉이, 김봉구, Kim GARSIA, 무지개떡, 노샷건, 한라산 동히, 조정은, Q Q님 감사드립니다.
---------------------------------------------
📌G score : ★★★★★☆☆☆☆☆
---------------------------------------------
💡지무비가 7년 간 축척한 모든 유튜브 비법 노하우💡
  📚도서 ≪지무비의 유튜브 엑시트 ≫ 구매 링크 
   → https://vo.la/EJKnMEq
---------------------------------------------
📌 지무비 공식 홈페이지→ https://g-movie.co.kr/
📌 지무비 인스타 → https://www.instagram.com/awayout1
📌 지무비 굿즈스토어 → https://smartstore.naver.com/gmovie
📌 문의 → awayout2@naver.com
---------------------------------------------
🚨저작권 허가 및 제작비를 지원 받아 업로드 한 영상입니다.
🚨무단 편집, 업로드 및 재배포를 엄격히 금지합니다. 특히 타SNS 불펌러들은 발견 즉시 강경 대응하며 선처는 절대 없음을 알려드립니다.
🚨The movie clips on my channel has gotten copyright permission of copyright holder.",2026-05-24T01:00:13Z,995559,7206
xcIDL_V_-1Y,천재 감독이 각 잡고 느와르 영화 만들면 어떻게 되는지 보여준 영화. 코믹의 탈을 쓴 그 어떤 느와르보다 진지하고 무거운 깡패 이야기. 정준호의 재발견 영화,재미난 영화 ,#류승룡 #정재영 #정준호 #거룩한계보 #결말포함 #영화리뷰 #장진 #코미디 #느와르,2026-05-23T06:39:59Z,122762,683
d2Cv5PNzFQ4,"미국에서 4,000만 조회수를 기록한 역대급 사건",미국경찰 클립 : 미클,"과속으로 한 차량을 정차시킨 미국 경찰….
이 단속은 순식간에 혼돈의 현장으로 뒤바뀌는데...

📌 Note for YouTube Reviewer(Disclaimer) 
본 영상은 실제 범죄 사건을 교육 및 정보 전달 목적으로 
분석한 교육·다큐멘터리 콘텐츠입니다. 
영상에 사용된 모든 바디캠 및 사건 자료는 
미국 정보공개법(FOIA)을 통해 공개된 공공 기록(Public Records)이며, 
사건의 수사 과정, 경찰 대응, 법적 절차, 재판 과정을 
설명하기 위한 교육 및 공익적 목적(Public Interest)으로 사용되었습니다. 
본 영상에는 폭력적인 장면이 등장하지 않으며, 
논란의 소지가 있거나 민감할 수 있는 장면은 
전부 모자이크 처리 또는 통 편집되었습니다. 
본 채널은 폭력을 미화하거나 
자극적인 콘텐츠를 제작하는 채널이 아니며, 
실제 사건을 바탕으로 법률 및 수사 과정을 설명하는 
교육·다큐멘터리 채널입니다. 
영상에 사용된 모든 사진은 언론 보도 및 
공식적으로 공개된 자료만을 사용하였습니다. 
This video is educational and documentary content
that analyzes an actual criminal case
for educational and informational purposes.
All bodycam footage and case materials used in this video
are public records disclosed through
the U.S. Freedom of Information Act (FOIA).
They have been used for educational
and public interest purposes
to explain the investigation process,
police response,legal procedures,
and trial process of the case.
This video does not show any violent scenes.
All potentially controversial or sensitive scenes
have been either blurred or fully edited out.
This channel does not glorify violence
or produce sensational content.
It is an educational and documentary channel
that explains legal and investigative processes
based on actual cases.
All photos used in this video are from media reports
and officially released materials only.

👮‍♂️미클 멤버십 혜택을 확인해 보세요!
https://www.youtube.com/channel/UCB9_mc-IKx-20r4-AVs9TJQ/join

00:00 인트로
00:17 해설자 의견(Analytical Commentary)
00:59 경관의 견인 통보
03:08 수상한 냄새
04:09 해설자 의견(Analytical Commentary)
04:28 결국 들통난 니콜의 범행
09:10 해설자 의견(Analytical Commentary)
09:24 충격에 빠진 경찰관들
13:08 해설자 의견(Analytical Commentary)
13:42 이송 전 대기
15:09 해설자 의견(Analytical Commentary)
15:39 니콜 심문
18:03 해설자 의견(Analytical Commentary)
18:38 조금씩 밝혀지는 진실
25:13 해설자 의견(Analytical Commentary)

✅ 본 영상은 제작자가 직접 작성하고 제작한 원본 스크립트를 
기반으로 한 “교육 및 분석” 장르의 해설 콘텐츠입니다.

👉 본 콘텐츠는 기획, 편집, 번역 전 과정을
제작자가 직접 수행하였으며,
바디캠 영상은 오직 시각적 참고 자료로만 사용되었습니다.

👉 본 영상의 핵심 가치는 원본 영상 그 자체가 아니라,
제작자가 직접 제공하는 해설, 법적·전술적 분석,
그리고 교육적 설명에 있습니다.

👉 독자적으로 작성된 해설과 체계적인 분석을 통해,
본 영상은 미국 사회 문화, 공공 안전,
법 집행 기관의 판단 과정, 경찰 전술,
그리고 다양한 범죄 유형에 대한 교육적 인사이트를 제공합니다.

👉 본 영상에 사용된 모든 바디캠 영상은
미국 경찰청 및 법 집행 기관이
미국 공공기록법(Freedom of Information Act, FOIA)에 따라
공개한 공공 자료를 기반으로 사용되었습니다.

(Note for reviewer)

✅This channel provides educational and documentary-style analysis of real U.S. police bodycam footage, 
focusing on law, public safety, and crime prevention.

✅ This video is an original commentary piece in the “educational and analytical” genre,
based on an independently written script authored and narrated by the creator.

👉 This content was fully planned, edited and translated by the creator,
with the bodycam footage used strictly as visual reference material.

👉 The primary value of this video lies in the creator’s original commentary,
legal and tactical analysis, and educational explanation — not the raw footage itself.

👉 Through independently written commentary and structured analysis,
this video provides educational insights into U.S. culture, public safety,
law enforcement decision-making, police tactics, and crime patterns.

👉 All bodycam footage featured in this video is sourced from publicly released materials
provided by U.S. police departments and law enforcement agencies under the
Freedom of Information Act (FOIA).

#미국경찰 #미국경찰바디캠 #policebodycamera #lawenforcement",2026-05-10T10:42:22Z,247273,2514
b92upazRhp4,＂ 하루종일 먹어도 배가 고파요 ＂ 과학자들이 탐구한 쯔양의 살이 안 찌는 고민🧐｜T끌모아 해결｜JTBC 251224 방송,교양 Voyage,"⭐타임라인⭐
00:00 쯔양 본격 해부하기
12:03 샐러드를 먹어도 살 찌는 이유
21:19 쯔양의 고민 해결책

―――――――――――――――――

'T끌모아 해결' 다시 보고 싶다면?
https://tv.jtbc.co.kr/Tggeul

―――――――――――――――――

[교양 Voyage] 채널 구독하기
☞  https://me2.kr/cXhkQ

―――――――――――――――――

#T끌모아 해결 #과학자 #토론 #쯔양",2025-12-25T09:00:58Z,1675330,12352
cHT6T04cRCk,"""이건 좌우의 문제 아니야"" 서울 최대 매장 가보니.. [뉴스.zip/MBC뉴스]",MBCNEWS,"00:00 주말에도 한산‥'정용진 퇴진'에 집단소송 움직임까지 (2026.05.23/뉴스데스크/MBC)
01:51 텅 빈 정부청사 앞 스타벅스‥관가에 번지는 'NO 스타벅스' (2026.05.22/뉴스데스크/MBC)
03:14 '5·18 조롱' 스타벅스 불매 본격화‥ ""손해 보더라도"" 배달 안해 (2026.05.22/뉴스데스크/광주MBC)

#스타벅스 #518모욕 #탱크데이 #불매 #정용진 #퇴진요구 #집단소
#MBC #뉴스 #뉴스데스크 #MBC뉴스 #뉴스투데이 #뉴스ZIP #뉴스꾹 #오늘이뉴스 #자막뉴스
ㅤ
ⓒ MBC & iMBC 무단 전재, 재배포 및 이용(AI학습 포함)금지",2026-05-24T23:00:33Z,923810,19445
prcQpkzNkaM,"""급발진 영상 중 가장 무섭다""..맛집 이야기하다 '전원 사망' / SBS / 모아보는 뉴스",SBS 뉴스,"00:00 ""어 어 어 어"" 속도 붙더니 가드레일 박고 추락…꽃놀이 갔다 '참변'
04:00 급발진인가 조작 미숙인가…위험천만 질주 미스터리
05:52 ""브레이크 밟아도 급가속""…급발진 조사 착수

#급발진 #사망 #브레이크 #가속 #급가속 #질주 #맛집 #소풍

Copyright Ⓒ SBS. All rights reserved. 무단 전재, 재배포 및 AI학습 이용 금지",2026-05-16T04:30:33Z,1813044,11890
5olSAzpqZsQ,I.O.I (아이오아이) - Suddenly (갑자기) | Show! MusicCore | MBC260523방송,MBCkpop,"I.O.I (아이오아이) - Suddenly | Show! MusicCore | MBC260523방송

#IOI #Suddenly #MBCKPOP

★★★More clips are available★★★

iMBC
https://program.imbc.com/musiccore

ⓒ MBC&iMBC 무단 전재, 재배포 및 이용(AI학습 포함) 금지",2026-05-23T07:32:24Z,1058799,34473
D1eSja-g7jk,저는 '이것'부터 봅니다👀 40년 넘게 악령을 쫓은 신부의 판별법🥶 #유퀴즈,디글 클래식 :Diggle Classic,"티빙에서 스트리밍 : https://tving.onelink.me/xHqC/30a78d6f

#유퀴즈온더블럭 #유퀴즈 #유재석
매주 수요일 저녁 8시 45분 tvN에서!

we’re :DIGGLE family

#티빙에서스트리밍",2026-04-22T04:00:12Z,2778979,22564
NPqLzkyiKgE,"""어떤 여직원이 제안했다던데"" 국민 앞 나서는 정용진 '먹힐까' #뉴스다 / JTBC News",JTBC News,"0:00 정용진, 내일 '5·18 폄훼' 대국민 사과한다 (5.25 장르만 여의도)
3:09 '5·18 탱크데이 논란' 정용진 피의자 입건…직접 대국민 사과 나선다 (5.24 지금 이 뉴스)
4:41 스타벅스 ""매장 직원 비난 자제해달라"" 호소…탱크데이 논란 내부서도 성토 (5.23 지금 이 뉴스)

※ JTBC News '뉴스다'는 '다' 모은 뉴스의 의미로, 정치·경제·사회·국제 등 시청자들의 다양한 관심사를 모아 전달하는 큐레이션 콘텐트입니다.

📌 시리즈 더 보기 https://www.youtube.com/playlist?list=PL3Eb1N33oAXhjVAiM1fIpecSInbvmFD84

#스타벅스 #정용진 #스벅 
📢 지금, 이슈의 현장을 실시간으로!
☞JTBC 모바일라이브 시청하기 https://www.youtube.com/@jtbc_news/streams

☞JTBC유튜브 구독하기 (https://www.youtube.com/user/JTBC10news)
☞JTBC유튜브 커뮤니티 (https://www.youtube.com/user/JTBC10news/community)

#JTBC뉴스 공식 페이지 https://news.jtbc.co.kr

페이스북 https://www.facebook.com/jtbcnews
X(트위터) https://twitter.com/JTBC_news
인스타그램 https://www.instagram.com/jtbcnews

☏ 제보하기 https://news.jtbc.co.kr/report
방송사 : JTBC (https://jtbc.co.kr)",2026-05-25T06:15:01Z,182371,2726
go-p5G9vD1U,"[실화Pick]현직 교사들이 폭로하는 악성 민원, 교사들의 SOS #실화탐사대 #실화On MBC260521방송",실화 On,"실화탐사대 제보 전화 🕿 02-789-3333
 
MBC [실화탐사대]는 목요일 밤9시 방송됩니다!!
더 많은 영상이 보고 싶으시다면~
Subscribe Now! ▶▶    / 실화on  

변화무쌍한 세상 속에서 하루하루 접하는 수많은 이야기 중에
실화여서 더욱 놀라운 '진짜 이야기'를 찾는
본격 실화 탐사 프로그램

WAVVE  ▶▶ https://m.wavve.com/player/vod?progra...
iMBC  ▶▶ http://www.imbc.com/broad/tv/culture/...

#실화탐사대 #실탐 #실화On #지진희

ⓒ MBC&iMBC 무단 전재, 재배포 및   이용(AI학습 포함) 금지",2026-05-25T03:00:34Z,83428,1200
QrLDYUc4UGQ,집들이 온 여성의 '낮은 포복'…이날 이후 삶이 '지옥' 됐습니다 #뉴스다 / JTBC News,JTBC News,"집들이 자리에 모인 남성 세 명과 여성 한 명. 그런데 이들 중 한 커플이 갑자기 다투기 시작하는데요. 분위기가 순식간에 얼어붙고, 남성 세 명은 자리를 비웁니다. 그런데 집안에 혼자 남겨진 여성이, 점점 이상한 행동을 보이기 시작하는데요. 그리고 그날 새벽, 이 집 안에서 충격적인 일이 벌어졌습니다. 대체 무슨 일이 있었던 걸까요?

※ JTBC News '뉴스다'는 '다' 모은 뉴스의 의미로, 정치·경제·사회·국제 등 시청자들의 다양한 관심사를 모아 전달하는 큐레이션 콘텐트입니다.

📌 시리즈 더 보기 https://www.youtube.com/playlist?list=PL3Eb1N33oAXhjVAiM1fIpecSInbvmFD84

#홈캠 #집들이 #산후조리원 
📢 지금, 이슈의 현장을 실시간으로!
☞JTBC 모바일라이브 시청하기 https://www.youtube.com/@jtbc_news/streams

☞JTBC유튜브 구독하기 (https://www.youtube.com/user/JTBC10news)
☞JTBC유튜브 커뮤니티 (https://www.youtube.com/user/JTBC10news/community)

#JTBC뉴스 공식 페이지 https://news.jtbc.co.kr

페이스북 https://www.facebook.com/jtbcnews
X(트위터) https://twitter.com/JTBC_news
인스타그램 https://www.instagram.com/jtbcnews

☏ 제보하기 https://news.jtbc.co.kr/report
방송사 : JTBC (https://jtbc.co.kr)",2026-03-25T08:15:01Z,2527879,10973
tc-LzgIT4eE,"코수술, 리프팅 레이저 절대 함부로 하지 마세요❗ 의사가 경고하는 최악의 성형 부작용과 시술의 충격적인 진실",닥터케빈,"코수술 부작용과 무분별한 리프팅 레이저, 왜 위험할까요? 
수많은 성형 부작용과 피부과 시술 실패를 직접 교정해 온 현직 의사가 절대 하면 안 되는 '최악의 금지 시술'을 낱낱이 파헤쳐 드리겠습니다❗

예뻐지려고 한 코수술이 오히려 얼굴 비율을 망치고 지울 수 없는 흉터를 남기는 치명적인 이유가 있습니다. 
게다가 피부 탄력을 위해 매달 꼬박꼬박 받는 리프팅 레이저가 내 피부 속을 바싹 마른 쥐포처럼 딱딱하게 쪼그라뜨린다는 충격적인 사실😨, 알고 계셨나요?

필러, 보톡스, 실리프팅 등 무작정 유행을 따라 얼굴에 칼을 대고 실을 넣는 행위는 돌이킬 수 없는 결과를 초래할 수 있습니다. 
수백만 원을 날리고 평생 후회하기 전, 의사가 말하는 진짜 자연 미인의 조건과 절대 피해야 할 시술의 정체를 영상에서 바로 확인해 보세요✨

오늘도 시청해주셔서
진심으로 감사합니다.

=====

[타임라인]
00:00 인트로
00:30 의사가 말하는 예쁜 얼굴의 기준
01:13 강남에 흔한 '덕지덕지' 얼굴의 특징!?
03:02 리프팅 레이저 매달 받으면 피부가 '쥐포' 됩니다
07:35 의사가 최악으로 보는 '이 수술'의 치명적인 흔적과 부작용
09:47 진짜 미인과 인공 미인의 차이
12:00 닥터 케빈이 예쁘다는 기준에 엄격한 이유는?
15:53 제발 즉흥적으로 수술하지 마세요! 병원 가기 전 명심하세요

=====

✨ 비수술로 수술을 뛰어넘는 디테일과 개개인의 니즈를 녹여내어 확실한 결과를 내어주는 하이엔드 비수술 닥터케빈 ✨

전화 ㅣ02-6952-5384
플러스친구 ㅣhttps://pf.kakao.com/_BjbBxb
시술전후카페 ㅣ https://cafe.naver.com/sugarandbubble
인스타그램 ㅣ https://www.instagram.com/Dr_kevin_gangnam
틱톡 ㅣhttps://www.tiktok.com/@dr_kevin_korea
블로그 ㅣ https://blog.naver.com/alrnrdmltk
홈페이지 ㅣ https://dr-kevin.com

#성형수술 #성형부작용 #수술부작용 #코수술부작용 #리프팅레이저 #시술부작용
#피부과시술 #필러 #보톡스 #필러부작용 #보톡스부작용 #수술흉터 #자연미인 
#강남미인 #안면윤곽 #안면거상 #이마거상 #코재수술 #닥터케빈 #필러잘하는곳",2026-04-07T09:32:56Z,371808,9069
Kynu_4dS6Sg,문란함보다 가난이 더 창피한 시대 (정영진의 나쁜질문),정영진의 나쁜질문,"00:00 오늘의 나쁜질문 : 수익률 1등 기업이 은밀한 이유
01:08 “10조 통행세” 공장 없이 돈 복사하는 법
02:32 선을 넘기 시작한 사람들
04:22 연봉 24배, 교사와 변호사가 사표 낸 이유
05:52 사람들이 알아서 흘러들어 온다
07:14 오늘의 나쁜 생각: 돈 앞에 ‘금기’는 없다?

#정영진의나쁜질문 #정프로 #라스형",2026-01-09T10:00:37Z,166502,2564
IIYF62pwVVc,눈물이 안 멈춰요💦 친딸 사실 밝히는 고윤정을 따뜻하게 안아주는 의붓딸 한선화｜모.자.무.싸｜JTBC 260524 방송,DRAMA Voyage,"[ ON AIR｜드덕이들과 함께 하는 정주행=33 ] 

한선화에게 '변시온' 임을 밝힌 고윤정

#모자무싸 #고윤정 #한선화
#모두가자신의무가치함과싸우고있다

[JTBC 드라마봐야지] 구독하기☞ https://bit.ly/4erbkQd
------------------------------------------------------
📌 영상 속 프로그램은?

【모두가 자신의 무가치함과 싸우고 있다｜We Are All Trying Here】-12회
https://tv.jtbc.co.kr/wearealltryinghere
------------------------------------------------------",2026-05-24T15:04:10Z,463792,4928
Rt4c5gOk09s,"나의 운, 내가 바꿀 수 있다⁉️ 박성준 역술가가 알려 주는 운 안 풀릴 때 하면 좋은 행동 3가지✨️ #유퀴즈",디글 클래식 :Diggle Classic,"티빙에서 스트리밍 : https://tving.onelink.me/xHqC/30a78d6f

#유퀴즈온더블럭 #유퀴즈 #유재석 
매주 수요일 저녁 8시 45분 tvN에서!

we’re :DIGGLE family

#티빙에서스트리밍",2026-04-20T08:00:35Z,2087171,22198
gLIH8H0L-0Q,"[뉴스하이킥] 이스라엘에 체포됐다 석방된 한국 활동가들 ""폭행당했다"" 주장...박현도 격노! - 박현도, MBC 260522 방송",MBC 라디오 시사,"2026년 5월 22일 [권순표의 뉴스하이킥]

[이슈하이킥]
이스라엘서 석방된 활동가 귀국

| 출연 : 박현도 서강대 유로메나연구소 교수

| 권순표의 뉴스 하이킥 |

◇ 홈페이지: https://www.imbc.com/broad/radio/fm/newshigh/
◇ 네이버TV: https://tv.naver.com/mbc.mbcradionewsntalk

#MBC라디오 #권순표의뉴스하이킥 #뉴스하이킥 #시사라디오 #권순표",2026-05-22T11:33:05Z,131034,2362
YwIPtdhUvT4,한국인이 노빠꾸 돌아이 중국 여자와 일본 오사카 여행하면 생기는 일ㄷㄷ (오사카 일본인 반응 1편),CKOONY,"오랜만에 만난 노빠꾸 중국인 친구 웨이와 10년만에 일본 오사카에 가서 가슴에 중국 국기와 태극기를 달고 다녀 봤습니다. 거리에서 그리고 식당에서 예상치 못한 일들이 일어났는데요. 과연 어떤 일들이 일어났는지 지금 영상을 통해서 확인해보세요 

#중국인 #중국여자 #일본인반응 #일본여행 #오사카 #오사카여행 #한국인",2026-05-25T06:00:12Z,122758,7464
P-NQlw4U284,"""이젠 안 만나고 싶어요""💥 황혼육아 문제로 단절된 모녀 관계, 회복할 수 있을까요?😓 #이호선상담소",tvN STORY 티비엔 스토리,"티빙에서 스트리밍 : https://tving.onelink.me/xHqC/30a78d6f

가족 사이 전쟁 종결💥
대한민국에서 최고 핫한 호랑이 심리상담가 이호선이 온다🔥

매주 [화] 저녁 8시 tvN STORY 방송

#티빙에서스트리밍",2026-03-05T06:00:16Z,251802,2033
T-CL1IXbRfo,What Koreans Think of Sexual Harassment | ASIAN BOSS,Asian Boss,"Special thanks to Rose, our volunteer reporter from Seoul.

The opinions expressed in this video are those of individual interviewees alone and do not reflect the views of ASIAN BOSS or the general South Korean population.

Send us a message via our Facebook page if you have any questions or topic suggestions ► https://www.facebook.com/asianboss

ASIAN BOSS Instagram ► 
https://www.instagram.com/asianbossmedia

Are you curious about real people's perspectives from Asia on various cultural and social issues? Subscribe to ASIAN BOSS for more fun and educational videos ► https://goo.gl/TRcSbE

Music: Dan Sieg - A Sense of Wonder 
https://youtu.be/r83r_n2NeXU (Provided by Silk Music)",2018-01-16T07:38:52Z,272633,8150
orkl3SS42BI,Foreign women speak up about sexual violence in Korea / 외국인 성폭력 피해자들의 이야기,KST by The Korea Times,"""When I was raped, it actually took me about a month to muster up the strength to go and make my case."" 

After taking a deep breath, Jennifer, a sexual assault victim, broke the silence and started talking about what happened to her that night.

""He was actually a friend. We started out as friends and we used to hang out occasionally along with mutual friends,"" Jennifer told The Korea Times. But, she continued, that all changed when she went out for a drink with him and he showed his true colors.

#sexualassault #foreignwomen

Read full article at:
https://www.koreatimes.co.kr/www/nation/2022/01/251_322161.html",2022-01-14T01:34:53Z,2049897,46092
Wln5dlYKA1k,"Sci-Fi Short Film: ""Best Friend"" | DUST",DUST,"Subscribe to the DUST Newsletter: http://eepurl.com/gnTIbD

In a near future, a lonely man is addicted to a product called Best Friend which offers him perfect virtual friends.

""Best Friend"" by Nicholas Olivieri, Shen Yi, Juliana De Lucca, Varun Nair, David Feliu

Subscribe to DUST on YouTube: http://bit.ly/2aqc5vh

#DUST #scifi #shortfilm 

About DUST:
DUST presents thought-provoking science fiction content, exploring the future of humanity through the lens of science and technology. From timeless classics to cutting-edge movies, series, short films, and podcasts, DUST acquires, produces and distributes all content types.

Connect with DUST
Website: http://www.watchdust.com
Sign-up for DUST newsletter: http://eepurl.com/b_SKAz
Watch DUST on your TV: Available on Roku, Samsung TV, Apple TV, Android TV...and more
Watch more on YouTube: http://bit.ly/2amTSen
Follow Us on Facebook: http://bit.ly/2aqYgtZ
Follow Us on Instagram: http://bit.ly/2amAhRt

Listen to the DUST podcast:
Apple: http://bit.ly/DUST-Audio
Spotify: http://bit.ly/DUST-Spotify
Stitcher: http://bit.ly/DUST-Stitcher
Castbox: http://bit.ly/DUST-Castbox 
iHeart: http://bit.ly/DUST-iHeart

About Gunpowder + Sky:
Creating content that resonates and impacts pop culture conversation, by empowering creators to take risks and experiment relentlessly in the pursuit of novel stories and formats.

https://www.youtube.com/watchdust
Subscribe to the DUST and ALTER newsletter: http://eepurl.com/dChYXb",2021-02-16T14:00:18Z,2783138,159058
jtYQ5Ot0Bf8,[단독] '수감번호 273번' 논산 중학생 성폭행 추적...피해자·가해자 측 인터뷰｜이상엽의 부글터뷰,JTBC News,"10월 3일 새벽 충남 논산의 한 초등학교에서 15살 중학생 A군이 40대 여성을 납치한 뒤 성폭행하는 사건이 벌어졌습니다. JTBC 취재 결과 A군이 범행 닷새 전인 9월 29일 밤 한 빌라 주차장에서 메신저 앱으로 성매매 여성을 부른 뒤 강도 계획까지 세웠던 걸로 드러났습니다. JTBC는 논산 성폭행 사건을 다시 추적했습니다. 언론사로는 유일하게 성폭행 피해자와 가해자 부모를 모두 만났습니다.

■ 이상엽의 부글터뷰·몽글터뷰
JTBC 뉴스룸 밀착카메라에서 활약한 이상엽 기자가 디지털 콘텐트로 돌아옵니다. 사회적 공분을 일으킨 부글부글한 이슈를 쫓아 깊숙이 취재하고 동시에 선한 영향력을 줄 수 있는 몽글몽글한 이슈를 전하겠습니다. 우리 사회를 바꾸는 이 콘텐트는 매주 금요일 오후 7시에 찾아갑니다.

#논산 #중학생 #성폭행 #이상엽기자

📢본방 후 유튜브에서 앵커들과 더 가까이! 
☞JTBC 모바일라이브 시청하기 https://www.youtube.com/@jtbc_news/streams

☞JTBC유튜브 구독하기 (https://www.youtube.com/user/JTBC10news)
☞JTBC유튜브 커뮤니티 (https://www.youtube.com/user/JTBC10news/community)

#JTBC뉴스 공식 페이지
(홈페이지) https://news.jtbc.co.kr
(APP) https://news.jtbc.co.kr/Etc/SmartPhoneReport.aspx

페이스북 https://www.facebook.com/jtbcnews
X(트위터) https://twitter.com/JTBC_news
인스타그램 https://www.instagram.com/jtbcnews

☏ 제보하기 https://news.jtbc.co.kr/Etc/InterNetReport.aspx
방송사 : JTBC (https://jtbc.co.kr)",2023-12-29T10:15:44Z,1056414,7270
TYhNHX372ek,The Uncomfortable Truth About Ozempic (Updated Version),Kurzgesagt – In a Nutshell,"Do you have a balanced news diet? Go to https://ground.news/nutshell to see reporting from a variety of sources and perspectives around the world. Subscribe for 40% off their unlimited access Vantage plan through our link.

Get your LIMITED EDITION Visiting Comet Pin before they’re gone forever: https://shop.kgs.link/collectibles-26 ✨ Plus, our first collectible figurines have landed and are ready to be treasured by you. Every purchase directly supports the creation of new kurzgesagt videos. Thanks for your support!

Losing weight is hard, and obesity is one of the unhealthiest things that can happen to your body. It increases your risk of diabetes, heart attacks, cancer, and can lead to a series of other health complications. But today, the new weight loss drugs are often used to tackle the obesity. How do these drugs work? What do they do to our metabolism, and could they change public health forever?

IMPORTANT: 
This is an updated version from the original video we released over a month ago.
The first version did not contain wrong information but our framing was not good enough – after hearing your feedback it was clear that we didn’t communicate the topic well – so we revised the script, made the video longer and added more information and clarifications at key points.

All changes and the link to the original video (now unlisted) can be found here:
Old Version of the Video: https://youtu.be/9t5m33ccUYA
Sources & further reading: https://sites.google.com/view/sources-ozempic/

This whole experience was annoying because we didn’t plan to make a controversial video – this caused us a lot of extra work but was obviously necessary.
Thanks again for your honest feedback and for helping us get better. We truly appreciate it.


OUR CHANNELS
▀▀▀▀▀▀▀▀▀▀▀▀▀▀▀▀▀▀▀▀▀▀▀▀▀▀
German:        https://kgs.link/youtubeDE
Spanish:        https://kgs.link/youtubeES
French:          https://kgs.link/youtubeFR
Portuguese:  https://kgs.link/youtubePT
Arabic:           https://kgs.link/youtubeAR
Hindi:             https://kgs.link/youtubeHI
Japanese:     https://kgs.link/youtubeJA
Korean:          https://kgs.link/youtubeKO


HOW CAN YOU SUPPORT US?
▀▀▀▀▀▀▀▀▀▀▀▀▀▀▀▀▀▀▀▀▀▀▀▀▀▀
This is how we make our living and it would be a pleasure if you support us!

Get Products designed with ❤️ https://shop.kgs.link
Join the Patreon Bird Army 🐧  https://kgs.link/patreon  


DISCUSSIONS & SOCIAL MEDIA
▀▀▀▀▀▀▀▀▀▀▀▀▀▀▀▀▀▀▀▀▀▀▀▀▀▀
Instagram:     https://kgs.link/instagram
TikTok:           https://kgs.link/tiktok
Reddit:            https://kgs.link/reddit
Discord:          https://kgs.link/discord
Twitter:           https://kgs.link/twitter
Bluesky:          https://kgs.link/bluesky
Facebook:      https://kgs.link/facebook
Newsletter:    https://kgs.link/newsletter


OUR VOICE
▀▀▀▀▀▀▀▀▀▀▀▀▀▀▀▀▀▀▀▀▀▀▀▀▀▀
The kurzgesagt voice is from 
Steve Taylor:  https://kgs.link/youtube-voice


OUR MUSIC ♬♪
▀▀▀▀▀▀▀▀▀▀▀▀▀▀▀▀▀▀▀▀▀▀▀▀▀▀
700+ minutes of kurzgesagt soundtracks by Epic Mountain:

Spotify:            https://kgs.link/music-spotify
Soundcloud:   https://kgs.link/music-soundcloud
Bandcamp:     https://kgs.link/music-bandcamp
Youtube:          https://kgs.link/music-youtube
Facebook:       https://kgs.link/music-facebook

The soundtrack of this video:
SoundCloud: https://bit.ly/ozempic-music
Bandcamp: https://bit.ly/ozempic-track

If you want to help us caption this video, please send subtitles to subtitle@kurzgesagt.org
You can find info on what subtitle files work on YouTube here:
https://support.google.com/youtube/answer/2734698?hl=en-GB&ref_topic=7296214
Thank you!


🐦🐧🐤 PATREON BIRD ARMY 🐤🐧🐦
▀▀▀▀▀▀▀▀▀▀▀▀▀▀▀▀▀▀▀▀▀▀▀▀▀▀
Many thanks to our wonderful Patreons (from http://kgs.link/patreon) who support us every month and made this video possible:
AeryaRia, Andrew, Bastian, Charlie Fang, crazyx, Esteban, fernando portillo, James Lench, Lexhad, Lisa Buren, Oriol Marti robledillo, Pablo the One, raidin tajada, Saga Arunami, Sebastian, sungo, Tarren & Family, Thatguy",2026-05-19T14:00:15Z,2818408,104492
BBPwM1Takwg,Why Did Korea Split in to North and South?,The Infographics Show,"Whatever you need a website for, create yours today with Wix: https://www.wix.com/go/infographics 

Why did North Korea and South Korea split?

SUBSCRIBE TO US -► http://bit.ly/TheInfographicsShow

--------------------------------------------------------------------------

WEBSITE (SUGGEST A TOPIC):
http://theinfographicsshow.com 

SUPPORT US: 
Patreon.......► https://www.patreon.com/theinfographicsshow 

SOCIAL:
Twitter........► https://twitter.com/TheInfoShow
Subreddit...► http://reddit.com/r/TheInfographicsShow

--------------------------------------------------------------------------
Sources for this episode:",2018-10-10T19:48:28Z,4651885,73635
2EtBxXrgbK0,"""누가 5학년 담임을 맡을 건가"" '용기 낸' 14년차 교사의 최후 [뉴스.zip/MBC뉴스]",MBCNEWS,"00:00 [PD수첩] 아무도 그 학부모를 막을 수 없다 - 2024년 11월 5일

#학부모 #교권침해 #전북교육청 #PD수첩
#MBC #뉴스 #뉴스데스크 #MBC뉴스 #뉴스투데이 #뉴스ZIP #뉴스꾹 #오늘이뉴스 #자막뉴스
ㅤ
ⓒ MBC & iMBC 무단 전재, 재배포 및 이용(AI학습 포함)금지",2024-11-09T05:04:55Z,7561083,70289
4pw4GBEGUPI,Why Are First Dates Like This 😭,Ros Mo,"It's not THAT bad but it's not a good memory either.

🎆 Use code ""ROSMO"" to receive $5 off for your first #Sakuraco box through my link: https://bit.ly/sakuraco-RosMo

or your first #TokyoTreat box through my link: https://bit.ly/tokyotreat-RosMo

I told this story for funsies and tea, I don't mean to villanize anyone in this story so any rude comments will be purged! 

✧✧✧LINKS & DETAILS✧✧✧

Video Editor: SoupStrips
https://twitter.com/SoupStrips

==Support me on Patreon==
Patreon: https://www.patreon.com/RosMo


MY SOCIAL MEDIA LINKS:
https://rrrosmo.carrd.co/
Twitch Channel: https://www.twitch.tv/ros_mo

Join the discord server:
https://discord.gg/Zvps4RK8tJ

Equipment:
XPPEN 15.6 Pro
Blue Yeti Logitech

Software:
Medibang
Adobe Premiere Pro CC
Audacity",2026-04-24T16:00:08Z,151836,11395
52TeNj6Upss,[ENG] Reunion (리유니언) | Animation Short Film 2026｜청강애니,ChungKang Animation School,"제작(Director): 황시현 Hwang Si hyeon

프레드 울만의 소설 동급생을 원작으로 하고있습니다.
1932년 슈투트가르트에 유대인 소년 한스는 독일 귀족 소년 콘라딘과 친구가 된다.
그러나 독일 사회에 퍼지는 나치즘과 유대인 혐오로 인해 우정에 종말이 다가온다.
It is based on Fred Uhlman's novel Reunion.
In 1932, in Stuttgart, Hans, a Jewish boy, befriends Konradin, a German aristocratic boy.
However, the friendship comes to an end due to Nazism and Jewish hatred spreading through German society.

▷ Director's contact
https://x.com/Stuttgart_1932

청강문화산업대학교 애니메이션스쿨 2026년 졸업작품

▷ Subscribe to ChungKang Animation School on YouTube!
Instagram : https://www.instagram.com/ck.animation.school/
Twitter : https://twitter.com/ck_anischool
Website : https://www.ck.ac.kr/school-department/animation/school

#2D #animation",2026-01-19T10:00:07Z,867919,113750
1w69sAT3Aa0,Is Seoul To Blame For South Korea's Population Crisis? | Insight | Full Episode,CNA Insider,"South Korea's is facing a population crisis, with Seoul at the centre of it. The country’s capital remains the beneficiary of both internal and external migration. Instead, it is in the rural and peripheral areas where low birth rates and the aging population have become crises. The countryside is at risk of becoming extinct. 

As more opportunities and people get concentrated in Seoul, urban pressures have led to rising unemployment and cost of living. And when things get expensive, people do not have babies. Seoul now has the lowest birthrate in South Korea, in a country with the world’s most dire fertility. On the other hand, farms and factories in the rural areas desperately need workers. How can South Korea solve this population puzzle?

00:00 Why are young people moving to Seoul?
03:50 South Korea's most prestigious universities
05:43 How South Korea's urban-rural imbalance began
07:34 Rural areas at risk of going ""extinct""
11:50 Expensive living in densely populated Seoul
15:24 High pressure competition for jobs
18:28 High cost of living, low birth rate?
23:42 Schools in rural areas at risk of shutting
27:06 Why are rural areas emptying out faster in South Korea?
30:35 'Super-aging' South Korean population
34:53 Can migrant workers plug the labour shortage gap?
40:02 Can a new administrative capital convince people to move from Seoul?
41:55 More South Koreans quitting the city life

=========
ABOUT THE SHOW: Insight investigates and analyses topical issues that impact Asia and the rest of the world. 
================== 
#CNAInsider #CNAInsight #SouthKorea #Seoul #Population #Ageing #Fertility #Rural #University

For more, SUBSCRIBE to CNA INSIDER! 
https://cna.asia/insideryoutubesub

Follow CNA INSIDER on:
Instagram: https://www.instagram.com/cnainsider/
Facebook: https://www.facebook.com/cnainsider/
Website: https://cna.asia/cnainsider",2024-08-13T12:00:02Z,1371384,11059
mNj3DLQRfKA,The Infamous “4B Movement” in Korea Explained,Asian Boss,"► WHY we make these videos: https://youtu.be/7ukfLMmI8XY
► Watch our exclusive membership videos for FREE: https://asianboss.io/yt/123-exclusivevideos
► Join our exclusive membership for exclusive content and community: https://asianboss.io/

DISCLAIMER: The views expressed in this video do not represent that of Asian Boss or the general Korean public.

Special thanks to our guest:
Bokyoung Kim ► https://www.instagram.com/lily_bk_kim/

Follow us on social media:
TikTok ► https://www.tiktok.com/@asianbossmedia
Instagram ► https://www.instagram.com/asianbossmedia
Facebook ► https://www.facebook.com/asianboss
X ► https://x.com/asianbossmedia",2024-05-22T05:35:42Z,558261,16067
KvJfgINobNM,“You can’t be depressed here” 15 hours with South Korea’s psychiatrist,Howdy Korea,"Meet Huh Gyu-hyung, a psychiatrist running a clinic at Gasan Digital Complex, one of Seoul's busiest office districts. By day he sees patients back-to-back; by night he co-hosts 'Brain Rich People,' one of Korea's most-listened-to mental health podcasts. We spend a day shadowing him — from morning consultations to a late-night podcast recording across town — to show you what most videos about Korean mental health don't: what actually happens inside the room, and what a Korean psychiatrist really thinks about the country he's treating.

Korea works the longest hours in the developed world, and the quiet cost of that shows up in clinics like his. Going to a psychiatrist here still carries a weight that's hard to explain to outsiders — it can follow you into insurance records, job applications, family conversations. And yet the waiting rooms are full. Dr.Huh's core message, the one that anchors his book and his practice, is deceptively simple: Let the tension go. In a country that runs on effort, that's almost a radical prescription.

Why is it still so hard to walk into a psychiatrist's office in Korea? What does a doctor say to a patient who can't afford to stop? And what does Dr.Huh do when he himself needs to let it go? Watch the full story to find out.

**This video was produced for public interest purposes and received no financial support or sponsorship from any medical institution.**

🎬 Korean Next Door is a human documentary series by Howdy Korea, bringing you intimate portraits of the people who make modern Korea tick.

▶ Subscribe for new episodes: https://youtube.com/playlist?list=PL6o6PQWfdo5kYJHQk6szJBkACeJxu0SoL&si=a1RXPtPu19MHOCJV

---

📌 CHAPTERS (Time Stamps)
00:00 Meet Dr. Huh
01:18 Tour of the clinic
03:25 Patient with depression
06:56 Why Korean consultation is short
07:29 Lunch
08:20 Patient without a job
12:27 After work
13:26 Dr. Huh's friends
15:47 Going home

---

#KoreanNextDoor #Korea #Seoul #KoreanClinic #psychiatrist #depression #ADHD #pressure #unemployed #LifeInKorea #KoreaVlog #KoreaDocumentary #Koreanpsychiatrist #documentary #Korea mental health #depression in Korea",2026-05-20T09:00:18Z,262937,6940
vlX3PtYPi30,Horacio | Murderer Shows No Remorse in Annecy Short Film,Short of the Week,"Screaming too loud is what got Horacio killed, with his murderer Guillaume now released from prison, what will he do next?

A selection of Short of the Week, the web's leading curators of quality short films.

✨ JOIN US ON SHORTVERSE: https://www.shortverse.com/
🎬 SUBMIT A FILM: https://www.shortoftheweek.com/submit/

Horacio.
Dir. Caroline Cherrier
https://www.instagram.com/caroline.cherrier/?hl=en

The violence of the narrative juxtaposed with the nonchalance of the narration is simultaneously striking, compelling and fascinating. Even though we don’t know much about the main character Guillaume, his narration of the events fleshes out his character. The murder carries all the dramatic weight of the film, and Cherrier perfectly balances it with her choice of color palette and a dash of humor here and there with the mother. The visual look contradicts the darkness of the story, and the very calm pacing removes any manufactured anxiety or tension that would be expected given the narrative. 

Since the film is told entirely from Guillaume’s perspective, Cherrier also places her audience in an uneasy seat, stripping all the severity from the story. By removing the prism we usually see reality through, the filmmaker offers a completely different perspective on things, without removing our basic sense of morals. Yet this shake-up is probably what makes the film so memorable in how it affects us.  - S/W Curator, Céline Roustan
FULL REVIEW: https://www.shortoftheweek.com/2023/07/17/horacio/

*CAST + CREW*

Cast: Sylvie Brucker - Hugo de Faucompret - Tristan Lepagney - Patricia Marmoras - Nicolas Mossard - Spider Zed
Animation: Caroline Cherrier - Eva Lusbaronian - Valentin Stoll
Assistant Animators: Julie Bousquet - Raphaël Lozano
Character Design: Caroline Cherrier - Valentin Stoll
Layouts: Caroline Cherrier - Hugo de Faucompret
Compositing: Caroline Cherrier - Pierre Pinon
Editing: Caroline Cherrier - Stéphanie Sicard
Music: Marie Cherrier
Sound Design: Mathieu Z’Graggen
Sound Effects: Grégory Vincent
Mix: Régis Diebold
Colour grading: Yves Brua

Reproduced on this channel with the permission of the filmmakers.",2023-07-17T14:00:40Z,2102863,108791
ohmshRdg8Y0,은밀하고 교묘한 요즘 학폭을 본 어른들의 실제 반응,원더맨 WonderMan,"'끊임없이 진화하는 사이버폭력'
원더맨은 푸른나무재단(청소년폭력예방재단)과 교묘하고 예측 불가능한 사이버폭력을 마주한 시민들의 반응을 담아보았습니다.

“침묵이 없으면 폭력도 없습니다.”

해당 사회실험 영상은 제3회 청소년 사이버폭력예방 푸른코끼리 온라인 포럼에 오프닝 영상으로 소개되었습니다.

▶학교폭력 예방을 위해 원더맨과 푸른나무재단이 함께합니다.
  푸른나무재단 유튜브 채널 https://bit.ly/3ARYwA6
  푸른나무재단 btf.or.kr
  푸른코끼리 bepuco.or.kr

🙏사이버폭력, 도움이 필요할 때 ☎1588-9128(구원의팔)
💙사이버폭력, 도움을 주고 싶을 때 ☎060-700-1497(천사친구) / 1통 3천원

📌 출연 및 비즈니스·협찬 문의
creator@crayonuniverse.com

📌 배우 인스타그램 (IG)
✅ 제이유 : _jey2u._.xx
✅ 하규리 : ggyul27

#사회실험카메라 #푸른나무재단 #사이버폭력 #푸른코끼리 #예방 #푸코포럼 #학교폭력 #온라인포럼 #사전신청 #이벤터스 #청소년 #삼성 #사랑의열매 #교육부 #진화와소멸",2022-11-30T10:00:19Z,7197001,177384
7WbbwrrRSTg,last night ★ [animated short film],rutopa,"thanks for watching! ♡  

CREDITS
directed by rutopa
https://www.instagram.com/rutopai
https://www.tiktok.com/@frutopia._
https://www.patreon.com/rutopai

additional storyboards: Andy Zhang 
https://www.instagram.com/andyzhang.art/
https://x.com/ndzhang

audio/sound mixing: Dorothy Guan

voice of paris: Angel 
https://www.youtube.com/@UCvOMAR2Vhp7cqbjI6fZQeTw 
https://www.twitch.tv/angelndisguize_
https://www.tiktok.com/@angelndisguis3

voice of vince: Fynn Erman 
https://www.instagram.com/fynn_erm/

#animation #shortfilm  #animated #indiefilm",2025-06-30T16:00:06Z,1612513,161980
vE_KSbV9O00,Stop the Secrets that Hurt - My Tutor Abused Me,Fight Child Abuse,Telling a trusted adult or disclosing abuse can help make it stop and start the healing.,2019-07-27T14:16:33Z,1752406,42491
vkmnkbVc7iM,Good Hair: Perceptions of Racism  (Award winning short film),OpenLearn from The Open University,"How does racism manifest itself in schools and workplaces? Explore the policies that discriminate against Black and Minority Ethnic communities in this immersive film interactive https://www.open.edu/openlearn/education-development/good-hair-perceptions-racism

Transcript - http://media-podcast.open.ac.uk/feeds/3998_youtubeuploadsfriday/20220630T162615_Good_Hair-Transcript.pdf

Race and Ethnicity Hub https://www.open.edu/openlearn/race-and-ethnicity-hub

Playlist link – https://www.youtube.com/playlist?list=PLhQpDGfX5e7BuumjUsbq-dijzq0lR2hk5

Study free course on Race and Youth Policy: working with young people at the Open University 
https://www.open.edu/openlearn/education-development/race-and-youth-policy-working-young-people/content-section-0?active-tab=description-tab

Study QD BA/BSc (Honours) Open degree at The Open University
https://www.open.ac.uk/courses/combined-studies/degrees/open-degree-qd

Study R57 BA (Honours) Sociology
https://www.open.ac.uk/courses/social-sciences/degrees/ba-sociology-r57

The Open University is the world’s leading provider of flexible, high-quality online degrees and distance learning, serving students across the globe with highly respected degree qualifications, and the triple-accredited MBA. The OU teaches through its own unique method of distance learning, called ‘supported open learning’ and you do not need any formal qualifications to study with us, just commitment and a desire to find out what you are capable of. 

Free learning from The Open University
http://www.open.edu/openlearn/ 

For more like this subscribe to the Open University channel
https://www.youtube.com/channel/UCXsH4hSV_kEdAOsupMMm4Qw 

Like us on Facebook: https://www.facebook.com/ouopenlearn/ 

Follow us on Twitter: https://twitter.com/OUFreeLearning 

#theOpenUniversity #equality",2022-10-21T12:00:11Z,353154,14461
ROsiuqzyr7E,Washing Machine Heart,fiireblanket,"My senior highshool project. About 140 hours!
Music: Washing Machine Heart by Mitski.
Art belongs to me",2022-08-27T21:20:29Z,1313988,133429
_By71awkTZE,가장 가까운 사람을 조심해야 하는 이유ㅣ≪이처럼 친밀한 살인자≫ 허민숙 입법조사관,유성호의 데맨톡(Deadmantalk),"#유성호 #법의학자 #부검 #그것이알고싶다 #그알 #교제폭력 #데이트폭력 #스토킹 #집착 #통제

오늘은 특별한 분과 함께했습니다.
바로 SBS '그것이 알고싶다'의 엔딩 요정이자
국회입법조사처에서 입법조사관으로 활동 중인 허민숙 조사관입니다!

혹시 '친밀한 관계 폭력'이라고 아시나요?
연인, 배우자, 가족 등 친밀한 관계 간에서 발생하는 폭력 및 강압적 통제 행위 등을 말합니다.

오늘은 우리의 가장 가까운 존재에서 벌어지는 폭력과 범죄인 친밀한 관계 폭력과
강압적 통제가 어떻게 우리의 관계를 잠식해 나가는지
그리고 우리는 이를 어떻게 헤쳐나가야 하는지에 대해 알아봅니다.


📚 ≪이처럼 친밀한 살인자≫ 만나러 가기
- 교보문고 https://product.kyobobook.co.kr/detail/S000219133094
- 예스24 https://www.yes24.com/product/goods/176403850
- 알라딘 https://www.aladin.co.kr/shop/wproduct.aspx?ItemId=382838599

0:00 하이라이트
00:26 시작
01:07 입법조사관이 뭔가요?
02:32 국회도 돈 주고 사서 보는 자료?
05:09 그알 엔딩 요정 ‘허민숙’
07:09 ‘교제폭력’이 무엇인가요?
08:35 실제로 교제폭력이 증가하고 있나요?
08:57 11번의 신고와 방어폭력 - 고등학생의 안타까운 죽음
09:55 반복되는 신고에도 왜 경찰은 알아채지 못했나?
10:15 ‘반의사불벌죄’란?
11:44 강압적 통제가 생명을 잃게 하는 이유
13:41 가스라이팅과 강압적 통제, 무엇이 다른가요?
15:21 통제의 위험 신호 - 지나친 관심
18:46 강압적 통제에서 벗어날 방법은 없나요?
21:12 관련 법이 만들어지지 않는 이유
22:25 교제폭력, 멍청해서 당하는 거 아니야?!
24:19 살인의 리허설, 목조름과 스토킹
27:00 스토킹처벌법이 있는데 왜 아직도 이런 일들이 벌어지나요?
29:34 단 한 명도 잃지 않기 위해 우리가 해야 할 노력
34:56 스마트워치 제도의 문제점
39:22 외국에서는 어떻게 하고 있을까?
39:58 국회의원님…! 이거 꼭 봐주세요!!!
43:31 이런 사람들은 꼭 이 책을 봐주세요

📍소개
유성호ㅣ법의학자
서울대학교 의과대학 법의학교실 교수
국립과학수사연구원 촉탁 법의관


📍데맨톡 멤버십 가입 ▶▶ https://www.youtube.com/channel/UCQvFuV0dZdRMxseUkCIM62A/join
데맨톡 실습생/수제자/마스터가 되어 채널을 함께 만들어 가요🎓😊 



📍데맨톡 협업 & 비즈니스 문의 
mediatalk0428@gmail.com

📍유튜브 콘텐츠 제작&운영 대행
mediatalkcnc@gmail.com",2026-03-17T09:00:50Z,213194,3922
iuavywpsZkY,교제살인 피해자 휴대전화에서 발견된 충격적인 스토킹과 폭력의 기록 - BBC News 코리아,BBC News 코리아,"""제가 죽어야 끝날 것 같다는 생각이 들어서, 제 인생이 5년 시한부 삶처럼 느껴집니다.""

인천 스토킹 피해자 김민지(가명)씨는 가해자가 선고받은 '형량 5년'을 시한부 기간처럼 여긴다. 가해자가 출소 후 다시 자신을 해칠지 모른다는 두려움은 지금도 계속되고 있기 때문이다.

한국여성의전화 집계에 따르면 2024년 한 해 친밀한 관계에서 살해된 여성은 최소 181명. 이틀에 한 명꼴로 여성이 목숨을 잃었다. 2025년 경찰청 통계에 따르면 스토킹 범죄의 절반가량이 친밀한 관계에서 발생했다.

부산 연제구에서 전 연인에 의해 살해된 20대 정가영(가명)씨의 동생 유리(가명)씨도 묻는다. 언니의 죽음 이후 무엇이 달라졌느냐고. 폭력이나 스토킹 신고가 접수되어도 연인 간의 사적인 문제로 치부되는 시선은 여전하다는 지적이다.

해당 사건과 관련해 부산경찰청은 ""피해자가 '아무런 피해가 없다'고 말해 다소 관리를 미흡하게 한 점이 있다""며 ""피해자들은 보복의 두려움 등으로 진술을 꺼려하는 경향을 보였는데 가해자를 대상으로 한 모니터링 방식 등을 적극 검토해보겠다""라고 밝혔다.

스토킹 가해자로부터 생명·신체에 위해를 입거나 입을 우려가 있는 경우 피해자는 경찰에 신변안전조치를 신청할 수 있는데, 이때 제공되는 스마트워치 역시 피습 상황에서 한계가 있다는 지적이 끊이지 않았다.

법무부는 가해자가 일정 거리 안으로 접근하면 피해자가 스마트폰 지도에서 '실제 위치'를 확인할 수 있도록 하는 제도를 2026년 6월 시행할 예정이라고 BBC에 밝혔다.

지난 2021년 스토킹처벌법이 제정된 후 사건이 발생할 때마다 개정안이 발의되고 일부 법안은 국회 문턱을 넘기도 했지만, 피해자 보호 확대를 위한 법안 마련에는 아직 갈 길이 멀다는 목소리가 나온다. 22대 국회에서 스토킹 처벌 관련 개정안 34건이 발의됐지만 상당수가 상임위에 계류 중이다. 교제폭력 관련 법안은 꾸준히 발의됐으나 10년째 법제화에 이르지 못했다.

사건 이후 무엇이 바뀌었는지, 그리고 여전히 바뀌지 않은 것은 무엇인지. 교제살인 피해자 유가족 유리 씨와 스토킹 피해자 민지 씨를 만나 이야기를 들었다.

자세한 기사 읽기 👉 https://bbc.in/3O46gbX

영상: 최유진
취재: 리차드 김, 최유진, 이선욱

※가정폭력·스토킹·교제폭력 피해 신고는 경찰청(112), 상담은 여성긴급전화(1366, 지역번호 + 1366), 카카오톡(women1366) 등을 통해 365일 24시간 지원 받을 수 있습니다.

더 자세히 알고 싶다면
BBC News 코리아: https://www.bbc.com/korean

#교제폭력 #스토킹 #교제살인 #BBC #BBC코리아 #BBCNews코리아 #비비씨코리아 #BBCKorean #BBC한국어서비스",2026-02-21T01:00:54Z,130719,3665
0qJ_k6V_SWk,"""핫식스 먹고 버텨요""..한국에서 청년으로 살아남기! | SBS 뉴스토리",SBS 뉴스,"언젠가부터 2030 청년들의 삶을 설명하는 말에는 우울한 꼬리표가 따라붙는다. 쉬거나, 준비하거나, 머물러 있는 세대로만 바라보는 시선도 적지 않다. 그러나 현실에서는 쉼조차 뒤로 미룬 채 하루하루 치열한 삶을 살아가고 있다. 취미, 연애, 결혼은 남의 이야기, 살아남는 것 외에 모든 것을 포기하기도 한다. 그러나 쉼을 미루며 버텨온 치열한 시간은 결국 스스로를 멈춰 세울 수밖에 없는 순간으로 이어지기도 한다. 청년 10명 중 3명이 번아웃(소진) 상태이고, 54만에 가까운 청년들이 고립.은둔 상태에 놓여있다. SBS [뉴스토리]는 ‘쉼포’와 ‘번아웃’ 사이에서 위태롭게 버티고 있는 청년들의 현실을 통해, 지금 우리 사회가 마주한 청년 문제를 짚어본다.

#번아웃 #쉼포세대 #N포세대 #N잡러 #고립은둔청년
#뉴스토리 #SBS  #'갓생'_강요_사회
#한국에서_청년으로_산다는_것 

Copyright Ⓒ SBS. All rights reserved. 무단 전재, 재배포 및 AI학습 이용 금지",2026-04-03T12:28:02Z,117552,1302
mPg3Kpqeu24,"비무장 시민을 향한 계엄군의 잔혹한 공격... 결코 잊어서는 안될 역사, 5.18 민주화운동 열흘의 기록 | 강연배틀쇼 사기꾼들 18회 | JTBC 260521 방송",교양 Voyage,"계엄군의 총칼에 희생된 수많은 광주 시민들과
하루아침에 가족을 잃은 슬픔에 넋이 나간 남겨진 사람들

'강연배틀쇼 사기꾼들' 다시 보고 싶다면?
https://tv.jtbc.co.kr/histrick

――――――――――――――――― 

[교양 Voyage] 채널 구독하기
☞  https://me2.kr/cXhkQ

――――――――――――――――― 

#강연배틀쇼사기꾼들 #최태성
#방구석역사여행 #518민주화운동",2026-05-22T09:30:17Z,150777,4026
VpqzCWo2Ev4,"2.6일마다 살해당하는 여성, 왜 '교제 살인'을 막지 못하나? | 로그인 EP.08 📹 허민숙 박사님",궁금한 Y,"#궁금한이야기Y #로그인 #인터뷰 #교제살인 #교제폭력

세상 사람들이 궁금해, 
그들의 이야기를 들어보는 콘텐츠 '로그인'

여덟 번째 궁금한 인물은 연인에게 폭력을 가해 끝내 사망에 이르게 하는, 교제 살인이 끊이지 않는 가운데
‘거절 살인, 친밀한 관계 폭력 규율에 실패해 온 이유’라는 보고서를 낸 허민숙 국회입법조사처 입법조사연구관님입니다

많은 관심 부탁드려요~🙏🙏🙏

🖥 로그인 EP. 08
🪪 국회입법조사처 입법조사관 허민숙 박사님

⌨️타임라인⌨️

00:00 오프닝
00:59 최근 호주에 다녀오셨다고 들었는데
01:51 우리나라에 통계가 없는 이유는 무엇인가요?
02:30 교제 폭력의 정의는 무엇인가요?
03:27 과거 교제 폭력에 대한 잘못된 인식
04:45 교제 폭력 가해자의 특징
05:38 교제 폭력부터 교제 살인까지의 패턴
07:11 전조증상 : 비치명적 목 조르기
07:42 전조증상 : 강압적 통제
08:42 교제 살인은 여성혐오에서 기인했을까요?
10:01 교제 폭력에 대한 한국과 외국의 차이
10:34 우리나라 법의 문제점
12:02 계속되는 법안 폐기, 그 이유는 무엇인가요?
13:38 피해자를 살리기 위해선 무엇이 필요할까요?
14:16 법이 어떻게 바뀌어야 할까요?
15:35 교제 폭력을 당하고 있는 사람들에게",2025-01-08T09:00:29Z,277560,11455
6RtI9xvT10A,🔪반사회적 인격장애 분석 | 라플위클리 S5 ep.3 - 사이코패스 & 소시오패스 #궤도 #안현모 #이동진 [LIFEPLUS] [ENG SUB],LIFEPLUS TV,"🕰️약속의 시간 11월 21일(금) 오후 8시
라플위클리에서 LIVE 첫 방송을 진행합니다.
지금 트라이브 앱에서 '라플위클리 밥친 LIVE'를 기획해 주세요.
👉 기획 참여 : https://lifeplus-tribes.onelink.me/xJHJ/arbcccud
(추첨을 통해 프리미엄관 상영권 증정!)

👀타임라인별로 몰아보기👇
00:00 ⏯️ 이번 주 하이라이트
00:27 🧠 주제 [사이코패스 & 소시오패스]
11:21 🎬 영화 [케빈에 대하여] : https://buly.kr/Nkkac6
13:56 📺 TV 프로그램 [스모킹 건] : https://buly.kr/YfVZQv
14:55 📝 사이코패스와 인류학
21:05 🎬 영화 [나이트 크롤러] : https://buly.kr/Cpzbo0
25:52 🎬 영화 [아메리칸 사이코] : https://buly.kr/HSYFjlN
29:43 🎬 영화 [데어 윌 비 블러드] : https://buly.kr/9MROcEt
35:22 🎬 영화 [노인을 위한 나라는 없다] : https://buly.kr/BIVjPDf
37:58 🎬 영화 [추격자] : https://buly.kr/44yfBmJ
40:08 🎬 영화 [프라이멀 피어] : https://buly.kr/2qZMK4U
42:21 📺 드라마 [덱스터] : https://buly.kr/6XnGvD1
44:18 📺 시리즈 [마인드 헌터] : https://buly.kr/5fDU18U
47:31 📦 '사이코패스 & 소시오패스' 콘텐츠 큐레이션
48:49 📱 트라이브 앱 이벤트 안내
49:18 🕰️ 다음 주 예고 '시간여행'

콘텐츠 홍수의 시대에 이동진, 궤도, 안현모가 
직접 거르고 걸러 추천하는 진짜 콘텐츠 큐레이션
‘라플위클리’로 당신만의 콘텐츠 플리를 완성하세요!

💬 라이프플러스TV는 시청자의 소중한 댓글들은 모두 존중합니다, 다만 무분별한 비난과 비하성 댓글은 안내 없이 삭제될 수 있음을 알려드립니다. 앞으로도 시청자 여러분의 소중한 의견을 많이 들려주세요! 😊

사진 - 게티이미지코리아",2025-10-31T02:00:07Z,514664,4410
9lozF2-cOVw,"탄핵 2회차 한국 보수의 미래, 예언 또는 유언 [뉴스 지나갑니다 ep1]",씨리얼,"탄핵을 10년 동안 두 번 경험하게 한 국민의힘.
지난번에는 쌩 정치 초짜 윤석열 대통령을 대선 후보로 데려왔는데요.
이번에는 과연 어떤 결정을 할까요? 대체 지금 속내는 어떨까요?

명쾌한 입담의 정치 베테랑, 윤지나 기자가 설명해 드립니다.

*선거철마다 돌아오는 씨리얼 정치수업, 이번 대선은 윤지나 기자와 조금 더 지적인 정치수업 '뉴스 지나갑니다'로 함께 합니다. 😉 윤지나 기자가 알려줬으면 좋겠다! 싶은 내용이 있다면 주저 말고 말해주세요!

00:00 국힘, 왜 아직도 탄반이 많을까?
06:30 국민의힘 논리구조 3단계
10:25 멋이 없는 국힘
14:50 한덕수가 갑자기 등장한 배경
18:55 철학 없는 보수의 결말

틱톡: https://www.tiktok.com/@creal.official
인스타그램: https://www.instagram.com/creal.official
페이스북: https://www.facebook.com/creal20
카카오톡 채널: https://pf.kakao.com/_xbxlles
트위터: https://twitter.com/Creal_kor",2025-04-21T13:06:18Z,126458,2829
5kdfxjeLhVY,자살률 왜 이렇게 심각할까? 청년들 얘기 직접 들어봄｜크랩,크랩 KLAB,"#크랩 #한국 #자살률 #일본 #청년

OECD 회원국 가운데 
20년째 ‘자살률 1위’라는 오명을 벗지 못한 대한민국.

그런데,
최근에는 상황이 더욱 심각해지고 있습니다.
10대부터 40대까지 사망 원인 1위는 자살.

특히 청년 자살률은 2011년 이후 
13년 만에 역대 최고치를 기록했습니다.

우리나라, 
정말 이대로 괜찮은 걸까요?

크랩이 직접 2030 청년들의 이야기를 들어봤습니다

00:00 시작
00:31 역대 최고치라는 청년 자살률
01:01 청년들이 말하는 2030 현실
02:05 삶의 만족도는 OECD 하위권? 
02:37 1인 청년 가구는 늘어만 가는데...
03:27 일본이 급증하는 자살률을 줄인 비결
04:10 우리나라는 왜 잠잠할까?

Copyright ⓒ KBS. All rights reserved. 무단 전재, 재배포 및 이용(AI 학습 포함) 금지",2026-02-21T02:00:04Z,969922,14478
UY_5u8K6_gw,인생을 너무 진지하게 살면 안 되는 이유ㅣ지식인초대석 EP.154 (보만 스님 1부),지식인사이드,"오늘은 보만 스님을 모시고

삶이 힘겨운 사람들을 위한 위로에 대해 들어봤습니다.

영상이 유익 했다면 구독!! 영상이 재밌으셨다면 좋아요 버튼을 눌러주세요!

#보만스님 #지식인사이드 #스님 #불교 #깨달음 #인생 #인간관계

00:00 인트로
00:27 구독자 인사
00:53 곁에 두면 내가 불행해지는 사람의 특징
05:01 내가 좋은 사람이 되기 위해 ‘주변’이 중요한 이유
08:57 인생을 너무 진지하게 살면 안 되는 이유
12:18 10대 어린 소년이 스님이 된 충격적 사건
15:31 요즘 청년들을 무기력하게 만드는 진짜 원인
20:53 요즘 무기력해진 한국 청년들에게 꼭 필요한 용기

*본 영상은 26년 4월 3일에 촬영되었습니다 

ㅡ

👇지식인사이드에 출연을 원하신다면 여기를 눌러주세요
https://forms.gle/u4LxVcwFdhvkLH8m6
knowledgeinside7@gmail.com

👇 다양한 채널에서 지식인사이드의 지식을 얻고 싶다면 여기를 눌러주세요
인스타그램: https://www.instagram.com/knowledgeins_kr/
페이스북: https://www.facebook.com/knowledgeIns7?mibextid=LQQJ4d
네이버 TV: https://tv.naver.com/purejboy2
틱톡: https://www.tiktok.com/@allstorieskr?lang=ko-KR
네이버 카페: https://cafe.naver.com/knowledgeins",2026-05-23T01:00:38Z,787856,26080
0ZVkrUaSOFw,사이코패스가 아니다? 강북 모텔 연쇄살인 '김소영'의 지능에 대한 심층 분석,유성호의 데맨톡(Deadmantalk),"#유성호 #법의학자 #부검 #강북모텔연쇄살인 #모텔살인 #김소영 #약물살인 #사이코패스 #지적장애 #경계선지능 

오늘은 지난 시간에 다뤘던 '강북 모텔 연쇄 살인사건'에 대한 새로운 이야기를 해보고자 합니다.

피의자 김소영의 지능지수(IQ)를 둘러싼 여러 논란들이 있었는데요.

그의 지능에 대한 법의학적 분석과 함께
형법적으로 어떻게 적용이 될지
그리고 지능지수(IQ)가 정확히 무엇인지에 대해 알아봅니다.


📌 타임라인
0:00 하이라이트
00:25 시작
01:41 IQ가 낮으면 범죄 책임이 줄어드는가?
02:11 IQ란?
03:46 IQ가 낮으면 지능도 낮은 걸까?
04:30 김소영의 IQ
06:39 IQ과 범죄는 연관이 있을까?
07:13 지능이 낮으면 형량이 줄어들까?
10:14 학교에서 하는 IQ 검사는 정확한가요?
14:07 노벨상 수상자들의 평균 IQ


📍소개
유성호ㅣ법의학자
서울대학교 의과대학 법의학교실 교수
국립과학수사연구원 촉탁 법의관


📍데맨톡 멤버십 가입 ▶▶ https://www.youtube.com/channel/UCQvFuV0dZdRMxseUkCIM62A/join
데맨톡 실습생/수제자/마스터가 되어 채널을 함께 만들어 가요🎓😊 


--
✅ 데맨톡 협업/유성호 교수님 강연 문의
mediatalk0428@gmail.com

✅ 유튜브 콘텐츠 제작 대행
mediatalkcnc@gmail.com",2026-04-10T09:00:02Z,780848,9245
J1FNN34HCsQ,버닝썬: K팝 스타들의 비밀 대화방을 폭로한 여성들의 이야기 - BBC News 코리아,BBC News 코리아,"주의: 해당 영상은 일부 시청자들이 느끼기에 불편한 묘사를 포함할 수 있습니다.

업데이트: BBC는 해당 영상에서 사실관계가 부정확한 부분이 있어 짧은 부분을 삭제했습니다. 피해자 '경미'가 법률 자문을 방송사 KBS 소속 변호사로부터 제공받은 것으로 잘못 표기한 부분입니다. '경미'는 실제 다른 변호사의 자문을 받았습니다.

박효실, 강경윤 기자는 5년 전 한국 연예계를 뒤집어놓은 K팝 스타들의 성 추문 사건, 일명 '버닝썬 게이트'를 폭로한 기자들이다.

강 기자는 아직도 가수 정준영이 주고받은 카카오톡 대화 메시지를 볼 때면 ""심장이 아프다""고 말했다.

박 기자 또한 2016년 정준영의 몰카 촬영 의혹에 대해 취재하던 중 피해 여성이 협박을 받은 후 고소를 취하하자 대중들이 자신에게 등을 돌렸다고 전했다.

임신 중이던 박 기자는 온갖 악성 댓글과 비난 문자, 전화 등으로 인한 스트레스로 두 차례의 유산을 겪었다.

BBC 탐사보도팀 BBC Eye는 국내외로 유명세를 떨치던 K팝 스타들의 실체를 드러내기 위해 자신들의 개인적 희생을 불사한 여성들의 이야기를 들어봤다.

더 자세히 알고 싶다면
BBC News 코리아: https://www.bbc.com/korean

#버닝썬 #버닝썬게이트 #K팝 #성폭력 #불법촬영 #정준영 #승리 #BBC #BBCEye #BBC탐사보도 #다큐 #BBC코리아 #비비씨코리아",2024-05-19T00:05:00Z,13560215,288801
K3zNywHRoio,"중국은 기회를 스스로 걷어차고 있습니다 | 스탠포드 중국 전문가, 댄 왕",EO Korea,"""미국은 자멸하고 있다. AI만 개발하면 중국을 이길 수 있다는 이상한 낙관주의에 빠져 있다.""
실리콘밸리의 대표적인 중국 경제·기술 분석가이자 '브레이크넥'의 저자 댄 왕(Dan Wang)의 주장입니다.

뉴욕타임즈 베스트셀러 댄 왕의 '브레이크넥'이 궁금하시다면 가까운 서점에서 만나보세요!
웅진지식하우스 출판ㅣ댄 왕 지음, 우진하 옮김 
👉https://product.kyobobook.co.kr/detail/S000219128202

하지만 댄 왕은 중국에는 '샹들리에 속의 숨은 아나콘다'가 있다는 표현을 인용하며 중국 또한 자멸하고 있는 것은 마찬가지라고 이야기하는데요.

댄 왕의 이야기를 통해 미중 패권전쟁에 대한 새로운 인사이트를 얻어가는 시간이 되셨으면 좋겠습니다.

00:00 인트로
01:26 중국, 세계 패권의 주인이 될 것인가? - 미국이 저지른 최대 실수
06:48 엔지니어 국가의 어두운 단면
11:32 개입을 줄이는 쪽이 승리한다
16:01 다음 에피소드


🌎 EO 글로벌 채널 구독하기 
👉🏻👉🏻 https://bit.ly/3S0Pacc

👽 eo PLANET 뉴스레터 구독하기
👉🏻👉🏻 https://bit.ly/3cIKLuL",2026-04-07T09:00:19Z,282061,6501
FQIeZDcasdM,"’딥페이크 사태‘ 그 후, 아직 끝나지 않은 피해자들의 이야기 - BBC News 코리아",BBC News 코리아,"지난해 딥페이크 성 착취물이 교육 현장까지 침투했다는 뉴스가 한국을 뒤흔들며 딥페이크 성범죄는 사회적 문제로 떠올랐다. 하지만 다시 사태가 잠잠해진 지금, 피해자들은 어떤 삶을 살고 있을까.

기사로 자세히 읽어보기 👉 https://www.bbc.com/korean/articles/cgmy8gj34emo

학생이 만든 딥페이크 합성물로 피해를 입은 한 중학교 교사는 올 3월 개학과 함께 다시 교단에 서야만 했다.

2019년 'N번방' 사건을 최초 보도한 추적단 불꽃 대표 원은지 씨 역시 ""현장은 여전하다""고 말한다.

학교발 딥페이크 사태를 계기로 정부와 관계부처가 합동 TF를 꾸려 처벌 강화와 수사 확대 방안을 내놨다. 하지만 이는 충분한 조치였을까. 학교 현장과 피해자들의 현실은 얼마나 달라졌을까.

BBC 코리아가 교육 현장, 피해지원 기관, 그리고 피해자들을 직접 만나 그들의 이야기를 들었다.

기획·취재·프로듀싱: 김효정, 최유진
영상: 최유진

더 자세히 알고 싶다면
BBC News 코리아: https://www.bbc.com/korean

#딥페이크 #딥페이크성범죄 #학교딥페이크 #N번방 #BBC #BBC코리아 #비비씨코리아 #BBCKorean #BBC한국어서비스",2025-03-05T02:39:57Z,131695,5504
gSpI3D5ofuM,모두가 아는 음식 이름을 내 상표로 등록하는 법!    #백종원 #대패삼겹살 #더본코리아,김재환의 오재나,"백종원은 SBS 힐링캠프에서 
‘대패삼겹살을 내가 개발했고 특허를 가지고 있다’라고 말합니다.
대패삼겹살이라는 음식의 특허를 갖고 있다? 과연 사실일까요?

특허와 상표권,
백종원이 대패삼겹살에 대해 갖고있는 권리는 무엇이고
어떻게 갖게 됐는지,
그게 과연 대패삼겹살의 원조라는 뜻인지 자세히 알아봅니다.

더불어 우리 모두의 추억이었던 80년대 한신포차가
어떻게 백종원과 더본코리아가 소유한 상표가 됐는지도 알아봅니다.


* 영상이 유익하셨다면 구독, 좋아요, 알림 설정을 눌러주세요.
제작진에게는 큰 힘이 된답니다 ^^

업무 문의 : seniorclass.k@gmail.com
제보. paikgap@gmail.com

#백종원 #대패삼겹살 #상표권 #한신포차 #특허 #특허청 #상표등록
#더본코리아 #원조 #대패로드 #김재환감독 #오재나",2026-05-25T08:00:29Z,64291,5278
bdNAL08P87I,"[권순표의 뉴스하이킥] 박근혜, 대구 이어 충청까지 지원유세...장동혁 체제 힘 받나? - 거없&황희두, 김동인&서용주&윤희석, 오윤혜, 김관영, 장예찬",MBC 라디오 시사,"5/25(월) 뉴스하이킥 방송내용

- ⏱️타임코드
00:00 뉴스앞차기
35:00 뉴스하이킥 본방송

본방송 전에 유튜브로만 즐기는 뉴스앞차기⚡
- 영화 유튜버 거의없다, 작가 황희두

1-2부
[뉴스신세계]
1. 스벅 감싸는 장동혁 
2. ‘대구 이어 대전’ 박근혜 등판
3. 트럼프, 이란 합의 속도 조절
- 시사인 김동인 기자
- 서용주 맥 정치사회연구소장
- 윤희석 전 국민의힘 대변인

[하프타임]
- 방송인 오윤혜

3-4부
[이슈하이킥1]
전북지사 도전
- 김관영 무소속 전북도지사 후보📞

[이슈하이킥2]
D-9 지선 판세는?
- 장예찬 전 국민의힘 최고위원

| 권순표의 뉴스 하이킥 |

◇ 홈페이지: https://www.imbc.com/broad/radio/fm/newshigh/
◇ 네이버TV: https://tv.naver.com/mbc.mbcradionewsntalk

#MBC라디오 #권순표의뉴스하이킥 #뉴스하이킥 #시사라디오 #권순표",2026-05-25T11:05:44Z,51615,4105
Dfj_95ANUHc,[#알쓸범잡2] 수감 중에도 협박 후 청부살인 계획까지...💥 담임선생님을 9년간 스토킹 한 N번방 공범의 충격적인 범행🔥,디글 :Diggle,"티빙에서 스트리밍 : https://tving.onelink.me/xHqC/30a78d6f

#알쓸범잡2 #권일용 #윤종신 #김상욱  #서혜진 

 we’re :DIGGLE family

#티빙에서스트리밍",2026-05-20T14:00:36Z,2738,12
IW4PthavcXw,법의학자가 분석한 파주 부사관 아내 사망사건,유성호의 데맨톡(Deadmantalk),"#유성호 #법의학자 #부검 #파주부사관 #구더기 #파주부사관아내사망사건 #법의곤충학 #사건 #사고

오늘은 전 국민들에게 큰 충격을 안겼던 사건 중 하나인
‘파주 부사관 아내 사망사건’에 대해 이야기해 보고자 합니다.

산 사람의 몸에 어떻게 구더기가 생길 수 있는지
사망할 때 까지 방치되었던 피해자는 어떤 고통 속에 있었을지..
사건을 법의곤충학적 관점에서 살펴봅니다.


📍소개
유성호ㅣ법의학자
서울대학교 의과대학 법의학교실 교수
국립과학수사연구원 촉탁 법의관


📍데맨톡 멤버십 가입 ▶▶ https://www.youtube.com/channel/UCQvFuV0dZdRMxseUkCIM62A/join
데맨톡 실습생/수제자/마스터가 되어 채널을 함께 만들어 가요🎓😊 


--
✅ 데맨톡 협업/유성호 교수님 강연 문의
mediatalk0428@gmail.com

✅ 유튜브 콘텐츠 제작 대행
mediatalkcnc@gmail.com",2026-05-01T09:00:35Z,1378324,22455
kPPkcLgoNX4,"[열린토론] 스토킹·교제폭력 문제와 대책 (허민숙, 송란희, 민고은)ㅣ250821 방송",KBS 1라디오,"토론 1. 교제폭력·스토킹 범죄, 왜 늘고 있나?

- #교제폭력 신고 증가 추세, 어떻게 봐야 하나?
- 법의 사각지대에서 벌어지는 교제폭력
- 교제폭력과 #스토킹 #범죄 #재범 위험성은?
- 교제폭력 대응 종합 매뉴얼, 실효성 있나?

토론 2. 범죄 근절을 위한 실질적 해법은?

- 교제폭력 근절 위해 개선되어야 할 법과 제도
- ‘친밀한 관계에 의한 #여성 #폭력’ 법 개정 필요한가?
- 교제폭력 #예방 위해 어떤 인식 개선 필요할까?

*출연자*
#허민숙 국회입법조사처 입법조사관
#송란희 한국여성의전화 대표
#민고은 변호사

진행 : #배종찬 인사이트케이 연구소장",2025-08-21T11:33:48Z,1170,25
ilUbCLjEkUE,2 Hours Lone Samurai Ronin Red 4K Resolution Your Live Wallpaper For PC,Your Live Wallpaper,"Taking a break but don’t want to turn off your PC?  These live wallpapers and screen savers are made to keep your setup alive while you rest.

Smooth motion, calm visuals, zero stress. Perfect after long gaming sessions or hours of work.

No more boring, dry screens!

If you want your PC or TV to always look good, even when you’re not using it, let this live wallpapers play and make it your break mode.

Don’t forget to like, subscribe, and hit the bell icon for more 4k wallpapers and Screen Savers for your pc and TV's.

Thank you!

#wallapaper #livewallpaper #4klivewallpaper #livelywallpaper #animewallpaper #animelivewallpaper #gamingwallpaper",2025-12-18T05:37:26Z,459756,2533
We6QG55wvac,폭발물 테러로 꼬리뼈까지 산산조각😱 생명의 위협 속에서도 국민의 알 권리를 위해 분쟁 지역의 참혹함을 전하는 김영미 PD #유퀴즈,디글 클래식 :Diggle Classic,"티빙에서 스트리밍 : https://tving.onelink.me/xHqC/30a78d6f

#유퀴즈온더블럭 #유퀴즈 #유재석 #조세호
매주 수요일 저녁 8시 45분 tvN에서!

we’re :DIGGLE family

#티빙에서스트리밍",2025-06-28T08:00:42Z,543696,5185
OOz95-8tQic,Santo Terço - Domingo - 24 de maio,Padre Alex Nogueira,"Adquira o Livro ""Bom dia, meu Deus"" 👇🏻
⤷ https://a.co/d/eSjJBA3

Adquira o Livro ""Orar faz muito bem"" 👇🏻 
⤷ Para adultos: https://a.co/d/cuVxs3D 
⤷ Para crianças: https://a.co/d/45TOz9g 

Doação pelo PIX: 43 9 9148 5767 – colabore na construção da Igreja e Mosteiro Preciosíssimo Sangue. 
⤷ Para conhecer mais sobre o projeto, assista o vídeo: https://youtu.be/1bKqhoOS4_k?si=VLQQ1wVz8uCiurME 
⤷  Ou acesse o site: https://www.padrealexnogueira.com/doacao 

Receba nossos programas em seu WhatsApp, Telegram ou Signal, envie uma mensagem para (43) 99136-2025. Este número é exclusivo para recebimento dos programas apresentados pelo Padre Alex. 

Quer saber o que são indulgências e como alcançá-las neste Jubileu 2025?
Assista o curso gratuito do Padre Alex Nogueira: https://youtube.com/playlist?list=PLFbuhFf6BE6G52QxX2pqWUSiRl86M9Alr&si=PwwBypmWk6zZ80zZ 

Em nosso site oficial https://www.padrealexnogueira.com, você encontra diversos artigos sobre os temas mais importantes da fé católica, além de ficar atualizado sobre a agenda e as novidades do nosso apostolado.

Acesse nossas redes sociais: 
⤷ Instagram: https://www.instagram.com/padrealexnogueiraoficial 
⤷ Facebook: https://www.facebook.com/padrealexnogueira 

#SantoTerco #MisteriosGloriosos #padrealexnogueira",2026-05-24T07:45:24Z,501612,21748
HHp4rjhJsWI,"Moody Gardens Penguin Cam LIVE | Penguin Habitat Stream at the Aquarium in Galveston, Texas",Moody Gardens,"Plan your trip: https://www.moodygardens.com/
More LIVE Webcams: https://www.moodygardens.com/webcams
Learn more about the Aquarium Pyramid: https://www.moodygardens.com/attractions/aquarium-pyramid

🐧 Watch our penguins live 24/7 from the Aquarium Pyramid at Moody Gardens in Galveston, Texas. See them swim, waddle, socialize, and explore their habitat anytime, day or night — no ticket required.
 
This penguin livestream offers a behind-the-scenes look at one of the Aquarium Pyramid's most popular exhibits, home to playful, curious penguins known for their strong group dynamics and impressive swimming abilities. You may catch feeding sessions, high-speed swimming bursts, and social interactions throughout the day.
 
🎥 Tip: Penguin activity varies by time of day and husbandry schedule — check back often for different behaviors.

📍 About Moody Gardens — Galveston Island, Texas
Moody Gardens is a world-class destination featuring educational attractions, family experiences, and seasonal events on Galveston Island. The Aquarium Pyramid showcases marine life from the North Pacific, South Atlantic, South Pacific, and Caribbean — including sharks, rays, reef species, penguins, and more.
 
🔹 Aquarium Pyramid — marine exhibits, ocean galleries, and animal experiences
🔹 Rainforest Pyramid — tropical plants and animals in a lush indoor environment
🔹 Discovery Museum — hands-on science and rotating educational exhibits
🔹 MG 3D Theater & 4D Special FX Theater — immersive film experiences
🔹 Moody Gardens Hotel, Spa & Convention Center — resort accommodations on the island
🔹 Palm Beach (seasonal) — pool, lazy river, and slides
🔹 Golf Course — championship-level coastal play
🔹Galveston Island Pickleball at Moody Gardens Golf Course — www.galvestonislandpickleball.com
 

🌊 Support Moody Gardens
Your views, likes, shares, and subscriptions help support our mission of education, conservation awareness, and family-friendly experiences in Galveston. Subscribe and hit the bell so you never miss a moment.
 
#penguincam #moodygardens #galvestontexas #livewebcam #aquarium #penguins #galvestonisland #thingstodoingalveston",2026-03-24T21:22:51Z,2898208,5687
dRkU55srCHs,친족성폭력 범죄에 공소시효는 필요 없다 | 씨리얼 시선,씨리얼,"#친족성폭력 #미투 #성폭력피해연대자들의고백 친족성폭력은 전체 성폭력 중 10.9%를 차지하며, 아동·청소년 대상 성폭력 중에서는 36.5%를 차지하는 범죄입니다. 하지만 평범한 일상 속에서, '집'이라는 공간에서 벌어지는 탓에 피해 사실이 잘 드러나지 않고 공권력의 대응조차 미비한 상황입니다. 

가족조차 소문날까 폭력을 쉬쉬하는 사이, ""그럴 사람 아니야""라며 주변인이 가해자를 두둔하는 사이 얼마나 많은 친족성폭력 피해자들이 자신을 숨기고 고립시켜왔을까요. 

""친족성폭력 공소시효 폐지를 입 밖으로 내는 데 25년이 걸렸습니다. 
지금까지 말하지 못해서 서글프고, 지금이라도 말할 수 있어 기쁩니다.""

'9년의 성폭력, 친아빠라는 이름의 가해자, 사회라는 이름의 공모자'라는 지옥을 건넌 생존자가 있습니다. 

단단한 목소리로 삶의 궤적을 고백하고 부조리와 폭력에 대해 고발하는 김영서 선생님을 만나고자 합니다.  

*영상의 출연자를 향한 가벼운 말들은 큰 상처가 될 수 있습니다. 모욕에 해당하는 캡쳐, 표현, 댓글 등은 씨리얼 나름의 원칙대로 관리하겠습니다.

-

씨리즌의, 씨리즌에 의한, 씨리즌을 위한
씨리얼 '구독'하고! 더 많은 곳에서도 많이 많이 퍼묵퍼묵! :-)

인스타그램: https://www.instagram.com/creal.official
페이스북: https://www.facebook.com/creal20/",2020-07-29T12:00:10Z,3520001,35086
wBbLkbyzIns,3-Hour Serene Yellow & Orange Gradient - Uplift and Relax Your Space,ONCE REELED,"Enjoy a 3-hour video of a calming and vibrant yellow and orange gradient, ideal for creating a warm, uplifting atmosphere. It's perfect for use as a peaceful background during meditation, relaxation, or as a gentle accompaniment to work or study. Allow the smooth transition of colors to inspire creativity, foster calmness, and beautify your surroundings with their subtle charm. Relax and let these radiant hues infuse your day with positivity and tranquility.",2023-11-29T05:25:22Z,425576,650
LS9OGiyopuU,남성에게도 성평등이 좋은 이유 | 3분 씨리얼,씨리얼,"남성에게도 양성평등이 엄청 좋다는데?!

'여성은 약하다'가 아니라 '여성도 강하다'
'남자니까 배려해줄게'가 아니라 '우리 함께하자' :)

by 씨리얼 X 한국양성평등교육진흥원
‪#‎성고정관념‬ ‪#‎편견‬ ‪#‎남성역차별‬

- - - - -
재미있게 보셨다면 공감, 구독 꾸욱^,^ // 청춘맛 씨리얼 C-Real
페북에도 놀러오세요! 더 활발합니다. http://facebook.com/creal20",2016-08-16T08:00:00Z,509609,13355
Fa51m2_OU9g,우리의 현대사는 여자의 얼굴을 하지 않았다 | 씨리얼 사회탐구,씨리얼,"제주 4.3 한국 전쟁, 이념 갈등이 남겨놓은 진짜 비극
4.3을 겪은 제주도는 현대사의 비극이 극대화된 지역입니다.
나이 80이 넘도록 물질을 하며 자식을 홀로 키우고,
혹은 이미 부인이 있는 남성과 결혼을 하고.
반드시 아들을 낳고,
딸을 지웠다는 죄책감에 시달리며,
그렇게 비극의 후유증을 견딘 여성들.
그런 부모를 보며 자란 자식들.

이 모두가 희생자이지만
지금까지 제주 4.3을 말할 때 이런 이야기는
거의 다뤄지지 않았습니다.

결코 4.3만의 문제는 아닐 겁니다.

아직도 건재한 휴전선은
사람 마음에 여러 종류의 선을 그어놓았습니다.

남성은 더이상 영광스럽지도 않은 군대에서 2년을 보내고,
여성은 여전히 이념을 앞세운 정치논쟁 속에서 많은 것을 양보합니다.
그속에서 갈등은 점점 더 심해져만 갑니다.

대체 전쟁은 무엇을 남겨놓았을까요?
‘종전’이란 우리 모두에게 생각보다 더 큰 의미일지도 모르겠습니다.

----

영상 말미에 텀블벅 펀딩 '4.3은 여자의 얼굴을 하지 않았다'에 참여해주신 분들의 소중한 이름이 들어가있어요 :) 참여해주신 분들 다시 한번 감사드립니다!!",2018-05-04T07:00:00Z,93195,3694
T7SsT0FQdUg,sunset aura 🌄| focus background wallpaper for studying | the aesthetic guide,𝑻𝒉𝒆 𝑨𝒆𝒔𝒕𝒉𝒆𝒕𝒊𝒄 𝑮𝒖𝒊𝒅𝒆 ♥,"An orange sunset aura wallpaper to match the vibe while studying or simply as a cute background screen.

#aurawallpaper #screensaver #screensaveraesthetic #screensaver4k #backgroundwallpaper #wallpaper #backgroundvideo #wallpaper #screensaverpink #aesthetic #aura",2024-12-18T18:51:20Z,804088,1249
PPyNQssJ15c,전쟁 후 70년이 지났는데도 들어본 적 없었던 이야기 | 씨리얼 시선,씨리얼,"6·25 '참전 용사' 두 분을 만났습니다. 첫 만남에 저희에게 참외를 깎아 주시고 허리가 아파 일어서기 힘들어도 지팡이를 짚고 문 앞까지 나와 씨리얼을 맞이해주신 두 분. 그들이 겪었던, 목격한 전쟁은 어떤 모습이었을까요? 전쟁이 우리에게 남기는 것은 무엇일까요? 

#625전쟁70주년

ㅡ

씨리즌의, 씨리즌에 의한, 씨리즌을 위한 
씨리얼 '구독'하고! 더 많은 곳에서도 퍼묵퍼묵🥣 

인스타그램: https://www.instagram.com/creal.official 
페이스북: https://www.facebook.com/creal20/",2020-06-24T12:00:08Z,250660,9531
XyLaeyBzZL8,[분노주의] 고민상담 받다가 광역 패드립 박는 사연자,주둥이방송,"🔻이 영상 생방송 원본 다시보기🔻


생방송은 치지직에서!
화/토 제외 늦은 밤(11~12시 랜덤 알림설정 부탁)에 시작합니다.

* 생방송 치지직 https://naver.me/5YagwyGo
* 인스타 : https://www.instagram.com/joodoong_e
* 팬카페 : https://cafe.naver.com/judygoongdy

광고 및 협찬 문의 : joodoong@sandboxnetwork.net

#공감 #고민 #상담",2026-05-24T14:47:39Z,260146,6508
jgkG_agWrYA,"몸에 안 좋은 거 아는데도, 출연자들 때문에 더 먹고싶어지는 ebs 비만 다큐 먹방 모음｜#골라듄다큐",EBSDocumentary (EBS 다큐),"식욕 자극의 원조, 비만 다큐 먹방 ebs 버전 모아보기

00:00 올타임 레전드 항정살 먹방
04:21 지방함량 가득 라면 먹방
07:36 라면, 아이스크림 먹방
10:26 자영업자의 피자 먹방
12:15 탄수화물 중독 남편의 탄수화물 파티
20:11 겨울에 먹는 포장마차 길거리 음식
20:52 외식보단 집술
22:43 삼겹살에 볶음밥 안먹으면 서운함
25:23 tv보면서 먹고 싶은 거 다 먹기

1. 하나뿐인 지구 - 음식중독1부. 치명적인 유혹, 지방

대표적인 음식의 맛은 단맛, 짠맛, 신맛, 쓴맛, 매운 맛 등으로 나뉜다.
그러나, 그 맛들을 뛰어넘는 강력한 맛이 있다. 바로 지방이다.
고대 그리스의 철학자, 아리스토텔레스는 지방을 ‘혀를 즐겁게 하는 효과 면에서
단맛에 대적할 만한 유일한 맛’이라고 표현했다.
현대 과학자들은 ‘혀를 즐겁게 하는 맛’이라는 실체를 지방 중독에서 찾고 있다.
더 심각한 것은 현대 사회가 점점 더 지방을 섭취하기 쉬운 환경으로 변하고 있다는 것이다.
중독에 이르게 하는 치명적인 유혹, 지방의 실체를 분석하고
지방에 빠지게 만드는 우리 주변 환경에 대해서 들여다본다.
지방이 많은 음식의 진화가 인류의 진화를 뛰어넘다
패스트 푸드, 인스턴트 등 가공식품을 많이 먹을수록 건강에 좋지 않다는 것을 알지만
우리는 그 맛에 사로잡혀 헤어나올 수 없게 되었다. 이 음식들에 공통점은 지방이 많다는 것이다. 
왜 우리는 지방이 많은 함유된 음식을 좋아하게 되는 것일까?
인류가 기름진 음식에 빠지기 시작한 것은 불을 발견하면서 부터이다.  ﻿ 
식물성 지방을 섭취하는 것이 다였던 인간은 고기를 구워먹으면서  
본격적으로 지방의 맛을 탐닉하기 시작했다.
그 후, 지방을 섭취하는 방법은 다양하게 발전해왔고,  
지금은 대량 생산까지 가능해지면서 싸고 쉽게 지방을 섭취할 수 있는 환경이 됐다.  
문제는 현대 인류가 구석기시대의 인류에 비해 크게 진화하지 못했다는 사실이다. 지금, 인간은 고도로 발전한 기름진 음식문화가 가득한 환경에 포위됐다. 
기름진 음식에 빠진 당신, 지방 중독일 수 있다
어릴 때부터 매 끼니 마다 고기반찬으로 식사하는 30대 남성, 안석환씨.  
어느새 체중이 105kg까지 늘어났지만, 고기를 끊을 생각 없다.  
고기를 먹을 때 드는 행복감을 포기할 수 없기 때문이다.
다이어트에 민감한 30대 여성, 정윤해씨.  
다이어트와 요요현상을 반복하고 있는 윤해 씨의 문제는 가공식품을 끊기 어렵다는 것이다. 건강이 걱정되지만, 기름진 음식과 가공식품을 끊기 힘든 두 사람을 대상으로 기름진 음식을 먹을 때 뇌의 반응을 실시간으로 스캔할 수 있는 검사를 했다.
과연, 이들에게 무슨 일이 일어난 것일까? ﻿ 
지방은 뇌의 쾌락 중추를 춤추게 한다  
2010년 미국 플로리다 스크립스 연구소에서는 지방이 많이 함유된 음식을 먹으면
뇌에서 쾌감을 느끼는 부위가 자극되어 계속해서 더 많은 기름진 음식을 원하게 된다고 발표했다.
이를 쥐 실험을 통해 알아보았는데, 고 칼로리에 ‘중독’된 쥐는 전기 충격으로 고통을 줘도 지속적인 음식 섭취를 하여 마약중독자와 유사한 기전을 보였다고 한다. 
기름진 음식이 계속 먹고 싶어 하는 것은 ‘혀’가 아닌 ‘뇌’가 원하는 것일 수도 있다.  
팔색조 지방의 맛, 인간을 현혹시키다 
오늘 하루 내가 먹은 음식을 떠올려보자. 느끼하고 바삭한 음식은 물론이고
달콤하고 고소한 음식까지 어쩌면 지방이 과도하게 들어있었을지 모른다.
지방의 맛이 우리의 혀를 사로잡는 것은 확실하지만, 지방의 맛을 정확하게 구분하는 사람은 거의 없다.
우리도 모르는 사이, 아주 조용히 우리의 입 속으로 들어오고 있던 것이다.
지방의 맛을 감별하는 실험을 통해 지방 맛의 실체에 다가선다.
오는 21일 ‘하나뿐인 지구’에서 거부할 수 없는 '치명적인 유혹, 지방'에 대해 파헤쳐 본다.

✔ 프로그램명 : 하나뿐인 지구 - 음식중독1부. 치명적인 유혹, 지방
✔ 방송 일자 : 2014.03.21

#골라듄다큐 #하나뿐인지구 #음식 #지방 #콜레스테롤 #단백질 #탄수화물 #살 #다이어트 #비만 #내장지방 #건강 #성인병 #복부비만
 
2. 귀하신 몸 - 탄수화물과 치명적 동거

한국인과 항상 함께하고 있는 나쁜 탄수화물. 그만큼 스스로 알아차리기 어렵다는 탄수화물 중독에서 과연 벗어날 수 있을까?
탄수화물 중독에서 벗어나는 파격 솔루션들을 낱낱이 공개한다.

의사, 트레이너, 식품영양학 박사 등 건강 전문가들이, 심각한 질환 전 단계의, 건강 적신호가 켜진 사람들을 만나 운동, 식이 등 맞춤형 라이프스타일 솔루션을 제시한다.

✔ 프로그램명 : 귀하신 몸 - 탄수화물과 치명적 동거
✔ 방송 일자 : 2023.06.17

#골라듄다큐 #귀하신몸 #살 #지방 #탄수화물 #밀가루 #라면 #빵 #다이어트 #탄수화물중독 #당 #설탕 #식단 #식단관리 #건강 #명의 #솔루션 #간식 #군것질

3. EBS 다큐프라임 ‘맛의 배신’ - 제 2부 중독을 부르는 향

현대는 ‘먹방시대’, ‘미식의 시대’로 불리우며 ‘맛’에 대한 끊임 없는 발전과 모색을 하고 있다. 또한 미디어 매체는 넘쳐나는 음식 정보의 바다로 손쉽게 다양한 음식들에 대한 정보를 얻고 있다. 
그러나 여기엔 크나큰 위험이 자리잡고 있는데, 왜 우리들은 이러한 음식들에 대한 나쁜 인식을 알면서도 계속 섭취하게 되는 것일까? 
향료품과 색으로 입맛을 중독시킴으로서 늘어가고 있는 비만률과 재료 고유의 맛이 가지고 있는 ‘향’의 중요성에 대해 다시 생각해본다.

또한 방송인 박영재씨의 평소 식습관을 관찰하고, 건강검진 이후, 4주간의 식습관 개선 프로젝트를 통해 얻은 놀라운 변화를 알아보자.


✔ 프로그램명 :  EBS 다큐프라임 ‘맛의 배신’ - 제 2부 중독을 부르는 향
방송 일자 :  2021.04.13.

4. 건강 프로젝트 바꾸면 산다 - 뱃살 1cm와의 전쟁

일이 바빠서 챙기지 못한 건강! 너무나도 많고 다양하게 넘쳐나는 건강 수칙, 건강 상식들! 거창한 질병과의 전쟁이라기보다는 생활 속 작은 습관의 변화를 통해 건강을 얻을 수 있는 재미난 건강프로젝트를 시작합니다! 30대, 40대, 50대 건강을 지키기위한 생활습관을 찾아봅니다. 

✔ 프로그램명 :  건강 프로젝트 바꾸면 산다 - 뱃살 1cm와의 전쟁
방송 일자 :  2016.08.25

#tv로보는골라듄다큐 #다큐먹방 #비만다큐먹방 #생로병사 #다큐프라임 #뱃살 #다이어트",2024-12-13T10:30:18Z,3035126,14084
dr73DK3OPOs,25년간 봉인된 '마이클 잭슨'의 금지된 기록...| 마이클 잭슨의 모든 것,라이프시크릿,"“네 자신을 믿어야 해. 무슨 일이 있어도.”
- 마이클 잭슨 -

세상이 비웃어도, 불가능하다고 말해도,
위대한 사람들을 공부하고, 철저히 분석하고,
절대 멈추지 말라고 '마이클 잭슨'은 말했습니다. 

세계 최고는 결국
자신을 믿고, 매일의 시간을 어떻게 쌓아가느냐에서 시작됩니다.

⬇ 그래서 목표 관리와 시간관리에 도움이 될 수 있는!
105명의 레전드 명언이 담긴 시간관리 플래너를 소개합니다.

⏰ 라씨가 실제로 매일 쓰는 시간관리 플래너,
라이프시크릿 타임박스!

하루 목표를 정리하고, 우선순위를 세우고,
시간을 눈에 보이게 관리할 수 있도록 도와주는 플래너입니다.

👉 구매링크: https://naver.me/Fioz8NTc
네이버 검색: ‘라이프시크릿 타임박스’",2026-05-19T10:30:01Z,336951,4790
RzS1QAX2ub0,"오세라비 VS 은하선, 비머가 '아찔했던' 젠더 토론회 다녀왔습니다 / [아찔한 토론 #7] / 비디오머그",비디오머그 - VIDEOMUG,"표창원 더불어민주당 의원이 지난 13일 서울 신촌에서 '젠더 갈등 어떻게 풀어야 할까'를 주제로 토론회를 개최했습니다. 표창원 의원의 사회로 진행된 토론회에는 페미니스트인 정재훈 서울여대 교수와 은하선 작가, 페미니즘에 대해 비판적 시각을 갖고 있는 오세라비 작가와 이선옥 작가가 패널로 참석해 아찔한 논쟁을 벌였습니다. 특히 여성할당제나 성 평등 정책, 젠더 갈등의 원인 등을 놓고 양측이 전혀 다른 시각으로 팽팽하게 맞섰는데요. 비디오머그가 이번 토론회의 핵심 장면을 모아봤습니다.   

오세라비 VS 은하선, 비머가 '아찔했던' 젠더 토론회 다녀왔습니다 / [아찔한 인터뷰 #7] / 비디오머그

✔신뢰할 수 있는 재미, 비디오머그 VIDEOMUG

▶비디오머그 VIDEOMUG 홈페이지 
: www.videomug.co.kr
▶비디오머그 VIDEOMUG  페이스북
 : https://www.facebook.com/videomug/ 
▶비디오머그 VIDEOMUG 트위터 
: https://twitter.com/VIDEOMUG_SBS",2019-04-25T10:01:58Z,841682,7220
mLEzGjiowvA,주수 상관없이 임신중절 허용하면 생기는 일,"우리동네산부인과, 우리동산","#임신중절 #낙태 #산부인과 

- 촬영_뒷_이야기/인스타툰: https://www.instagram.com/wooridongsan
- 홍쌤 블로그: https://blog.naver.com/gysurgeon_hong
- 권쌤 블로그: https://blog.naver.com/hestia_drk
- 추쌤 블로그: https://blog.naver.com/timmy87

00:00 인트로
01:37 ✔️인공임신중절(낙태 )허용 한계 조항 삭제
08:05 ✔️ 인공임신중절(낙태), 건강보험 적용
11:51 ✔️ 임신중지 약 도입과 필수약으로 지정
14:55 아웃트로
16:00 쿠키

※ 가족 채널 소개 ※
💘우리동네 어린이병원, 우리어린이
https://www.youtube.com/channel/UC-woZsctXZLnJOG-Tu6TZ5g

- 육아에 대한 모든 것을 알수 있는 의학 채널입니다. 다둥이 맘 소아과 의사 손쌤, 감성장인 소아정신과 의사 박쌤이 아이에게 건강한 멘탈과 건강한 신체를 갖도록 도와주고 싶은 모든 엄마 아빠들이 구독하면 좋은 채널입니다.

💘우리동네 유방이야기, 우유TV
:https://youtube.com/channel/UC8nMtNQnCoyo2T4-nz0iXZg

동갑내기 유방외과, 성형외과 의사 세 명이서 유방 및 유방암에 대한 다양한 내용을 수다 떨듯이 풀어갑니다. 환자와 의사 모두에게 유익한 내용을 다루는 채널입니다.

💘우리동네 난임 전문의 이재호
https://www.youtube.com/channel/UC2-LIM5Zz7_wKT4Q2Iu8GTA
여러 난임에 관한 주제들과 라이브 방송을 통한 소통으로 병원에서 풀지못한 숙제들을 함께 하고 있는 22만 난임부부에게 위로와 희망이 되는 채널입니다.

※ 알림 ※ 
- 댓글을 통한 진료는 하지 않습니다. 
- 본업과 육아로 모든 댓글에 답하지 못하는 점. 큰 양해 부탁드립니다. 
- 근거없는 비난과 비방이 지속되면 다른 분들을 위해 차단 박아드립니다.
- 영상으로 다루었으면 하는 내용을 댓글로 남겨주시면, 하나씩 영상으로 촬영하도록 하겠습니다.

〰〰〰〰〰〰〰〰〰〰〰〰〰〰〰〰

1명으로 부족해서 산부인과 전문의 3명이 모였다.
구독할수록 건강해지는 《우리동산》
좋아요👏🏻와 댓글은 저희에게 큰 힘이 됩니다!!! 
건강해지는 영상📺으로 찾아뵙겠습니다.",2025-09-11T09:01:50Z,76225,1450
-5BiatsX8b4,결혼 전 3번의 '임신 중절' 수술로 난임…이혼 사유될까 / JTBC 사건반장,JTBC News,"30대 여성 김씨는 결혼 후 3년이 지나도록 아이가 생기지 않아 고민이 많습니다.

결혼 전부터 아이를 좋아했던 남편은 마음이 조급한 지 병원 상담을 받아보자고 권했지만 김씨는 남편과 함께 병원 가는 것이 두렵기만 합니다.

20대 철없던 시절, 여러 번 임신 중절 수술을 받았던 과거를 들키게 될까봐 걱정이 됐기 때문입니다.

여러 차례 반복한 수술로 난임의 우려가 있다는 말을 듣긴 했지만 정말 임신이 되지 않을 줄 몰랐다고 합니다.

남편에게 모든 사실을 말하고 함께 난임 시술을 받아볼까 고민도 해봤지만 김씨는 차마 입이 떨어지지 않는다고 합니다.

만약 모든 사실을 알게 된 남편이 이혼을 원한다면, 김씨는 남편의 이혼 요구를 받아들여야 하는 걸까요?

#사건반장
☞JTBC뉴스레터 구독하기 (https://bit.ly/3IOFY5H) 
☞JTBC유튜브 구독하기 (https://bit.ly/2hYgWZg)
☞JTBC유튜브 커뮤니티 (https://bit.ly/2LZIwke)

#JTBC뉴스 공식 페이지
(홈페이지) https://news.jtbc.joins.com
(APP) https://bit.ly/1r04W2D

페이스북 https://www.facebook.com/jtbcnews
트위터 https://twitter.com/JTBC_news
인스타그램 https://www.instagram.com/jtbcnews

☏ 제보하기 https://bit.ly/1krluzF
방송사 : JTBC (https://jtbc.joins.com)",2022-06-17T10:29:25Z,434181,3891
tMiKfOv6WoI,낙태와 '피임'까지 금지한 나라에서 생겼던 일 | 세탁소의 여자들 #1,닷페이스,"프랑스에서도 피임도 금지였다고?
✔ 닷페이스는 닷페피플의 힘으로 영상을 만듭니다 👉 [http://bit.ly/닷페피플]


***

✔︎ 닷페이스의 작업을 응원하고 싶다면 닷페이스를 후원해주세요. 
 👉[http://bit.ly/닷페피플]

닷페피플은 세상에 대한 애정을 가지고 우리의 현실을 정면으로 마주하고, 선입견이 깨지는 것을 두려워하지 않으며, 그 현실이 더 나아질 수 있도록 우리와 함께 이야기하는 사람들입니다.

✔︎ 닷페이스 영상 번역에 기여해주시겠어요? 이렇게 하시면 됩니다
👉[http://bit.ly/닷페번역가되기]

이 영상의 자막 작업에 기여해주시면 더 많은 사람들이 볼 수 있습니다. 한국어 또는 어떤 언어도 괜찮습니다.

✔︎ 닷페이스를 만나는 다양한 방법
인스타그램 [https://www.instagram.com/dotface_off...]
홈페이지 [https://www.dotface.kr]",2018-09-28T10:00:10Z,83025,3202
EB_BgVP-UAw,"[오늘 이 뉴스] ""저 슈퍼카들 진짜 업무용?"".. '걸려봐' 칼빼든 국세청 (2026.05.25/MBC뉴스)",MBCNEWS,"#국세청 #법인슈퍼카 #세무조사 #슈퍼카 #연두색번호판
#MBC #뉴스 #뉴스데스크 #MBC뉴스 #뉴스투데이 #뉴스ZIP #뉴스꾹 #오늘이뉴스 #자막뉴스
ㅤ
ⓒ MBC & iMBC 무단 전재, 재배포 및 이용(AI학습 포함)금지",2026-05-25T06:32:13Z,319590,5643
nRHndYQatN8,"중학교 3학년, 학교 경비 아저씨에게 겪은 끔찍한 성폭행 트라우마..｜#고딩엄빠4 MBN 231011 방송",이집저집,"[끔찍한 성폭행 트라우마] 고딩엄빠 시즌4 12회 

매주 수요일 밤 10시 20분 본방송

고딩엄빠 채널 구독 / https://www.youtube.com/@TeenageParents_MBN
 
#고딩엄빠#시즌4#미성년자#고등학생#10대#엄마#아빠#부모님#육아#청소년#임신#MBN
 
☞MBN NEWS 구독하기 : https://www.youtube.com/channel/UCG9aFJTZ-lMCHAiO1KJsirg?sub_confirmation=1
☞MPLAY 구독하기 : https://www.youtube.com/channel/UC84IlgY5HIzxKBZOt8XM5UA?sub_confirmation=1
☞MBN Entertainment 구독하기 : https://www.youtube.com/channel/UCYyLIlOJyqkAFKlVjzX5img?sub_confirmation=1
☞MBN 공식 홈페이지 : https://www.mbn.co.kr",2023-10-12T05:49:17Z,1261976,4533
g7uqha0abEs,"[시술 시뮬] 임신중절 후, 여성의 몸에 생기는 변화","우리동네산부인과, 우리동산","인공임신중절편 타임라인
00:00 영상시작
02:55 유산의 정의
03:23 인공임신중절의 종류
03:54 인공임신중절이 가능한 시기?
05:40 인공임신중절 방법
09:18 인공임신중절 기구 살펴보기
12:47 인공임신중절 부작용
15:39 인공임신중절 흔적이 남을까? (더글로리)
17:08 인공임신중절 비용
20:36 여성 지원 센터, 여성 지원 정책
22:40 쿠키

- 촬영_뒷_이야기/인스타툰: https://www.instagram.com/wooridongsan
- 홍쌤 블로그: https://blog.naver.com/gysurgeon_hong
- 권쌤 블로그: https://blog.naver.com/hestia_drk
- 추쌤 블로그: https://blog.naver.com/timmy87

#36주 #낙태 #피임 

※ 가족 채널 소개 ※
💘우리동네 어린이병원, 우리어린이
https://www.youtube.com/channel/UC-woZsctXZLnJOG-Tu6TZ5g

- 육아에 대한 모든 것을 알수 있는 의학 채널입니다. 다둥이 맘 소아과 의사 손쌤, 감성장인 소아정신과 의사 박쌤이 아이에게 건강한 멘탈과 건강한 신체를 갖도록 도와주고 싶은 모든 엄마 아빠들이 구독하면 좋은 채널입니다.

💘우리동네 유방이야기, 우유TV
:https://youtube.com/channel/UC8nMtNQnCoyo2T4-nz0iXZg

동갑내기 유방외과, 성형외과 의사 세 명이서 유방 및 유방암에 대한 다양한 내용을 수다 떨듯이 풀어갑니다. 환자와 의사 모두에게 유익한 내용을 다루는 채널입니다.

💘우리동네 난임 전문의 이재호
https://www.youtube.com/channel/UC2-LIM5Zz7_wKT4Q2Iu8GTA
여러 난임에 관한 주제들과 라이브 방송을 통한 소통으로 병원에서 풀지못한 숙제들을 함께 하고 있는 22만 난임부부에게 위로와 희망이 되는 채널입니다.

※ 알림 ※ 
- 댓글을 통한 진료는 하지 않습니다. 
- 본업과 육아로 모든 댓글에 답하지 못하는 점. 큰 양해 부탁드립니다. 
- 근거없는 비난과 비방이 지속되면 다른 분들을 위해 차단 박아드립니다.
- 영상으로 다루었으면 하는 내용을 댓글로 남겨주시면, 하나씩 영상으로 촬영하도록 하겠습니다.

〰〰〰〰〰〰〰〰〰〰〰〰〰〰〰〰

1명으로 부족해서 산부인과 전문의 3명이 모였다.
구독할수록 건강해지는 《우리동산》
좋아요👏🏻와 댓글은 저희에게 큰 힘이 됩니다!!! 
건강해지는 영상📺으로 찾아뵙겠습니다.",2024-06-05T12:00:50Z,758745,5021
3snrFbxapZ4,낙태를 해야 할 수도 있다는 말에 완전히 무너졌어요│이하늬 간증 3│새롭게 하소서,CBSJOY,"'낙태를 해야 할 수도 있다는 말에 완전히 무너졌어요'
새롭게하소서 이하늬 간증 中

드라마 〈원더우먼〉 촬영 당시
생각지도 못하게 찾아온 아기

강도 높은 액션신을 촬영해야 하는 상황
그리고 아이의 장애 가능성에 대한 염려로 
하나님께 아이를 지켜달라고 간절히 기도했습니다

임신과 출산을 통해 
생명의 신비와 놀라우신 하나님을 경험한 
배우 이하늬의 간증을
〈새롭게 하소서〉에서 만나보세요

CBS 콘텐츠 다시보기는 어플리케이션 'CBS 만나'에서
☞ http://appradio.cbs.co.kr/app/manna.asp

✨여러분의 기도와 후원이 은혜로운 콘텐츠 제작에 큰 힘이 됩니다✨
후원문의 02-2650-7004
후원하기 https://bit.ly/36aFPHr
쉬운후원 https://bit.ly/2ZidAFa

하나님의 살아계심을 증거하는 방송을 만들기 위해 노력하는 CBS가 되겠습니다. 앞으로도 방송 선교에 많은 관심과 사랑 부탁드립니다.",2023-02-27T09:00:05Z,308401,1905
PlzM9QwUpRM,20대 30대 50대 임신중절수술을 경험한 여성들이 누구에게도 말할수 없었던 당시를 이야기합니다 (KBS 20181123 방송),허스토리 KBS,"■ 9월 28일 오늘은 1990년 라틴아메리카에서 시작한 #낙태죄 처벌 폐지를 위한 시민 행동이 일어난 날을 기념한, [안전하고 합법적인 임신중지를 위한 국제행동의 날International Safe Abortion Day] 입니다 .
현재 우리나라는 임신 14주내외로 임신중지를 허용한다는 방안을 검토중입니다.
지난 2018년 방송된 거리의 만찬 [천개의 낙태]를 통해 임신중지를 둘러싼 현실을 알아봅니다.

📨회차정보
거리의 만찬_천개의 낙태  20181123

그녀의 삶이 역사입니다.
Her story is HERSTORY
#허스토리KBS #HERstoryKBS #낙태죄폐지",2020-09-28T07:00:08Z,182681,
SRjP23ZSxf4,"[스프] ""여성 인권을 지키기 위해 바다로 간다""...임신중절이 범죄인 나라에서 법의 허점을 이용하는 자들 / The Outlaw Ocean EP.8 / 비디오머그",비디오머그 - VIDEOMUG,"이 영상은 미국 워싱턴DC에 본부를 둔 탐사 저널리즘 단체 〈The Outlaw Ocean〉에서 제작한 해양 다큐멘터리 시리즈입니다. 지난 10년간 해상 취재를 통해 바다에서 일어나고 있는 각종 범죄, 노동 착취, 해양 오염, 해상 분쟁 등 적나라한 실태를 조명했습니다. 비디오머그와 스브스프리미엄은 〈The Outlaw Ocean〉과 제휴를 통해 10편의 영상에 자막 번역을 더해 차례로 공개합니다.

오늘 공개하는 8편은 임신 중절이 불법인 나라에서 법의 허점을 이용하는 사람들에 대한 이야기입니다. 임신 중절을 원하는 여성들이 법의 효력이 미치지 않는 공해상으로 배를 타고 나가 시술을 받고 있는 실태를 조명했습니다. 이 과정을 주선하고 있는 레베카 곰퍼츠 박사는 ”여성들의 임신 중절 권리를 보장하고, 여성들이 안전한 방식으로 임신 중절을 할 수 있도록 해야 한다“고 주장합니다.

✔신뢰할 수 있는 재미, 비디오머그 VIDEOMUG

#비디오머그 #공해 #임신중절 #인권 #VMG


▶커뮤니티 참여(스브스프리미엄) : https://premium.sbs.co.kr
▶비디오머그 채널 구독하기 : https://n.sbs.co.kr/mugTube
▶Homepage : https://videomug.co.kr
▶Facebook : https://www.facebook.com/videomug
▶Twitter : https://twitter.com/videomug_sbs
▶스브스프리미엄 스프 : https://premium.sbs.co.kr",2023-06-05T09:00:14Z,15352,159
Q6_7PhOgqVw,가정폭력 피해자가 집을 탈출하기까지,닷페이스,"""태어나서 처음으로 살려달라고 소리를 질렀어요""
가정폭력 피해자가 집을 탈출하기까지

*소리를 켜고 보시면 좋습니다


닷페이스를 구독해주세요!  https://goo.gl/KnRiYf

[닷페이스를 만나는 다양한 방법!]
페이스북 : https://goo.gl/7YChqN
피키캐스트 : https://goo.gl/aa4KL2
트위터 : https://goo.gl/5zPsLx",2017-06-13T02:13:22Z,153368,4094
YKdO8MLdh0Y,낙태가 죄라면 [EBS 까칠남녀],EBS,"*방송일시 : 2017년 7월 3일 (월) 밤 11시 35분, EBS1


‘원치 않는 임신’을 했을 경우 남자가 해야할 말은?

“결혼 해야지”, “내가 다 책임질게”라는 말은 이제 그만!

더 이상 임신과 낙태는 여자 혼자만의 문제가 아니다!


‘원치 않는 임신’에 대해 

남녀가 어떻게 ‘함께’ 고민해야하는지 이야기 해본다.",2017-07-04T05:30:42Z,10322,81
pUF1deU9eL8,까칠 남녀 - 낙태가 죄라면_#003,EBSCulture (EBS 교양),"공식 홈페이지 : http://home.ebs.co.kr/gender/main
  낙태가 죄라면,

낙태에 대한 남여의 견해, 우리나라와 해외의 사례 등을 가지고 여성의 생명, 인권, 낙태의 자유에 대해서 이야기 해본다.

사회적 문제로 대두되고 있는 성차별 이슈!

유쾌하고 솔직한 목소리로 이야기하는 국내 최초의 젠더 토크쇼,",2017-07-05T12:15:07Z,100541,694
tuFRGarPT0w,"찬성? 반대?  ""낙태법 개정""을 산부인과 의사들👩‍⚕️이 말한다 | 여성건강채널No.1 우리동네 산부인과","우리동네산부인과, 우리동산","'큰 맘' 먹고 봐야하는 영상입니다!!!
오늘은 어려운 주제로 촬영하였습니다. 그만큼 진지한 태도로 촬영하였습니다. 비록 영상이 37분 정도로 매우 길지만 영상을  끝까지 봐주시어 전체적인 내용을 봐주셨으면 좋겠습니다. 여성이 건강하기 바라는 그리고 피해보는 사람이 없기를 바라는 저희의 바람을 이해해주시면 좋겠습니다. 감사합니다.

※ 바쁘신 분들을 위한 다시보기 리모콘 ※
순서
00:00 영상 시작
01:39 발의된 개정안의 임신중절 제한 임신 주수
02:30 사회경제적인 이유로 인공유산을 24주까지 허용한다면? 유산과 조산의 기준
03:40 24주 아기를 유산한다는 것의 의미
06:10 24주를 임신중절 기준으로 할 때의 장점
07:30 산부인과 의사  vs 정책 발의자 
09:30 인공임신 중절의 방법
10:30 미프진에 대해서... 왜 한국에서는 구하지 못할까?
15:40 임신 주수에 따른 인공유산 위험
21:25 인공유산, 보험 적용이 되어야 할까요?
26:50 법안 개정을 하시는 분들... 이거 한번만 봐주세요

이번엔 쿠키영상 없어요. 진지하게 찍었거든요 ㅎㅎㅎ

- 촬영_뒷_이야기/인스타툰: https://www.instagram.com/wooridongsan
- 홍쌤 블로그: https://blog.naver.com/gysurgeon_hong
- 권쌤 블로그: https://blog.naver.com/hestia_drk
- 추쌤 블로그: https://blog.naver.com/timmy87

#유산 #인공유산 #낙태

※ 가족 채널 소개 ※
💘우리동네 어린이병원, 우리어린이
https://www.youtube.com/channel/UC-woZsctXZLnJOG-Tu6TZ5g

- 육아에 대한 모든 것을 알수 있는 의학 채널입니다. 다둥이 맘 소아과 의사 손쌤, 감성장인 소아정신과 의사 박쌤이 아이에게 건강한 멘탈과 건강한 신체를 갖도록 도와주고 싶은 모든 엄마 아빠들이 구독하면 좋은 채널입니다.

💘우리동네 유방이야기, 우유TV
:https://youtube.com/channel/UC8nMtNQnCoyo2T4-nz0iXZg

동갑내기 유방외과, 성형외과 의사 세 명이서 유방 및 유방암에 대한 다양한 내용을 수다 떨듯이 풀어갑니다. 환자와 의사 모두에게 유익한 내용을 다루는 채널입니다.

💘우리동네 난임 전문의 이재호
https://www.youtube.com/channel/UC2-LIM5Zz7_wKT4Q2Iu8GTA
여러 난임에 관한 주제들과 라이브 방송을 통한 소통으로 병원에서 풀지못한 숙제들을 함께 하고 있는 22만 난임부부에게 위로와 희망이 되는 채널입니다.

※ 알림 ※ 
- 댓글을 통한 진료는 하지 않습니다. 
- 본업과 육아로 모든 댓글에 답하지 못하는 점. 큰 양해 부탁드립니다. 
- 근거없는 비난과 비방이 지속되면 다른 분들을 위해 차단 박아드립니다.
- 영상으로 다루었으면 하는 내용을 댓글로 남겨주시면, 하나씩 영상으로 촬영하도록 하겠습니다.

〰〰〰〰〰〰〰〰〰〰〰〰〰〰〰〰

1명으로 부족해서 산부인과 전문의 3명이 모였다.
구독할수록 건강해지는 《우리동산》
좋아요👏🏻와 댓글은 저희에게 큰 힘이 됩니다!!! 
건강해지는 영상📺으로 찾아뵙겠습니다.",2020-11-13T12:00:12Z,215549,4163
EnQzS7_WMe0,'태아 생명권' vs '여성 자기 결정권'…팽팽한 낙태죄 줄다리기의 역사 / 비디오머그,비디오머그 - VIDEOMUG,"현행 낙태죄에 대한 헌법재판소의 헌법불합치 결정이 나왔습니다. 이에 따라 1953년 제정된 낙태죄 규정은 역사 속으로 사라지게 됐습니다. 국회는 내년 말까지 낙태죄 처벌 조항을 개정해야 하고, 이 시한이 지나면 이 조항의 법적 효력은 사라집니다.

66년 동안 낙태죄 유지와 폐지를 둔 양측의 한치의 양보 없는 줄다리기는 이어졌습니다. 낙태를 막기 위해서 강한 처벌은 불가피하다는 의견과 국가가 과연 여성에 낙태와 출산을 강요할 수 있는가라는 물음, 또 태아의 생명 범위를 어디까지로 볼 것인가 등 쉽지 않은 물음들이 이어졌습니다.

낙태죄를 둘러싼 그 간의 이야기를 비디오머그가 정리했습니다.  

'태아 생명권' vs '여성 자기 결정권'…팽팽한 낙태죄 줄다리기의 역사 / 비디오머그

✔신뢰할 수 있는 재미, 비디오머그 VIDEOMUG

▶비디오머그 VIDEOMUG 홈페이지 
: www.videomug.co.kr
▶비디오머그 VIDEOMUG  페이스북
 : https://www.facebook.com/videomug/ 
▶비디오머그 VIDEOMUG 트위터 
: https://twitter.com/VIDEOMUG_SBS",2019-04-11T11:37:08Z,132850,1175
nAi_OFSvdVw,9조 부자가 죽기 전 폭로한 인맥과 부의 비밀,하와이 대저택,"📔하와이대저택 편역, 발타자르 그라시안 [무례한 세상에서 나를 지키는 법]
이 책의 인세 수익 '전액'은 무례한 세상을 헤쳐나가야 하는 아이들을 위해 서울시 아동 공동생활 가정 지원 센터에 100% 기부됩니다.
교보문고 : https://vo.la/lSY9PpX
예스24 : https://vo.la/5cOU7MZ
알라딘 : https://vo.la/GdnOIQ9
카카오 선물하기 : https://vo.la/WpoU4bK

대저택 서재 367화 앤드류 카네기 [철강왕 앤드류 카네기 자서전]

#하와이대저택 #인맥 #인간관계 #동기부여 #돈 #인생조언 #인생역전 #인생 #잠재의식 #자아실현 #성공 #부자 #주식 #워런버핏 #복리투자 #복리의힘 #복리",2026-05-21T21:00:10Z,86771,3231
kGikrbiRoLk,"스페이스X, 지상 최대 IPO 시작됐다… 일론 머스크가 전 세계 돈 빨아들이는 방법 / 똑소리E / 비디오머그",비디오머그 - VIDEOMUG,"스페이스X가 마침내 베일을 벗었습니다. 한국 시간으로 21일 새벽, 인류의 '우주 비즈니스'를 사실상 독점하고 있는 기업의 속사정을 낱낱이 담은 투자설명서가 전격 공개되며 IPO 절차에 돌입한 겁니다. 

스페이스X는 인류 역사상 최초로 우주를 '돈이 되는 공간'으로 탈바꿈시켰습니다. 일론 머스크가 성공시킨 '재사용 로켓'은 단 몇 년 만에 지구 주위가 온통 일론 머스크의 1만 개 넘는 인공별(위성)들로 뒤덮이게 만들었습니다. 그 인공별들이 '스타링크'라는 위성 무선 인터넷 서비스가 돼서 이제 전 지구 영역을 커버하며 연간 17조 원 수준의 매출을 일으키고 있습니다. 돈이 다가 아닙니다. 러-우 전장부터 이란의 시위 현장까지, 스타링크는 혁신적 테크놀로지가 권력도 제도도 이겨버릴 수 있다는 것을 보여줬습니다. 일론 머스크라는 사람의 '과도한 영향력'에도 불안감이 피어오르기 시작했습니다. 그런데 이것은 '일론 머스크 유니버스'의 시작일 뿐이라는 겁니다. 스페이스X가 오는 6월 12일 증시 역사상 가장 압도적인 규모의 IPO에 성공한다면, '머스크 유니버스'의 추진체에도 불이 붙게 될 것입니다. 지구에서는 아무래도 답이 안 나오는 AI 데이터센터들을 우주에 짓겠다. 결국 화성에 '어나더 레벨'의 전력 문명까지 건설하겠다. 그런데 이처럼 원대한 꿈을 실은 추진체는 과연 어디까지 날아갈 수 있는 걸까요?

상장에 앞서 xAI와 합병한 스페이스X의 기업 가치는 이미 1조 2천 5백억 달러 규모. 최근 주가 급등으로 이제 시가총액 1조 달러를 갓 넘긴 삼성전자마저 가볍게 따돌린 '증시 신인'의 등장입니다. 티커 SPCX, 시장은 나스닥. 나스닥은 관련 규정까지 바꿔가며 스페이스X 유치에 공을 들여 NYSE를 제쳤습니다. 스페이스X가 이번 공모를 통해 조달하려는 자금 규모는 750억 달러 정도. 성공한다면, 역사상 최대 규모였던 사우디의 국영 석유 회사 아람코의 상장 기록을 두 배 이상 뛰어넘는 수치입니다. 스페이스X가 지금 시장의 돈을 진공청소기처럼 빨아들이는 거대한 블랙홀이 될 수 있다는 전망도 나오는 이윱니다. 

스페이스X는 일론 머스크가 85%의 의결권을 가지게 됩니다. 말이 상장사지, 그냥 '개인 회사'입니다. 그런데 21일 새벽 공개된 스페이스X 투자설명서를 보니, ""우주 AI 개발, 사실 어려움이 많아요. 아직 증명되지 않은 기술로 하는 거라서 실현되기 어려울지도 몰라요.""라고 적어놨네요? 이거... 21세기 최대의 기회 맞을까요? '우주 골드러시'에 내가 초기 지분 갖게 되는 것 맞는 건가요?
  
'안 될 지도 몰라. 그리고 너는 참견도 하지 마. 돈만 내. 그러면 내가 열심히 해서 너를 화성에 데려다 줄게. 안 될 수도 있지만, 안 해 보면 무조건 안 되는 거니까 일단 네가 보태준 돈으로 내가 한 번 해볼게.' 자신의 꿈 하나로 온세상 사람들을 이렇게 들었다 놨다 할 수 있는 매력남, 정말이지 지금 지구인 중에선 일론 머스크 한 명 뿐일 겁니다. 감탄이 절로 나옵니다. 하지만 한 명의 투자자로선 좀 냉정하게 생각해 볼 때이기도 합니다.  

내가 투자를 하든 안 하든 어쨌든 역사적인 IPO가 될 스페이스X의 상장 A to Z. [똑소리E]에서 권애리 기자가 똑!소리 나게 분석해 드립니다.

0:00 시작
1:14 ‘머스크의 우주 비전’ 스페이스X가 왔는데요..
4:55 “우주 가즈아!” 근데 이제.. 33번 재사용을 곁들인
7:21 “이거 없으면 전쟁도 못 해요” 지구를 포위한 스타링크
8:47 “지구 반값으로 AI 굽는 법, 머스크 형이 아르켜줄게~”
11:40 “어차피 ‘꿈’ 아닌가?” 스페이스X, 투자 할? 말?

#일론머스크 #스페이스X #테슬라 #비트코인 #xAI #테라팹 #나스닥 #IPO #starship #falcon9 #삼성전자 #블루오리진 #로켓랩 #똑소리E 

(취재 : 권애리, 촬영 : 박우진·차승환, 구성 : 김은지, 편집 : 채지원, 디자인 : 채지우, 제작 : 지식콘텐츠IP팀)

#비디오머그

Copyright Ⓒ SBS. All rights reserved. 무단 전재, 재배포 및 AI학습 이용 금지",2026-05-22T09:04:24Z,455462,4256
MHyc-6mU6Aw,그 페미니즘은 틀렸다…고 / [아찔한 토론 #2] / 비디오머그,비디오머그 - VIDEOMUG,"한국 사회를 뜨겁게 달구고 있는 '페미니즘' 현상에 대해 의문을 던지는 책이 있습니다. 바로 원로 여성운동가, 오세라비 작가의 '그 페미니즘은 틀렸다(오세라비 지음)'입니다. 이 책에서는 메갈리아, 워마드로 대표되는 무조건적인 ‘혐오’는 사회운동이 될 수 없으며 혐오 장사꾼들이 급진적 페미니즘을 부추기고 있다고 주장하고 있습니다.

이에 비디오머그는 ‘페미니스트’임을 밝힌 20대 ‘영페미’들이 책의 저자인 이퀄리스트(양성평등) 오세라비 작가에게 페미니스트에 대한 생각을 직접 물어보는 '아찔한 인터뷰'를 준비했습니다.

그 페미니즘은 틀렸다…고 / [아찔한 토론 #2] / 비디오머그

✔신뢰할 수 있는 재미, 비디오머그 VIDEOMUG

#비디오머그 #오세라비 #이퀄리스트

▶비디오머그 채널 구독하기 : https://n.sbs.co.kr/mugTube
▶Homepage : https://n.sbs.co.kr/videomug
▶Facebook : https://www.facebook.com/videomug
▶Twitter : https://twitter.com/videomug_sbs",2018-09-05T07:36:35Z,3045421,35247
I_JPEYnw8-w,엠마왓슨 UN 양성평등 연설 : HeForShe (한글자막),cake cup (cupcake),,2014-09-26T08:46:23Z,963021,18160
RorfZoZpX3k,알파고한테 농락당한 방장을 대신해 복수해 준다며 등장한 래더 2300 초고수 등장ㄷㄷ 알파고의 운명은..?,[ALTUBE] 김성현TV,"스타크래프트 테란 STX전프로 ★알파고★김성현의 공식채널입니다:D
📌알튜브 공식 굿즈 스토어 : https://altube.shop , https://smartstore.naver.com/altubeshop
📌알튜브 멤버십 가입 : https://www.youtube.com/channel/UCOTJtP0Z9DjpPU43B5m1V6A/join
멤버십에 가입하시면 🔥알파고의 스타 강의🔥 회원 전용 동영상🔥을 즐기실 수 있습니다
------------------------------------
#알튜브 #알파고 #김성현 #스타 #스타크래프트 #starcraft

* 해당 게임은 26.04.29 생방송에서 진행됐습니다.
1편 링크 : https://youtu.be/ix-9_3anNQY

* 타임 스탬프
00:00 전편 요약
00:38 매치 4 (대리 복수전 1)
19:25 매치 5 (대리 복수전 2)
33:53 에피소드 & 매치 6 (꼴지 결정전)

--------------------
- 오프닝
Music provided by 브금대통령
Track : 베개싸움 - https://youtu.be/iWFKw4S3VFQ

- 매치 4 종료 후
Music provided by 브금대통령
Track : FAIL -  https://youtu.be/h4DKi2eUnH8

- 매치 5 종료 후
Music provided by 브금대통령
Track : 변명의 변명 - https://youtu.be/gmnqyAtLRpQ

- 디스 상황
Music provided by 브금대통령
Track : 가즈아!! - https://youtu.be/qtYmTGi-w2s

- 엔딩
Music provided by 브금대통령
Track : 또 오나 봄 - https://youtu.be/8VBJXQM_LUA",2026-05-25T02:30:21Z,66046,917
Rqm5o4See0Y,"“다들 폭락을 안 겪어본 것 같아요”, 요즘 투자자들이 탐욕에 빠져 놓치고 있는 것 | 호주 ep.7",희야기 | HeeChan,"제가 편집할 때 뭐에 씌였는지.. 몇가지 오타 및 오류가 있어 고정댓글로 정정합니다.
*LLOYD는 수백만 달러 자산가로, 수십억 자산가입니다. (영상에서는 수십억으로 표기)
**LLOYD는 50대가 아니라 40대입니다. 
* 01:37 Heaps는 힙하다가 아니라 '많다'는 뜻입니다. (댓글로 수정해주심)

호주에 가서 만나자고 갑작스레 연락했는데, 만나주신 LLOYD님께 진심으로 감사드립니다.
보시는 분들께도 좋은 영감이 되기를 바랍니다 :)

답변자 (Interviewee) | LLOYD
유튜브 채널 : https://www.youtube.com/@lloydross/featured

━━━━━━━━━━

질문자 (Interviewer) | 김희찬 (희야기)
독립출판 에세이 “어른 됐으면 이제 니가 알아서 하라길래” : https://smartstore.naver.com/heesstory
네이버 블로그 : https://blog.naver.com/khc2151
인스타그램 : https://www.instagram.com/hee_chan_kim
협업 문의 : khc2151@naver.com

━━━━━━━━━━

영상 타임코드 |
00:00 인트로
00:47 ① 골드코스트 탐방시간
01:56 ② 스몰토크
04:05 ③ 투자를 시작한 이유
05:59 ④ 부동산에 투자하지 않기로 한 이유
09:47 ⑤ 지금 부동산에 버블이 있다고 생각하는 이유
15:50 ⑥ 지금 부동산에 버블이 있다고 생각하는 이유
17:29 ⑧ 지금 시장이 전체적으로 버블인 이유
21:43 ⑨ 비트코인에 투자하지 않는 이유
25:20 ⑩ 부동산 투자에 대한 더 깊은 생각

#호주 #투자 #부동산
*영상 촬영은 2025년 10월에 했습니다.",2026-03-01T12:15:03Z,383620,7563
3aNtTUHJeDY,프랑스어 강사 정일영 '프랑스에서 살아남기' 특강,침착맨,"📌 정일영 선생님 자료 살펴보러 가기
https://drive.google.com/drive/folders/1JDZakdad0Ew0v9eSIieslUof_dKTvC7y

* 선생님의 소중한 지적 재산인 만큼 무단 전재 및 재배포(2차 활용)를 금지합니다.

▶같이 보면 좋은 추천 영상
https://youtu.be/WFacKE9NkhU?si=2OrC0cR1aMrckedm
▶'침착맨과 함께 듣는 특강' 모아보기
https://youtube.com/playlist?list=PLif_jr7pPZACfoFhBRTYpuhGn9etcTS3n&si=44iK9Ghc503XqVjC

▶이 영상의 생방송 원본
  •2024년 7월 17일 방송분: https://www.youtube.com/live/BUnnCDV3mvQ?si=blmg5GyEmryN4mn5

▶출연: 정일영, 침착맨
▶편집: 20수자, 9수자

▶협업제안: info@chimchakman.com

#침착맨 #정일영 #파리 #프랑스 #프랑스어 #특강 #올림픽 #로커 #극내성 #트레버",2024-07-24T10:00:05Z,7524955,103797
n1GqTdf9RvM,'진짜' 잘 사는 사람은 겉으로 드러내지 않습니다 (정영진 작가),지식인사이드,"오늘은 정영진 작가님을 모시고

남의 사탕발린 말에 휘둘리지 않고 나 자신을 지키며 사는 법에 대해서 알아봤습니다.

영상이 유익 했다면 구독!! 영상이 재밌으셨다면 좋아요 버튼을 눌러주세요!

#정영진 #지식인사이드 #사회

📘 정영진 작가님의 저서 [정영진의 시대유감] 
https://product.kyobobook.co.kr/detail/S000215130596


00:00 인트로
00:19 구독자 인사
00:33 인간관계에서 무조건적 공감이 오히려 독이 되는 이유
03:01 아무리 믿고 의지하는 사람에게도 말하면 안 되는 ‘2가지’ - 1
04:31 아무리 믿고 의지하는 사람에게도 말하면 안 되는 ‘2가지’ - 2
06:27 사생활 포기하면서까지 SNS에 매달리는 현대인의 실태
09:18 뱁새가 황새 따라가다가 가랑이 찢어지는 진짜 이유
11:33 한국인이 유전적으로 ‘행복’을 잘 느끼지 못하는 이유
13:44 인생이 늘 행복해야 한다는 것도 ‘편견’입니다
15:10 귀담아듣다가 내 인생을 망칠 수 있는 ‘듣기 좋은 말’
17:24 남의 사탕발림에 휘둘리지 않고 ‘내 생각’을 갖는 법


ㅡ


👇지식인사이드에 출연을 원하신다면 여기를 눌러주세요
https://forms.gle/u4LxVcwFdhvkLH8m6
knowledgeinside7@gmail.com

👇 다양한 채널에서 지식인사이드의 지식을 얻고 싶다면 여기를 눌러주세요
인스타그램: https://www.instagram.com/knowledgeins_kr/
페이스북: https://www.facebook.com/knowledgeIns7?mibextid=LQQJ4d
네이버 프리미엄 콘텐츠: https://contents.premium.naver.com/moneyinside77/knowledgeinside
네이버 TV: https://tv.naver.com/purejboy2
틱톡: https://www.tiktok.com/@allstorieskr?lang=ko-KR
네이버 카페: https://cafe.naver.com/knowledgeins",2025-01-28T01:00:41Z,614881,13367
skMJbOLdo5E,#MeToo 트윗을 읽어본 '기자 선배'들의 반응은??,PRAN-프란,"한국일보 기자 선배들이 #MeToo 트윗을 읽어봤다
'직장 내 성범죄'에 대한 솔직한 생각,
그리고 그동안 말하지 못했던 이야기...

#MeToo
#ㅇㅇ내_성폭력

 ----------------------------------------------------------------------------------------------------------------------------------

▲ 더 다양한 기사 읽기 :  https://www.hankookilbo.com
▲ 유튜브 구독하기 : https://www.youtube.com/c/프란PRAN
▲ 페이스북 좋아요 : https://www.facebook.com/playhankook
▲ 네이버 TV캐스트 팔로우 :  http://tv.naver.com/playkorea

▲사건 및 영상 제보
 digitalnews.hk@gmail.com 
 ssolly@hankookilbo.com
 changsun91@hankookilbo.com

제보 : 02)724-2489~2490",2018-02-08T07:17:07Z,50396,1971
3DOWKeoeskU,"""생후 100일부터 알 수 있어요."" 웃으며 말하던 아이의 자폐 신호 (천근아 교수 1부)",지식인사이드,"오늘은 자폐스펙트럼 장애 전문가, 천근아 교수님을 모시고

자폐 아이가 보내는 신호에 대해 알아보았습니다.

영상이 유익 했다면 구독!! 영상이 재밌으셨다면 좋아요 버튼을 눌러주세요!

#천근아 #지식인사이드 #자폐스펙트럼 #소아정신과

📘 천근아 교수님의 저서 [아이 마음을 다 안다는 착각]
https://product.kyobobook.co.kr/detail/S000200142899 

00:00 인트로
00:19 구독자 인사
00:25 영재인 줄 알았는데 알고보니 자폐 증상이었던 아이의 행동
03:25 웃으며 말하던 아이의 자폐가 시작되는 기간별 신호 - 1
04:24 웃으며 말하던 아이의 자폐가 시작되는 기간별 신호 - 2
05:40 웃으며 말하던 아이의 자폐가 시작되는 기간별 신호 - 3
07:40 말이 느린 아이와 자폐 스펙트럼인 아이 구분하는 법
09:09 성인이 되어서 자폐 스펙트럼 장애를 발견하는 이유
13:05 최근 전 세계적으로 자폐 스펙트럼 환자가 급증하는 이유
15:23 자폐 스펙트럼 진단 받은 아이가 병원에서 받는 치료
19:26 ‘진료 대기만 5년’ 소아정신과 진료가 늘어나는 이유
21:06 자폐 스펙트럼 아이의 부모님들을 위한 한 마디


※ 본 영상은 건강증진을 위해 만들어진 콘텐츠로서 의학적인 진료를 대신할 수 없으며, 정확한 내용은 전문의와의 상담을 통해 결정하시기 바랍니다.


ㅡ


👇지식인사이드에 출연을 원하신다면 여기를 눌러주세요
https://forms.gle/u4LxVcwFdhvkLH8m6
knowledgeinside7@gmail.com

👇 다양한 채널에서 지식인사이드의 지식을 얻고 싶다면 여기를 눌러주세요
인스타그램: https://www.instagram.com/knowledgeins_kr/
페이스북: https://www.facebook.com/knowledgeIns7?mibextid=LQQJ4d
네이버 프리미엄 콘텐츠: https://contents.premium.naver.com/moneyinside77/knowledgeinside
네이버 TV: https://tv.naver.com/purejboy2
틱톡: https://www.tiktok.com/@allstorieskr?lang=ko-KR
네이버 카페: https://cafe.naver.com/knowledgeins",2024-11-19T12:06:56Z,1113379,10304
aGMEoG7apms,[Candid Couch] 김지윤 박사 | 이 사진 한 장에 우크라이나 전쟁의 비극이 담겨있습니다 (Pt.1),타일러볼까요,"한 점의 그림에서 시작된 대화가 어떻게 우크라이나 전쟁의 본질로 이어질 수 있을까요?
타일러가 초대한 김지윤 박사는 예술 속에 숨은 권력과 전쟁의 흔적을 읽어냅니다.
아이웨이웨이의 작품에서 시작된 이야기는 곧 국제 정세의 냉혹한 현실로 번지고,
트럼프라는 예측 불가한 변수가 등장하며 대화는 한층 깊어집니다.
그녀의 통찰은 결국, 우리가 놓치고 있던 세계의 흐름을 새롭게 보여줍니다.

#예술과전쟁 #우크라이나 #트럼프 #타일러볼까요

타임라인:
00:00 한 점의 그림에서 시작된 질문
01:22 예술, 시대를 비추는 거울
07:46 아이웨이웨이와 전쟁의 기록
11:23 미어샤이머의 경고: 전쟁의 진짜 얼굴
13:05 트럼프 변수, 그리고 다가오는 2막

=======================================
이 영상은 100% 재생에너지로 촬영되었습니다
일찍스튜디오 : https://naver.me/FOMS10iK
=======================================


타일러 인스타그램: [https://www.instagram.com/tyleroninsta/]
타일러볼까요? 인스타그램: [https://www.instagram.com/tylerbolkkayo/]
타일러 틱톡: [https://www.tiktok.com/@tylerrasch1]",2025-10-16T08:45:00Z,235232,6646
KwQGipFqFjI,[분노주의] 트위터를 끊어야 되는 사람이 못 끊으면 생기는 일,주둥이방송,"🔻이 영상 생방송 원본 다시보기🔻


생방송은 치지직에서!
화/토 제외 늦은 밤(11~12시 랜덤 알림설정 부탁)에 시작합니다.

* 생방송 치지직 https://naver.me/5YagwyGo
* 인스타 : https://www.instagram.com/joodoong_e
* 팬카페 : https://cafe.naver.com/judygoongdy

광고 및 협찬 문의 : joodoong@sandboxnetwork.net
#공감 #고민 #상담",2026-04-19T13:12:31Z,852647,14136
W_ChhnAM7GY,AI 기업들이 숨기고있는 소름끼치는 것,알간지Alganzi,"제가 쓴 책
[더블 클릭]도서 구매
예스 https://vo.la/hp6tM4L
교보 https://vo.la/0jjGmeP
알라딘 https://vo.la/ZyoheXB


[웹사이트]  https://rganzi.com/
[비즈니스 문의]  alganziwork@gmail.com
[팬아트 보내는 곳]  alganzi55@gmail.com
[멤버십 가입]  https://www.youtube.com/channel/UC4wMRlYVDQqPbIMZb-DqH1A/join",2026-04-14T09:57:49Z,800145,45564
hiwVgLlZ4r4,꽃눈의 시간(The Hour of Blossom Buds) - The Struggles of Women's University Students in Korea : '동덕여자대학교',K-Feminist 촬,"The students of Dongduk Women's University in Korea are suffering from severe misogyny in the country and the university's unfair response as they resist anti-democratic academic administration. Even now, the students continue their struggle and require significant attention from international media.






""A Very Brady Special"", ""Deep Relaxation""  Kevin MacLeod (incompetech.com)
Licensed under Creative Commons: By Attribution 4.0 License
http://creativecommons.org/licenses/by/4.0/",2025-02-14T11:52:31Z,17226,1938
wcDARQ7emv4,인간 존재에 대한 가장 어두운 해석 - 실존적 엘크 이론,충코의 철학 Chungco,"오늘은 노르웨이의 철학자 페터 베셀 자페의 철학을 이야기했습니다. 그는 인간이 정신의 능력 때문에 결국 멸종할 수밖에 없다고 평가했습니다.

* 이 영상을 텍스트로 읽고 싶다면 → 충코의 철학 이글루스 채널홈""
https://egloos.com/kor/chungco_phil?utm=youtube

채널에 가입하여 혜택을 누려보세요. (라이브 방송 다시보기)
https://www.youtube.com/channel/UCUV9bHklegmYbdt091TNvjA/join",2026-02-18T08:55:48Z,545446,21205
hKIYrlM2csA,누군가는 말해야한다... 31살 여자의 임출육 솔직후기,시골쥐의 도시생활,"아 오늘 영상은
미혼 여자 골쥐들이 꼭 끝까지 봤으면 좋겠네요
우린 혼자서도 너무 잘 사는 멋진 여자들이니까,
결혼도 임신/출산/육아 고민도 신중히... ♥

* 타임라인 
00:00 31살 육아휴직없는 여자의 고찰
00:27 1. 첫번째 고찰
02:07 2. 두번째 고찰
05:48 3. 세번째 고찰
07:20 4. 네번째 고찰
08:55 인생에서 뭐가 맞는건지 헷갈려
09:05 임출육하며 바뀐 점
09:55 워커홀릭 여자의 임출육 후기

📌 본 채널 모든 컨텐츠의 무단 사용 및 
협의되지 않은 상업적 사용을 금지합니다. 
(성명권, 초상권, 영상 캡쳐, 바이럴 무단 제작 등)

#임출육 #재테크 #신혼부부 
─────────────────────── 
Instagram: https://www.instagram.com/countryside.mouse
Business: countryside.baek@gmail.com 
───────────────────────",2026-03-26T10:00:59Z,671564,17410
muEOOUe9YSI,The Truth Norwegians Refuse to Acknowledge,It's Blythe,"New  content is here! Today we’re talking about the sun. And yes im not failing the 52 weeks challenge 

 If you enjoyed the video, make sure to LIKE , SUBSCRIBE , and drop a comment — I love hearing your thoughts!

if you want to support my work and see exclusive content: https://patreon.com/BLYTHE19?utm_medi...

CREDITS: 
Dialogue drawings: Wuh Pork
Research: Kaidaira and ww!!! 

Hashtags:
 #introverthumor  #mentalhealthstories  #overthinking  #awkwardsituations  #animatedstorytime  #drawnstorytime  #storytimeanimation  #animatic  #storytimeanimator  #animationstory  #animatedyoutube  #cartoonstorytime  #digitaldrawing  #drawncontent  #animationcreator  #indieanimation  #youtubeanimator  #animatorcommunity  #funnyanimation  #storytimefunny  #comedyanimation  #funnyrelatable  #humorvideo  #awkwardhumor  #storytimecomedy  #funnycartoon  #comedycontent  #laughwithme  #animeinspired  #animeart  #animeanimation  #animecharacter  #animeaesthetic  #animecreator  #animevibes  #animeeditstyle  #mangastyle  #otakuartist  #animecommunity  #animecartoon  #youtubestorytime  #youtubeanimation  #smallcreator  #newyoutuber  #growingyoutuber  #contentcreator  #viralvideo  #trendinganimation  #watchthis  #supportsmallcreators",2026-05-25T00:18:09Z,13647,1516
dQRKL4BxrEM,Why do young women hate men? | UK Politics | The New Statesman,The New Statesman,"For years, we have wrung our hands about the Manosphere: the misogynist influencers like Andrew Tate exploiting a generation of disillusioned and impressionable lost boys. But what about radicalised young women?

Subscribe on YouTube: https://www.youtube.com/channel/UC2DHAQOeEg-Z-4trARDXHRA?sub_confirmation=1

New, exclusive polling for the New Statesman has uncovered a huge difference in the political, economic and social outlook of women and men under 30 in Britain, created largely by women turning to the left. 

Should we be worried about the “femmosphere”?

Anoosh Chakelian is joined by Scarlett Maguire, founder and director of polling and research company Merlin Strategy, and online editor Emily Lawford.

📚 READ: https://www.newstatesman.com/politics 

🙋‍♀️ ASK a question
We answer listener questions every Friday. Submit your by commenting here, or at www.newstatesman.com/youaskus

📧 FREE get our daily politics email
https://morningcall.substack.com

💷 SAVE Become a New Statesman subscriber:
Get access to all our reporting at newstatesman.com and receive your copy of our weekly magazine. Podcast listeners can get the first two months for just £2 at https://www.newstatesman.com/save

🎧 LISTEN to the New Statesman podcast
https://www.youtube.com/@NewStatesman

--
The New Statesman brings you unrivalled analysis of of the latest UK politics. On our YouTube channel you’ll find insight on the top news and current affairs stories, as well as insightful interviews with politicians, advisers and leading political thinkers to help you understand the political and economic forces shaping the world.

With regular contributions from our writers including Oli Dugmore, Anoosh Chakelian, Ailbhe Rea, Rachel Cunliffe and George Eaton, we’ll help you understand the world of politics in Westminster and beyond.

#topnews #news #politics",2026-04-15T11:01:05Z,295096,6717
UygkOVbQyHM,본인 스스로와 짱친이 되면 무적이 됩니다,코햄 KoreanHamster,"딴소린데요, 다음달에 부트캠프 시작합니다! 😉
https://www.instagram.com/jihyun_hamster/
🐹 코햄영어: https://kohamenglish.com/
💌 협업 문의: koham.contact@gmail.com",2025-09-08T09:00:46Z,231833,13778
I3BTokVVH9U,The 4B Movement Expanded and Men are Terrified!,Shayna Conde,"As a childfree woman who is decentering men, the expansion of the 4B Movement is both inspiring and a true sign of the times. What started out as a movement based in South Korea has grown into a 4b movement in the west, and (even better) a 4b movement for Black women! In this video essay, I share a brilliant creator who breaks down all the evolutions of the 4B Movement and what they mean for the future of women's health, safety, and prosperity.

FOLLOW SASHA, SHE'S BRILLIANT!
TIKTOK:  https://www.tiktok.com/@sistaseparatist
YOUTUBE: @Sasha S. Graham 

DON'T FORGET TO LIKE, COMMENT, AND SUBSCRIBE!

✍️My HOW TO BE A FREELANCE WRITER Master Class✍️
https://www.shaynaconde.com/courses

✅ Check out my Patreon ✅
https://www.patreon.com/ShaynaConde

⬇️Subscribe to my newsletter for updates ⬇️
https://substack.com/@shaynaconde

❤️ Send me a gift ❤️
PayPal: shaynarconde@gmail.com
Venmo: @shayna-rc
CashApp: $shaynarc

#childfree #single #decentermen #relationship #4bmovement #blackgirlbloggers #blackgirlmagic #blackwoman #socialcommentary #socialmedia #videoessay #tiktok #viralvideos #naturalhair 

0:00 Sasha collected all this info so show her some love!
1:17 The 4B Movement
2:20 The 5B Expansion
3:12 The 6B Expansion
3:28 The 7B Expansion
3:53 The 8B Expansion
5:26 The Rejection of Beauty
6:05 The Rejection of Religion
6:46 The Rejection of Idol Culture
7:10 The Rejection of HyperS*xualization",2024-11-11T22:45:00Z,35420,3806
WY8VfgiXYn8,"한중일 미감, 왜 이렇게 다를까? 그 이유 다 알려드림",예영이예영,"00:00-2:45 한중일 미감 차이

2:45-4:55 환경적 차이 - 한국
4:55-6:34 환경적 차이 - 중국
6:35-10:33 환경적 차이 - 일본

10:47-14:07 건축 - 한국
14:07-16:10 건축 - 중국
16:10-19:47 건축 - 일본

19:47-24:43 도자기 - 한국
24:43-26:41 도자기 - 중국
26:41-28:15 도자기 - 일본

28:15-30:57 그림 - 한국
30:57-32:58 그림 - 중국
32:58-36:09 그림 - 일본

36:10-40:15 패션, 헤어, 메이크업 - 한국
40:15-41:42 패션, 헤어, 메이크업 - 중국
41:42-44:06 패션, 헤어, 메이크업 - 일본

44:06-44:40 한중일 미감 차이 총정리
44:40-46:25 현대 미감의 변화
46:26-47:51 진짜 하고싶었던 말


====================================

한중일, 같은 동양인데
왜 느낌이 다르게 보일까요?

건축, 도자기, 그림, 의복, 얼굴까지
미감의 기준이 어떻게 다른지
정리해 봤어요!

제가 정말 좋아하는 주제?예요.
단 한 분의 뽀영이라도 흥미롭게 봐주시길☺️




====================================
예영그램 : http://www.instagram.com/colorfuul_yy
퍼스널컬러, 골격진단 컨설팅을 원하시면
네이버에 ""피엘컬러"" 검색 후
예약해주시면 됩니다. :D
====================================",2026-05-01T10:00:52Z,42316,2022
ERxtacu4Omw,"전 세계 남성과 여성을 감동시킨, 엠마 왓슨 UN 연설",포크포크,"제공 : United Nations via Storyful

세계적인 영화 배우 엠마 왓슨이 UN 연설장에 등장했다. 연설 이후, 많은 남성 헐리우드 배우들도 그녀를 지지하며 페미니스트 운동에 나서고 있다.

* 페이스북으로도 포크포크 콘텐츠를 받아 볼 수 있습니다.
https://www.facebook.com/pokepoke.kr

* 포크포크 웹사이트
http://www.pokepoke.co.kr

*문의
hello@pokepoke.co.kr",2017-11-06T09:00:00Z,4981578,113623
u_oPIkQzmbw,정일영 선생님의 인생 특강,Molto 몰토,"프랑스민수 정일영 선생님과 함께 하는 인생 특강!

- 출연 : 정일영

- 촬영문의 : contact@moltostudio.co.kr

0:28 정일영의 일대기
4:56 정말 소리를 지르면 되나요?
7:50 ‘남 탓을 해라’에 대해
11:13 프랑스어가 어려운 이유
12:38 프랑스어에는 모든 사물에 성별이 있다?
14:08 프랑스와 한국의 가장 큰 차이
18:00 2030 세대에게 꼭 해주고 싶은 조언

#정일영 #파리 #프랑스 #프랑스어 #빠뜨롱 #특강 #트레버 #몰토",2026-01-18T03:01:10Z,2009481,51713
veaFGGu31EQ,'핑크플라밍고' 리뷰 l 비위 강한 사람 모집합니다.,밤수록,"1972년작 존워터스의
쓰레기 3부작 
‘핑크플라밍고’입니다.

컬트영화계에 한 획을 그은 대표작으로
충격적인 내용과 소재를 다루고 있습니다.

식사시간에는 시청하지 마세요.
진짜루요.

0:00 오프닝
1:43 스토리
7:50 1차관문
8:34 1차관문 끝
14:04 2차관문
16:19 2차관문 끝
22:12 3차관문
23:31 3차관문 끝
30:08 화룡정점
32:09 감상평

#고어영화 #공포영화 #멘붕영화 #핑크플라밍고
#영화리뷰 #영화추천 #결말포함 #감상평 #드라마리뷰
#드라마추천 #존워터스 #쓰레기3부작",2025-11-15T12:35:35Z,594174,7336
tyyPeEF6vS8,‘티탄’ 리뷰 | 감독이 편견이 없으면 생기는 일,밤수록,"여러분은 어떤시각으로 세상을 바라보고 계신가요?

이 세상에서 가장 편견없는 감독
쥘리아 뒤쿠르노 감독의 2021년작
‘티탄’ 입니다.

티탄이라는 제목처럼 차갑고 단단한 금속 질감을 가진 바디 호러 장르지만
담고 있는 메세지에서는 따듯함이 느껴지는 역설적인 영화였습니다.
바디호러라 걱정하시는분들은 그쪽으론 그렇게 심하지 않으니
걱정안하셔도 될 것 같습니다

지난주에 업로드 쉰 덕분에 컨디션이 많이 좋아졌습니다
걱정해주시고 응원해주셔서 정말 감사합니다 ^.ㅠ

그럼 불금을 알리는 나팔을 불어보겠습니다
^.^/

0:00 오프닝
1:24 스토리
49:41 후기
50:48 삼천포 (드라이브 마이 카 스포)
53:52 삼천포 끝
58:15 평점


#멘붕영화 #바디호러 #공포영화 #결말포함 #영화리뷰 #영화추천 
#팟캐스트 #공포라디오 #고어영화 #티탄 #타이탄",2026-04-24T10:02:42Z,256600,4034
qnGl7bIrFHI,"동성애자는 동성애자로 태어나는 걸까?｜인류 진화의 최대 미스터리, 동성애의 모든 것",심리학 고양이,"0:00 가장 완벽한 실험
1:00 인간은 원래 모두 여자였다
2:16 동성애자는 왜 멸종하지 않았나? 
2:27 1) 게이 삼촌 가설
3:38 2) 같은 유전자, 다른 효과 가설
4:26 3) 레즈비언을 설명하는 가설
7:26 이걸 알아서 뭐할까?


🔥 심리학 고양이가 만든 멘탈 케어 다이어리
https://vo.la/GRdvGW8 

💬 심리학 이야기 같이 나누기
https://open.kakao.com/o/gaUlhgwh 


참고자료
Savolainen, Vincent & Hodgson, Jason. (2016). Evolution of Homosexuality. 10.1007/978-3-319-16999-6_3403-1. 
Buss, David 외 다수 (1990). International Preferences in Selecting Mates: A Study of 37 Cultures. Journal of cross-cultural psychology, 21(1), pp. 5-47. 21. 10.1177/0022022190211001. 
Bailey, J. M., Vasey, P. L., Diamond, L. M., Breedlove, S. M., Vilain, E., & Epprecht, M. (2016). Sexual Orientation, Controversy, and Science. Psychological science in the public interest : a journal of the American Psychological Society, 17(2), 45–101. https://doi.org/10.1177/1529100616637616
Kanazawa, Satoshi (2017) Possible evolutionary origins of human female sexual
fluidity. Biological Reviews, 92 (3). pp. 1251-1274. ISSN 1464-7931.
DOI: 10.1111/brv.12278

이 영상은 VREW를 이용해 제작되었습니다",2024-10-31T11:52:24Z,617928,13923
iRgp8oBiAmw,South Korea Is a Dystopia,fern,"Visit https://fern.deals/brilliant for 20% off of a premium subscription. Start learning new skills today! It's also a great way to support our channel. (ad)

Powerful families control much of the South Korean Economy. At what cost? 

Vice documentary on the subject: https://youtu.be/wHw7Aa7lhhw?feature=shared

Sources: https://docs.google.com/document/d/1LjZymI3imYGpDK-E2_D0dOqgZ0OURYMb28QAoQ-miso/edit?usp=sharing

3D Models (CCA):
Tamal De Quezo - Corpse

Music:

Artlist:
C.K. Martin - Underworld
Gal Lev - TOMORROW
Theatre of Delays - Aurora Waves
2050 - The Other Girl
FableForte - Riddles
Ella Joy Meir - Through the Wilderness
Lance Conrad - Waiting and Hoping - Stripped Version
Jordan Hatfield - Waking Up
Lensdistortions:
Deployment - Underscore
Inversion - No low Percussion

Tom Fox:
Force Field
Middleman
Theories (Title Sequence)
CE 399

Epidemicsound:
Lennon Hutton - Red Alert
Christoffer Moe Ditlevsen - No Redemption
Christoffer Moe Ditlevsen - The Stakeout
Jo Wandrini - Beneath the Church

_____

Armchair documentaries, almost weekly",2024-12-30T13:00:50Z,6498870,178549
i7rQL973oFM,Why Didn't Korea Bring Back Its King After WW2?,Dynasty Wars,"On the afternoon of November 22, 1963, a Japan Airlines flight landed at Gimpo Airport carrying a man on a stretcher who had not seen Korea in 56 years. He was the last Crown Prince of a dynasty that had ruled for 519 years. The country he was returning to was a republic, and it had no use for him. This documentary investigates why Korea never restored its monarchy after liberation from Japanese colonial rule in 1945. Why didn't Korea bring back its king like other nations did with their royal families? What happened to Emperor Gojong, Emperor Sunjong, Crown Prince Yi Un, Princess Deokhye, and the scattered descendants of the House of Yi? The answer involves a forced annexation treaty, a republican government in exile, an American occupation in Tokyo, and one Korean president with a personal grudge against the throne. This is a researched historical documentary created for educational purposes.",2026-05-18T11:01:06Z,9068,163
PtnREqwml2A,느꼈는데 설명 못 했던 관계의 불편한 진실들,알아봤음,"분명 느꼈는데 이름을 몰랐던 감정, 그게 관계 때문이었습니다.

00:00 시간 역행
00:56 호의의 무게
01:53 빈자리 역학
02:55 묵계
03:45 역할 고정
04:58 연락의 기울기
05:59 친밀감의 부식
06:54 온도차
07:55 잔향
08:50 페르소나 전환
09:36 무대

이 영상에서는 누구나 한 번쯤 겪지만 아무도 설명해주지 않았던 관계 속 11가지 심리를 다룹니다.
오래된 친구를 만나면 왜 옛날 내가 튀어나오는지,
잘해줬을 뿐인데 왜 상대가 멀어지는지,
가까운 사이일수록 왜 더 상처가 되는지.
느꼈는데 설명 못 했던 것들, 이 영상이 대신 말해줍니다.
이 중에서 가장 공감되는 감정이 있었다면 댓글로 알려주세요.
영상이 도움이 됐다면 구독과 좋아요 부탁드립니다.

#관계심리 #이상한감정 #사람사이 #관계의불편한진실",2026-05-06T09:01:25Z,243177,12096
o9ExNllLUYY,"2026 10대 극우화 보고서, 소년 극우가 온다 〈다큐 뉴스타파〉",뉴스타파 Newstapa,"한국 사회의 민주주의 근간을 뒤흔드는 극우화 현상이 10대들에게 뿌리 깊게 침투했습니다. 뉴스타파는 인스타그램을 대안 언론으로 인식하며 왜곡된 세계관을 형성하고 직접 시위 현장에 참여하는 15살 극우 소년을 직접 만나, 윤석열 내란 이후 그가 거리에 나설 수밖에 없는 이유는 무엇인지 물었습니다. 또한 윤석열 내란 이후 1년이 넘도록 온오프라인에서 ’윤 어게인’을 외치며 다양한 극우 콘텐츠를 생산하고 있는 ‘자유대학’의 실체에 대해서도 집중 취재했습니다. 

[다큐 뉴스타파] ’2026 10대 극우화 보고서, 소년 극우가 온다’ 편을 통해 미디어의 위기와 민주주의 교육의 부재 속에서 심화되고 있는 10대 극우화 문제의 현실을 살펴보길 바랍니다.

👉 더 상세한 내용을 기사로 확인하세요 : https://newstapa.org/article/mQx_V

총괄 에디터: 심인보
프로듀서: 송원근
취재 연출: 안동현
촬영: 정형민 최형석 김희주
편집: 장주영
글 구성: 김현경
CG: 이미예
출판: 허현재
음악: 하비미디어
내레이션: 박혜진
디자인: 이도현
자문: 김종우 연세대학교 사회학과 연구교수, 김현준 성공회대학교 평화월딩연구소 교수
삽입곡: 서태지와 아이들 (1) ‘Come Back Home’ (2) ‘교실 이데아’ (3) ‘시대유감’
취재 협조: 청소년 언론 '토끼풀', 원주 진광고등학교

#뉴스타파 #newstapa #탐사보도 #진실 #비영리 #독립언론

👉 뉴스타파는 광고와 협찬없이 회원들의 후원금으로만 운영됩니다. 뉴스타파에 힘을 보태주세요 : https://newstapa.org/donate_info
👉 해외에서는 Paypal을 통해 후원하실 수 있습니다. Paypal 후원하기 : https://url.kr/7n3hfe",2026-03-06T08:13:09Z,143933,5356
4wmYHkruOOA,"""이대남이라고? 너 누군데"" 오프라인 이대남의 대화 l Invited",씨리얼,"* 출연자 보호를 고려하여 해당 영상의 댓글창을 활성화하지 않음을 알려드립니다. 
* 악의를 담은 무단 캡처 등 2차 가공은 삼가주시기 바랍니다.

최근 한국 사회에서 2030 남성의 정치적 성향과 관련된 다양한 담론이 형성되고 있습니다. '백골단'과 '서울서부지법 폭동 사태' 등을 거치며 2030 남성이 극우화 되고 있다는 분석이 나오고 있는데요. 

정치적으로 보수화되고 있으며, 페미니즘을 싫어하고, 주식과 코인 투자에 목매는 사람들로 그려지곤 하는 1020 청년 남성들. 씨리얼이 직접 모아 만나보았습니다. 지난 2월 “할말 있는 한국 청년 남성 모여라” 라는 설문에 30명이 넘는 남성들이 응답했고, 그중 정치 스펙트럼이 다양한 5명이 한 곳에 모인 겁니다.

남성이라 살기 어렵다는 남성. 전통적인 남성상이 답답한 남성. “이대남”에 대한 언론의 묘사에 동의하지 못하는 남성 등이 모여 각자의 다양한 생각을 나누었습니다. 사실은 서로가 궁금해서 초대에 응해봤다고 하는데요.

과연 어떤 이야기를 나누었을까요? 2030 남성 다수가 극우화 됐다는 분석은 어떻게 받아들이고 있을까요?

'한국 남성 청년'으로 살아가는 속마음🙋‍♂️. 3편에 걸쳐 연재됩니다. 오늘 1편을 공개합니다.

00:00 인트로
02:17 1. 누칼협
03:45 2. 투자에 적극적
04:55 3. 반페미니즘
19:37 4. 군대

🤍'씨리즌'이 되어주세요!  
우리 함께, 세상을 조금씩 더 좋아지게 만들어봐요
▶씨리얼 멤버십 가입: https://www.youtube.com/channel/UCqRHncabshHQm_8t2SuMUrA/join

틱톡: https://www.tiktok.com/@creal.official
인스타그램: https://www.instagram.com/creal.official
페이스북: https://www.facebook.com/creal20
카카오톡 채널: https://pf.kakao.com/_xbxlles
트위터: https://twitter.com/Creal_kor",2025-03-28T12:15:00Z,137914,3399
ILlbMhu1B60,장기투자가 체질입니다 길게 봅니다 [양당이탈 2030 ep2 권영국],씨리얼,"대선에서 0.98%를 득표한 기호 5번 권영국 후보. 2030 청년 세대에서는 훨씬 많은 지지를 받았는데요. 또래 남성들은 이준석, 김문수 등 보수 후보에게  또래 여성들은 이재명 후보에게 쏠린 상황에서 이들이 진보 정당의 후보에게 투표한 이유는 무엇이고, 청년 세대 안에서 정치적 양극화가 이뤄지는 상황에 대해 당사자들이 생각하는 해법은 무엇일까요?

00:00 인트로
00:37 이재명 말고 권영국이었던 이유
02:19 이준석 말고 권영국이었던 이유
07:37 권영국, 알고 뽑았나요?
12:17 다른 정치적 의견, 받아들일 수 있나요?
19:07 권영국과 진보 정당, 아쉬운 점 없나요?

🤍'씨리즌'이 되어주세요!  
우리 함께, 세상을 조금씩 더 좋아지게 만들어봐요
▶씨리얼 멤버십 가입: https://www.youtube.com/channel/UCqRHncabshHQm_8t2SuMUrA/join

틱톡: https://www.tiktok.com/@creal.official
인스타그램: https://www.instagram.com/creal.official
페이스북: https://www.facebook.com/creal20
카카오톡 채널: https://pf.kakao.com/_xbxlles
트위터: https://twitter.com/Creal_kor",2025-07-18T10:51:22Z,38713,1855
6RcCrJAA5co,"""정치인은 철저히 도구예요"" 이번에는 이준석이었던 이유 [양당이탈 2030 ep1 이준석]",씨리얼,"대선에서 4번 이준석을 뽑은 2030 청년 여섯 명이 모였습니다.
양당을 뽑지 않게 된 이유와 이준석을 지지한 이유는 무엇인지 이준석을 지지하는 청년세대가 보수화, 극우화되고 있다는 평가에 대해 당사자들은 어떻게 생각하고 있을까요? 

👉 양당이탈 2030 ep2 권영국 편 보기
https://youtu.be/ILlbMhu1B60

* 이 콘텐츠는 지난 6월 씨리얼 유튜브 커뮤니티에 올렸던 '1번 2번은 제껴놓고 생각하는 2030' 설문을 토대로 만들었습니다. 참여해주신 모든 분께 다시 한번 깊이 감사드립니다.

* 용기내 참여한 출연자를 향한 날선 말은 부디 자제 부탁드립니다. 성숙한 토론을 환영합니다. 모욕에 해당되는 표현이 포함된 댓글은 씨리얼 나름의 원칙대로 관리하겠습니다. 또한 악의를 담은 무단 캡처 등 2차 가공은 삼가주시기 바랍니다.

00:00 인트로
00:25 안 찍은 후보, 나랑 먼 순서대로 뽑아보기
01:03 1,2번을 절대 안 찍기로 한 이유
05:04 5번을 안 찍은 이유
08:45 이준석은 '갈라치기' 정치인 아닌가요?
11:33 이준석 지지자는 보수화, 극우화됐다?
17:18 이준석 계속 지지하실 건가요?

🤍'씨리즌'이 되어주세요!  
우리 함께, 세상을 조금씩 더 좋아지게 만들어봐요
▶씨리얼 멤버십 가입: https://www.youtube.com/channel/UCqRHncabshHQm_8t2SuMUrA/join

틱톡: https://www.tiktok.com/@creal.official
인스타그램: https://www.instagram.com/creal.official
페이스북: https://www.facebook.com/creal20
카카오톡 채널: https://pf.kakao.com/_xbxlles
트위터: https://twitter.com/Creal_kor",2025-07-10T13:17:33Z,46702,1012
BP-QTlaOCh4,"20대 미혼율 96%, 30대 미혼율 53%... 1인 가구는 왜 계속 늘어나는 걸까? (곽정은X양재진)ㅣ10분 토론 / 14F",14F 일사에프,"2024년 말 기준, 국내 1인 가구의 수가 
1,000만을 돌파해 전체 가구의 약 42%를 차지했다.
1인 가구가 늘어나고 있는 이유는 뭘까?

[요약]

00:00 하이라이트
00:25 주제 및 패널 소개
01:13 1인 가구 천만 시대, 원인은?
03:19 비혼 늘어나는 이유
07:32 비연애 늘어나는 이유
12:39 출생률에 대한 1인 가구들의 생각
16:54 고독사에 대한 1인 가구들의 생각
24:04 1인 가구에게 혼자 사는 삶이란?
25:44 총평

#나혼자산다 #비혼 #1인가구",2025-11-21T09:00:17Z,323096,5786
Bn7EM7NFAGE,[탐사보도 추적자들] 2030 왜 보수화됐나,TV조선  '탐사보도 추적자들',"한때 진보와 개혁의 대명사로 여겨졌던 2030 세대가 보수 집회 곳곳에서 목격되고 있다. 
서울대를 필두로 한 주요 대학에서도 탄핵 반대 시국선언이 잇따르고 있으며, 보수층이 점차 대학가에서도 세를 넓히고 있다. 이들은 자신들이 단순한 ‘극우’가 아니라고 주장한다. 민주당과 기성 정치권에 대한 불만, 계엄령 선포 이후의 정치적 혼란, 중국공산당의 영향력 확대와 레거시 미디어(기성 언론)의 신뢰 붕괴, 젠더 갈등 등 복합적인 이유 때문이라고 주장한다. 그러면서 이게 극우라고 한다면 기꺼이 극우가 되겠다고 말한다. 서부지법 사태 이후로 보수 시위 참가자들이 ‘폭도’로 매도되고 있지만 이들은 평화적인 방식으로 대통령 탄핵 저지를 주장하며 이는 단순한 좌VS우의 싸움이 아닌 반국가세력과의 전투라고 목소리를 높힌다. 
소녀시대 노래를 틀던 20~30의 탄핵찬성 집회는 사라지고 태극기를 든 2030 청년들이 거리를 향하고 있다. 집회의 물결은 부산과 대구는 물론 민주주의 성지 광주까지 번졌다. 
평소에 정치에 관심이 없었던 2030세대들이 거리로 나온 이유를 집중 조명해본다.",2025-03-22T04:15:03Z,14373,539
dcxgU8d2Oq4,교회가 극우화 원인이라고요? | 배덕만 기독연구원 느헤미야 교수 [더 릴리전],삼프로TV 3PROTV,"🔥3PRO x 리씽크 핫딜 OPEN 💐 
💻 [LG그램] 14인치 테라급 노트북 – 16G+1TB 
 👉 https://web.rethinkmall.com/link/14081
⚡ [LG그램] 15인치 새상품 – i7 + 램16G + 풀세트!
👉 https://web.rethinkmall.com/link/14841
===========
🖼️ 전원경 교수와 함께 떠나는 미국 7대 미술관 탐방
👉 https://bit.ly/40hPDN5
✈️ 투어 문의 : 010-8651-5870  
========================
🎯 언젠가 나만의 '사업'을 하고 싶다면?
👉 https://bit.ly/4ezYdwF
↳ 지금 바로 🔥앙트러프러너십 칼리지🔥에 합류하세요!
========================
🧛 뱀파이어들의 MMORPG, [뱀피르]🦇 
✍️사전등록만 하면 149,000원 상당의 패키지 지급!🔥
사전 등록하러 가기 👉https://vampir.onelink.me/DnwU/4bs7rocy
========================
🍚[밥보다 투자 하나] 에 당신의 투자 고민을 남겨주세요!
✍️사연이 채택되신분들에게 소정의 경품을 증정해드립니다.
👉사연 보내러 가기 : https://forms.gle/KCRJAvJ5HxuwRiZdA
========================
🍀하나 1Q ETF 매수하고 '은퇴-파이어 금융소득' 강의 들으러 가기🔥
👇지금 바로 매수&인증하시고 199,000원 상당의 강의를 무료로 신청해보세요!
👉 https://smore.im/form/PO1hzePfGx
========================
🍀[하나은행] 환율-거래수수료 이거 '하나'로 끝!💚 
😍""하나 해외주식전용 통장"" 📱앱 설치 없이 비대면계좌개설 하기!
👉https://m.hanabank.com/bdm/bdmIdx.vw?nftfChnlKindCd=MW01901C01&prdCd=0100109000201&scvtInstCd=068&stock=Y
=======
🤯[하이모] 2025 무료체험 페스티벌! 상담만 받아도 ‘네추럴 프로텍터 샴푸’ 증정😍
👉 https://www.himo.co.kr/event_freetrial/2025/ 📞 1588-5858 
======
🔥 미국 주식 투자자라면?
🌎 월가 최고의 전문가로가 직접 투자 전략을 받아보세요!
(한국어 지원, 불만족시 100% 환불 보장)
📲 『 GIN 』: https://bit.ly/4kHEZad
=======
📢 알파코 X 3PRO [HRD 아카이브]
🔥 ​임직원 교육 최대 90% 지원! 교육 무제한 수강!
👉 지금 바로 신청하기 : https://archive.alpaedu.co.kr/
=====
🏫 전문가(연사) 섭외 및 기업교육 문의
👉 https://bit.ly/3EofRlH
===
🚀삼프로TV의 미국 채널, 월스트리트의 정보를 직접 전달합니다.
👉 https://www.youtube.com/@globalmoneytalk
======
📢 아래 프로그램의 다시보기는 삼프로 머니 채널에 업로드 되고 있습니다.
👉 https://www.youtube.com/@3promoney
- 월스트리트 모닝브리핑 中 월가 뉴스레터
- 오프닝벨 라이브
- 클로징벨 라이브
- 박근형의 데일리 힌트
=====
📢 광고없이 오디오 듣는 법
- 삼프로 앱을 설치하시면, 유튜브 프리미엄 없이도 유튜브를 오디오로 들으실 수 있습니다.
- 삼프로TV, 언더스탠딩, 지구본 연구소, 위즈덤 칼리지, 압권 등 모든 3PRO 채널의 방송을 쉽고 빠르게 찾을 수 있어요.
- 지금 바로 3PRO 앱 또는 웹을 만나보세요!
👉 https://3protv.page.link/S7cX
===
📺 평일 라이브 프로그램 안내
[06:00-07:15] 월스트리트 모닝브리핑 (월가 뉴스레터, 글로벌 인터뷰)
[07:15-09:00] 오늘아침 라이브 (뉴스3, 마켓 인사이드, 인뎁스60)
[09:00-10:00] 오프닝벨 라이브
[10:00-11:00] 아침N투자
[11:00-12:00] 밥보다 투자 하나
===
[15:20-16:30] 클로징벨 라이브
[16:30-17:10] 압권
[17:10-18:00] 박근형의 데일리 힌트
[18:00-19:00] 퇴근길 라이브
[19:00-21:00] 언더스탠딩
===
🗂️ 영상에서 언급된 자료를 찾으시나요?
웹사이트 : https://apps.3protv.com/original/pds
모바일 앱 : 플레이스토어/앱스토어에서 ""삼프로""를 검색하세요.
앱을 다운로드 받으셔서 [오리지널] - [신의자료] 로 들어가시면 됩니다.
=====
🙋‍♂️3PRO 고객센터
- (전화) 1877-4344
- (메일) help@3protv.com
- (1:1 문의 게시판) https://apps.3protv.com/myqna/write
- 전화는 평일 10:00-17:00 (점심시간 12:00-13:00) 에 운영됩니다.
- 주말에는 3PRO 앱/웹에 1:1 문의를 남겨주시면 감사하겠습니다.
=====
💼 비즈니스 문의 채널 안내
- '삼프로TV' 광고/협업 및 영상  제작대행 문의 : (메일) ad@3protv.com, (전화) 010-2090-6748    
- 전문가(연사) 섭외 및 기업교육 문의 :  (메일) edu@3protv.com, (전화) 02-2118-0704~0705 (웹사이트) https://bit.ly/3EofRlH
- 언더스탠딩 문의 : (메일) to.understanding.official@gmail.com
===
📢 사칭 주의
- 삼프로TV의 구성원과 삼프로TV 출연자는 문자메시지/카카오톡/전화/텔레그램 등을 통해 절대 개인적인 투자권유 및 리딩방, SNS 가입을 권유하지 않습니다.
- 만일 이러한 연락을 받으셨다면 모두 사기이므로, 링크를 클릭하지 마시고 피해가 없도록 주의하시기 바랍니다.
========
❤️ 당부 말씀
- 삼프로TV는 시청자의 다양한 해석과 의견을 존중합니다. 또한, 콘텐츠에 대한 비판과 평가도 언제나 환영합니다.
- 하지만, 출연자에 대한 근거없는 비난, 욕설, 인신공격, 비하성 표현이 담긴 댓글은 안내없이 삭제될 수 있습니다. 
- 삼프로TV가 건강한 소통의 장이 될 수 있도록 도와주세요. 늘 감사합니다^^

#삼프로TV #3protv",2025-08-09T23:00:46Z,410409,12135
FjyInTjK2GM,"청년이 변했다, 그들이 보수를 택한 진짜 이유 | 배수찬 작가 [더피플]",삼프로TV 3PROTV,"🔥3PRO x 리씽크 핫딜 OPEN 💐 
👕 [폴로] 옥스포드 반팔 셔츠 – 포니 로고 정품! 
https://web.rethinkmall.com/link/14081
👟 [락포트] 캐주얼 골프화 – 데일리+골프 모두 OK!
https://web.rethinkmall.com/link/14559
===========
🍀하나 1Q ETF 매수하고 '은퇴-파이어 금융소득' 강의 들으러 가기🔥
👇지금 바로 매수&인증하시고 무료 강의와 함께 경품도 받아가세요!
👉 https://smore.im/form/PO1hzePfGx
===========
👉 [7/16 NH광주금융센터 오프라인 세미나] 신정부 출범 이후 하반기 주식투자 유망종목 분석 및 채권 투자전략
👉 [7/23 NH부산금융센터 오프라인 세미나] 슬기로운 국내/미국 주식투자전략 및 투자 유망종목 체크
🔗신청 링크 :  https://linktr.ee/NH_SEMINAR
========================
🎯 대한민국 최강의 '창업가 네트워크'
👉 https://bit.ly/4ezYdwF
↳ 지금 바로 🔥앙트러프러너십 칼리지🔥에 합류하세요!
========================
🍀[하나은행] 환율-거래수수료 이거 '하나'로 끝!💚 
😍""하나 해외주식전용 통장"" 📱앱 설치 없이 비대면계좌개설 하기!
👉https://m.hanabank.com/bdm/bdmIdx.vw?nftfChnlKindCd=MW01901C01&prdCd=0100109000201&scvtInstCd=068&stock=Y
=======
🤯[하이모] 2025 무료체험 페스티벌! 상담만 받아도 ‘네추럴 프로텍터 샴푸’ 증정😍
👉 https://www.himo.co.kr/event_freetrial/2025/ 📞 1588-5858 
======
🔥 미국 주식 투자자라면?
🌎 월가 최고의 전문가로가 직접 투자 전략을 받아보세요!
(한국어 지원, 불만족시 100% 환불 보장)
📲 『 GIN 』: https://bit.ly/4kHEZad
=======
🎁[티오더] 1위 테이블오더 지금 도입 시 최대 500만원 상당 혜택!
📞 즉시 연결, 전화 도입 문의: 1644-2448
👉🏻 간편한 온라인 도입 문의: https://buly.kr/6ihAHsA
=======
💸 달러투자 새로고침! 잠자는 달러로 해외채권에 투자해보세요. 
🪙 첫거래, 순매수, 순입고 혜택 최대 20만원!
👉 혜택 확인하기 : https://link.mynamuhbegin.com/3pro_usbond
=======
🧴[쥬디메르] 68인 탈모인 검증, 헤어룩😀불만족 시 100% 환불!
👉 https://jdcos.co.kr/185  📞070-7791-7110
===
📢 알파코 X 3PRO [HRD 아카이브]
🔥 ​임직원 교육 최대 90% 지원! 교육 무제한 수강!
👉 지금 바로 신청하기 : https://archive.alpaedu.co.kr/
=====
🏫 전문가(연사) 섭외 및 기업교육 문의
👉 https://bit.ly/3EofRlH
===
🚀삼프로TV의 미국 채널, 월스트리트의 정보를 직접 전달합니다.
👉 https://www.youtube.com/@globalmoneytalk
====
📢 [아침 N 투자] 
투자 상담 받고, 선물 받아가세요!
👉  https://forms.gle/DPpZ2DzLiQbWd82w7
====
📢 아래 프로그램의 다시보기는 삼프로 머니 채널에 업로드 되고 있습니다.
👉 https://www.youtube.com/@3promoney
- 월스트리트 모닝브리핑 中 월가 뉴스레터
- 오프닝벨 라이브
- 클로징벨 라이브
- 박근형의 데일리 힌트
===
📢 광고없이 오디오 듣는 법
- 삼프로 앱을 설치하시면, 유튜브 프리미엄 없이도 유튜브를 오디오로 들으실 수 있습니다.
- 삼프로TV, 언더스탠딩, 지구본 연구소, 위즈덤 칼리지, 압권 등 모든 3PRO 채널의 방송을 쉽고 빠르게 찾을 수 있어요.
- 지금 바로 3PRO 앱 또는 웹을 만나보세요!
👉 https://3protv.page.link/S7cX
===
📺 평일 라이브 프로그램 안내
[06:00-07:15] 월스트리트 모닝브리핑 (월가 뉴스레터, 글로벌 인터뷰)
[07:15-09:00] 오늘아침 라이브 (뉴스3, 마켓 인사이드, 인뎁스60)
[09:00-10:00] 오프닝벨 라이브
[10:00-11:00] 아침N투자
[11:00-12:00] 밥보다 투자 하나
===
[15:20-16:30] 클로징벨 라이브
[16:30-17:10] 압권
[17:10-18:00] 박근형의 데일리 힌트
[18:00-19:00] 퇴근길 라이브
[19:00-21:00] 언더스탠딩
===
🗂️ 영상에서 언급된 자료를 찾으시나요?
웹사이트 : https://apps.3protv.com/original/pds
모바일 앱 : 플레이스토어/앱스토어에서 ""삼프로""를 검색하세요.
앱을 다운로드 받으셔서 [오리지널] - [신의자료] 로 들어가시면 됩니다.
===
🙋‍♂️3PRO 고객센터
- (전화) 1877-4344
- (메일) help@3protv.com
- (1:1 문의 게시판) https://apps.3protv.com/myqna/write
- 전화는 평일 10:00-17:00 (점심시간 12:00-13:00) 에 운영됩니다.
- 주말에는 3PRO 앱/웹에 1:1 문의를 남겨주시면 감사하겠습니다.
===
💼 비즈니스 문의 채널 안내
- '삼프로TV' 광고/협업 및 영상  제작대행 문의 : (메일) ad@3protv.com, (전화) 010-2090-6748    
- 전문가(연사) 섭외 및 기업교육 문의 :  (메일) edu@3protv.com, (전화) 02-2118-0704~0705 (웹사이트) https://bit.ly/3EofRlH
- 언더스탠딩 문의 : (메일) to.understanding.official@gmail.com
===
📢 사칭 주의
- 삼프로TV의 구성원과 삼프로TV 출연자는 문자메시지/카카오톡/전화/텔레그램 등을 통해 절대 개인적인 투자권유 및 리딩방, SNS 가입을 권유하지 않습니다.
- 만일 이러한 연락을 받으셨다면 모두 사기이므로, 링크를 클릭하지 마시고 피해가 없도록 주의하시기 바랍니다.
========
❤️ 당부 말씀
- 삼프로TV는 시청자의 다양한 해석과 의견을 존중합니다. 또한, 콘텐츠에 대한 비판과 평가도 언제나 환영합니다.
- 하지만, 출연자에 대한 근거없는 비난, 욕설, 인신공격, 비하성 표현이 담긴 댓글은 안내없이 삭제될 수 있습니다. 
- 삼프로TV가 건강한 소통의 장이 될 수 있도록 도와주세요. 늘 감사합니다^^

#삼프로TV #3protv",2025-07-13T02:00:12Z,241129,5450
Cz6F9uUiRr4,"조용한 극우가 더 무섭다?  청년 극우화를 부추기는 파워 엘리트들 | 김내훈, 신진욱 | 정준희의 토요토론 29회",사람사는세상노무현재단 RohMoohyunFoundation,"💛 채널에 가입하여 혜택을 누려보세요.
https://www.youtube.com/@443RohmoohyunFoundation/join

정준희의 토요토론 ep 29.
청년층 극우화의 실체는 무엇인가

👥 패널
김내훈 / 작가, '급진의 20대' 저자
신진욱 / 중앙대 사회학과 교수

🎥 제작
사람사는세상 노무현재단 
기획: 최현빈
편집: 강민석
작가: 서자영
--
📚 광고도서 [우리가 기다린 건 바로 우리다] 도서 구매 링크
| 교보문고  https://product.kyobobook.co.kr/detail/S000217164567
| 예스24  https://www.yes24.com/product/goods/150031610
| 알라딘  https://www.aladin.co.kr/shop/wproduct.aspx?ItemId=368868073
--
✔️ 광고/협업 문의
story@knowhow.or.kr

✔️ 후원안내  1688-0523
https://bit.ly/3QohjdN
--
❗️ 콘텐츠 활용 관련하여 아래 가이드라인을 준수하지 않으면 저작권 신고 및 법적 조치를 당할 수 있으니, 유의하시기 바랍니다.
재단과 사전 합의되지 않은 상업적 용도의 영상 사용은 어떤 경우에도 절대 불가합니다.
비상업적 용도인 경우 쇼츠로만 퍼갈 수 있으며, 아래 조건을 준수해야 합니다.
  1)제목에 @443RohmoohyunFoundation 태그 필수
  2)영상 내 원본 출처 '사람사는세상노무현재단' 으로 표기 필수 (원본 출처 표기의 가독성이 너무 떨어질 경우 미표기한 것으로 간주합니다.",2025-08-09T10:00:06Z,96323,5262
ZW1bIqDrBEo,'이들은 왜 중국 국기를 찢는가?' 혐중 논란의 중심에 선 청년들 - BBC News 코리아,BBC News 코리아,"최근 한국 청년 단체 '자유대학'의 반중 시위가 '중국 혐오' 논란의 중심에 섰다.

시위 참가자들은 시진핑 중국 국가주석과 왕후닝 중국인민정치협상회의 주석 등 중국 지도자의 사진을 넣은 오성홍기를 훼손하는가 하면, 중국인을 비하하는 '짱깨'와 같은 구호를 거침없이 외치고 있다.

앞서 한국 정부가 지난달 7일, 9월 29일부터 내년 6월 30일까지 중국 단체관광객을 대상으로 한시 무사증(비자 면제) 제도를 시행한다고 밝히자 '중국인 무비자 입국 반대'를 슬로건으로 내건 집회 참여 인원은 점점 늘어났다.

이에 이재명 대통령은 지난달 9일, 명동에서 지속되는 반중 시위에 대해 ""표현의 자유가 아니라 깽판""이라며 강력 대응을 주문하고 나섰다. 주한중국대사관은 지난 2일 반중 시위로부터 재한중국인의 신변 안전 보장을 한국 정부에 요청하기도 했다.

법무부 출입국외국인정책본부에 따르면 2025년 10월 기준, 한국에 체류하는 외국인 중 중국 국적자는 97만 2176명이다. 이는 전체 외국인 체류자의 35.6%로 가장 큰 비중을 차지한다.

20대 청년들이 주축인 자유대학이 주도하는 반중 집회에 참여하는 젊은이들은 한국 사회가 '친중 공산화'되어 가고 있다고 주장하며, 중국인 범죄 증가와 '간첩 문제'에 대한 정부의 대책을 촉구하고 있다.

이들은 대부분 비상계엄으로 탄핵당한 윤석열 전 대통령 지지자들이다. 지난해 윤 전 대통령은 계엄 배경을 밝히며 중국 간첩 문제를 거론했다.

실제로 국가정보원은 2025년 4월 30일 비공개 간담회에서 작년 6월 이후 중국인들이 한국 내에서 군부대 등을 무단으로 촬영한 사건이 11건 발생했다고 밝히기도 했다.

그러나 '중국 간첩 99명 체포'와 같은 가짜 뉴스가 지난 계엄 정국에 빠르게 퍼지기도 했다.

한편, 중국 혐오 논란을 키운 일명 '짱북송'은 여전히 집회에서 불리고 있다. 자유대학 측은 혐오 표현으로 규정된 '짱깨'에 대해 ""우리나라의 주권과 자유를 침해하려는 중국인만 지칭한다""라고 해명하지만, 국가인권위원회는 이미 해당 단어를 혐오 표현으로 규정한 바 있다.

더불어민주당 김태년 의원은 지난 2일 특정 국가와 인종을 혐오하는 집회를 금지하는 집회시위법 개정안을 대표 발의하기도 했다.

BBC가 자유대학 활동가들과 반중 시위 참여 청년들, 중국 관광객·유학생들을 만나 시위 방식과 혐중 논란에 관해 물었다. 

취재: 최정민, 최유진, 이선욱
영상: 최정민, 최유진

더 자세히 알고 싶다면
BBC News 코리아: https://www.bbc.com/korean

#반중 #반중시위 #혐중 #에이펙 #BBC #BBC코리아 #BBCNews코리아 #비비씨코리아 #BBCKorean #BBC한국어서비스",2025-10-28T09:47:48Z,1511385,84753
by2WI2Bb4QY,극우화하는 대한민국 어떻게 막지? #정영진 #최욱 #극우,웃다가!,"광고 문의 : ad@podbbang.com / 02-6457-8017
사연 등 기타 문의 : contents@studiopickle.co.kr",2026-01-21T06:52:11Z,248465,14031
yppKY5ZkJT0,"그 시절, 우리가 좋아했던 음식들",침착맨,"▶같이 보면 좋은 추천 영상
https://youtu.be/55rhSFxw3Nw?si=u5JPfXNON8Y5rrIH
▶'침착맨의 일상재롱' 모아보기
https://www.youtube.com/playlist?list=PLif_jr7pPZAASWh1-PVn4UZHsjzDO99z3

▶이 영상의 생방송 원본
  •2024년 12월 12일 방송분: https://youtu.be/2UNortj6WbU?si=-hg6KY5MEWDBdA4y

▶출연: 침착맨
▶편집: 7수자, 21수자
▶썸네일: 2수자 

▶협업제안: info@chimchakman.com

출처 : 매거진 에크케(https://www.instagram.com/ekke.now)

#침착맨 #허니버터칩 #불닭볶음면 #요아정 #꼬꼬면 #유행",2025-01-09T10:01:04Z,2589292,15736
OUk_fiG3h98,[MBC 탐사기획 스트레이트 302회] 더 심해진 '보수화'… 20대 남성은 왜? | 스트레이트 302회 (25.06.22),MBCNEWS,"스트레이트 06월 22일 (일) 저녁 8시 30분 방송 

◇ 더 심해진 '보수화'… 20대 남성은 왜?

                                                        - 이지수 기자
 
-'20대 남성'의 선택

-더 심해진 '보수화'

-위협받는 미래

#스트레이트 #20대정치성향 #보수화 #MBC #뉴스 #뉴스데스크 #MBC뉴스 #뉴스투데이
ⓒ MBC & iMBC 무단 전재, 재배포 및 이용(AI학습 포함)금지",2025-06-22T12:36:58Z,319810,5510
wK0lOuZr7oY,죽음을 계획한 20대 남성의 속마음,씨리얼,"95년생 한국 남성 우진(가명)은 어느 날 자살을 계획했습니다. 우진은 자신이 학교-수능-연애-군대-취업-결혼으로 이어지는 소위 K-타임라인에서 실패했다고 했습니다. 연애를 시도했지만 여전히 모태솔로이고, 수능에서 수차례 미끄러졌으며, 취업을 시도하는 대신 '일다운 일’처럼 여겨지지 않는 주식 투자를 했습니다. ‘패턴’이 된 실패는 우울과 강박으로 이어졌습니다.

동갑내기 친구 우진의 삶을 탐구한 문화인류학 연구자 안희제는 우진이라는 사람을 '이대남’이라는 단어로 설명할 수 없다고 말합니다. 그리고 ‘K타임라인’에 자신을 맞추는 과정 속에 지워지는 고유한 이야기들을 발견해야 한다고 말합니다.

한국에는 끊임없이 자신을 증명하고자 하는 수많은 우진이들이 있을 것입니다. 씨리얼은 '한국 청년 남성으로 살아가는 속마음' 시리즈의 마지막으로, 우진의 변명에 귀기울여보기로 했습니다. 

우진과 희제의 더욱 깊은 대화는 책 '증명과 변명'을 통해 보실 수 있습니다.

#증명과변명 #이대남

🤍'씨리즌'이 되어주세요!  
우리 함께, 세상을 조금씩 더 좋아지게 만들어봐요
▶씨리얼 멤버십 가입: https://www.youtube.com/channel/UCqRHncabshHQm_8t2SuMUrA/join

틱톡: https://www.tiktok.com/@creal.official
인스타그램: https://www.instagram.com/creal.official
페이스북: https://www.facebook.com/creal20
카카오톡 채널: https://pf.kakao.com/_xbxlles
트위터: https://twitter.com/Creal_kor",2025-04-11T12:15:19Z,34360,1182
DN0iz0ZaOYE,"[최경영의 최강시사] 보수 vs 진보 성향, 무엇이 결정짓나? - 김경일 교수 (아주대 심리학과)｜KBS 220318 방송",KBS 1라디오,"[뉴스는 심리다]
보수 vs 진보 성향, 무엇이 결정짓나?
- 김경일 교수 (아주대 심리학과)

-----
▶ #최강시사 홈페이지: http://program.kbs.co.kr/1radio/radio/choisisabest/
▶트위터: https://twitter.com/kbs_supersisa

#최경영의최강시사 #최경영 #kbsradio #kbskong #kbs1라디오 #kbs라디오 #kbs콩",2022-03-18T02:04:26Z,333643,7983
YhmpBeMV7Pc,더 심해진 '보수화'… 20대 남성은 왜? | 스트레이트 302회 (25.06.22),탐사기획 스트레이트,"스트레이트 06월 22일 (일) 저녁 8시 30분 방송 

◇ 더 심해진 '보수화'… 20대 남성은 왜?

                                                        - 이지수 기자
 
-'20대 남성'의 선택

-더 심해진 '보수화'

-위협받는 미래

#스트레이트 #20대정치성향 #보수화",2025-06-22T12:28:19Z,63161,1800
oGrdnwNZGQo,"한국사이버성폭력대응센터 대표 '여파'의 목소리 [젠더불평등을 폐지하라, 여가부 말고!]",Amnesty Korea,"“'공중 화장실에 가기가 불안해요'라고 하는 사람이 상담을 요청해왔을 때 법의 관점에서는 아직 아무 일도 일어난 게 아닐 때, 우리는 이 사람의 경험을 어떻게 해석하면서 갈 것인가.. 사실 굉장히 중요한 부분인데 (성평등 관점이 없다면) 그런 것들을 다 놓치고 가는 거죠.""
- 여파 한국사이버성폭력대응센터 대표

윤석열 대통령 취임 1년을 맞아, 국제앰네스티는 젠더불평등을 직시하지 못하는 정부 기조를 우려하며 젠더정의를 외치는 글로벌 온라인 액션을 시작합니다. 

윤 대통령이 후보 시절부터 내세워온 '여성가족부 폐지' 공약을 비롯해 취임 1주년간 지워지고 퇴행한 여성인권과 LGBTI 인권에 대한 국회의원과 활동가 6명의 이야기를 들을 수 있는 개별 인터뷰 영상을 오늘부터 순차적으로 공개합니다. 

우리는 윤 정부가 여가부 폐지 시도를 중단하고 실질적인 정책 및 예산 마련을 할 것을 요구합니다. 우리의 목소리에 당신의 지지를 더해주세요. 아래 온라인 액션에 참여해주세요. 
https://bit.ly/3VM5nEn

#국제앰네스티 #앰네스티 #인권 #여성 #여성인권 #여성가족부 #여가부폐지저지 #젠더불평등 #윤석열 #hearusroar #genderequalitykorea #한사성 #여파 

윤석열 페이스북 일러스트 제공 닷페이스",2023-05-12T09:00:35Z,1351,46
3EtCmXpaMCk,"[100분토론] - (924회) 여성가족부 폐지 논란, 어떻게 볼 것인가?",MBC 100분 토론,"2021년 07월 13일 (화) 밤 11시 30분

실시간 댓글로 많은 의견 남겨주세요~
100분토론은 여러분의 참여를 기다리고 있습니다

출연패널
하태경 / 국민의힘 의원
장혜영 / 정의당 의원
우석훈 / 경제학자
이선옥 / 작가

#100분토론 #백분토론 #정준희 #여성가족부
#폐지 #찬반 #젠더 #갈등 #무용론 #존치확대론 #하태경 #장혜영 #우석훈 #이선옥


0:00:00 시작
0:00:19 전타이틀
0:03:44 토론 시작",2021-07-13T15:45:05Z,462829,4721
Nx-uCQwffBI,'여성'을 지우는 정부 (4) - 스트레이트 217회 | 골라보는 스트레이트,탐사기획 스트레이트,"스트레이트 7월 2일 (일) 밤 8시 30분 방송 
◇ '여성'을 지우는 정부

 〈세계 105위, '여성' 지우는 정부〉
- ‘여성가족부 폐지’ 선언 후폭풍. 여가부는 아직 남았지만, 사라지고 지워지는 ‘여성’과 ‘성평등’ 정책들. 
성평등 지수 세계 100위 밖 추락. 끊이지 않는 여성 상대 범죄, 출산율 전세계 꼴찌, 남녀 임금 격차 26년째 부동의 세계 1위. 대한민국은 어디로?

스트레이트 217회 풀버전 → https://www.youtube.com/live/Am_Pt1FbouM?feature=share",2023-07-06T09:00:13Z,1524,153
eqR32c86ZlY,“남자 직원만 산불 근무”…대전시 ‘성차별’ 논란 [뉴스 더하기] / KBS  2023.04.09.,KBS News,"뉴스에 깊이를 더하는 시간 '뉴스더하기' 김현수입니다.

 앞서도 관련 소식 전해드렸는데요. 
 
 산불을 진화하는 데도 많은 인력이 투입됐습니다. 

 휴일과 퇴근을 반납하고 소집된 공무원들도 있는데요.

 그런데 이런 비상 상황에 대전시에서는 산불 관련 공무원 성차별 논란이 일고 있습니다.

 공무원 인증을 해야 글을 쓸 수 있는 한 익명 게시판에 올라온 글인데요. 

 대전시가 지난 주말 공무원들에게 산불 관련 근무를 안내하는 문자를 보냈다고 합니다. 

 산불 현장의 여직원은 먼저 귀가하라는 내용이었고요.

 몇 시간 뒤, 다음 날 근무를 안내하는 문자에서는 ""내일 산불 비상근무는 본청 남자 직원들로, 6시까지 버스에 탑승해 달라"" 이런 내용이 담겼는데요.

 글을 쓴 공무원은 ""대전 산불 근무에서는 남자만 공무원인가?"" 이렇게 불만을 털어놨습니다.

 같은 문자를 받은 다른 공무원도 ""다른 회사도 남자만 역차별당하냐"" 이렇게 글을 올리기도 했는데요. 

 이를 본 다른 직장인은, ""공무집행에 남녀가 어디 있냐"" 이런 댓글을 남기기도 했습니다.

 이 소식이 알려지자 누리꾼들은 ""여자 공무원 뽑지 마라, 눈도 안 치우고 불도 안 끄고 왜 하는 거냐"" ""남자들은 사고 안 난다는 보장이 있냐"" 이렇게 비난하기도 했고요. 

 ""다 좋다, 다만 남직원들에게 특근 수당, 위험수당 챙겨 줘야 하고, 이런 보상이 없다면 그게 진짜 성차별이다"" 이런 주장도 있었는데요.

 논란이 확산되자 대전시도 해명에 나섰습니다. 

 오늘 오전, 제가 해당 부서 관계자와 직접 통화해 봤는데요.

 ""산불 현장에서는 험한 일을 많이 하기 때문에 체력적으로 남자 직원들이 유리하다고 판단했다"" 이런 입장이고요.

 다만 문자 내용에 대해서는 ""사려 깊지 못했다""고 인정했습니다. 

 그러면서 ""당장은 산불 진화가 급선무고 이후 필요한 부분이 있다면 입장을 밝히겠다""고 전했는데요. 

 더불어 ""향후 산불 비상근무에는 남녀 직원 구분 없이 투입할 예정""이라고 밝혔습니다. 

 공무원노동조합도 산불 진화가 최우선이라는 입장은 대전시와 같이했고요. 

 하지만 이런 재난 상황에 대전시 대처가 미흡했다고 지적했습니다.

 [이용설/대전시청공무원노동조합 위원장 : ""초기에 인원들이 동시에 몰리고 이러다 보니까 지휘 체계에서는 조금 혼란이 있었던 것 같습니다. 단어 선택에서 조금 잘못된 것 같고, 앞으로 이런 일에 대해서 심도 있게 (고민이 필요해 보입니다.)""]

 공무원 성차별 논란은 이번이 처음이 아닙니다. 

 지난해 3월 경기도 안산시에서는 산불로 공무원 비상근무를 소집하면서 7급 이하 여직원은 제외했고요.

 마찬가지로 이 사실이 내부 공무원에 의해 밝혀지면서 성차별 논란이 일었습니다. 

 당시 안산시의 해명도 대전시와 판박입니다. 

 여직원들이 하기엔 산불 정리 업무가 체력적으로 힘들 거라고 판단했다는 겁니다.

 실제로 이렇게 여성의 체력이 약할 거란 일반화에 불만의 목소리를 내는 여성들도 있는데요.

 ""나는 여자지만 이럴 때 여자 열외 시키는 건 너무 치욕적이다"" 이런 의견, 심심찮게 찾아볼 수 있습니다.

 시대가 변하고, 사회 전반적인 성 평등 의식이 높아지면서 공직사회 분위기도 바뀌는 모습입니다.

 지난 2020년에는 대구에서 근무하는 공무원이 남성 공무원만 숙직을 전담하는 건 양성평등기본법에 어긋난다면서 국가인권위원회에 진정서를 내기도 했고요. 

 실제로 남자 직원만 숙직하던 지자체들도 최근에는 남녀 직원 모두가 하는 것으로 바뀌는 추세입니다.

 이런 가운데 이번 대전시를 포함한 몇몇 지자체의 공무원 산불 근무 안내는, 재난이라는 긴급한 상황 속에서 평소 조직의 무의식적인 인식을 드러낸 건 아닐까 싶은데요.

 위급한 재난 상황, 빠른 수습이 가장 먼저겠지만, 그러기 위해서라도, 국민의 안전을 지키는 일에 남녀 구분은 없어야 하지 않을까요? 

 지금까지 '뉴스더하기'였습니다.

▣ KBS 기사 원문보기 : http://news.kbs.co.kr/news/view.do?ncd=7642941

▣ 제보 하기
◇ 카카오톡 : 'KBS제보' 검색
◇ 전화 : 02-781-1234
◇ 홈페이지 : https://goo.gl/4bWbkG
◇ 이메일 : kbs1234@kbs.co.kr

#성차별 #공무원 #성평등",2023-04-09T09:00:19Z,230356,2584
YHGKpSsCr3Q,"""우리 애 째려봤어?"" 그만두는 선생님들..학교가 무너지고 있다 / SBS / 모아보는 뉴스",SBS 뉴스,"00:00 학부모 두 명이 뒤흔들었다…""그동안 교육부는 뭘 했나"" 들끓는 민심
03:02 교사 대표 VS 엄마 대표 '격돌'..화제의 '극대노 선생님' 영상 보더니

#학교 #엄마 #학부모 #선생님 #축구 #국민 #분노 #민원 #맘카페

Copyright Ⓒ SBS. All rights reserved. 무단 전재, 재배포 및 AI학습 이용 금지",2026-05-22T09:15:18Z,445902,4107
zXmfbDTCiIs,"李, 일베 조롱 거론하며 ""폐쇄 검토""…극우와 전면전? [뉴스현장]",뉴스TVCHOSUN,"정치권을 뜨겁게 달군 쟁점들도 짚어봅니다. 차재원 부산 가톨릭대 특임교수 송국건 정치평론가 나오셨습니다.

- 지선 D-9…李 대통령, '스벅·일베' 논란에 포문
- 李 정부, '#스벅 ' 전방위 압박…'총리 표창' 취소 여부 검토
- '탱크데이' 후폭풍?…기프티콘 왕좌 내준 스타벅스
- '대국민 사과' #정용진 , 불매 여론 바뀔까?
- 李, #일베 조롱 거론하며 ""폐쇄 검토""…극우와 전면전?

[TV조선 뉴스·시사 프로그램｜유튜브 라이브 방송시간]

📡 월~금 07:30 뉴스퍼레이드
📡 월        08:40 네트워크 매거진
📡 월~금 09:00 신통방통 
📡 월~금 10:20 류병수의 강펀치 (유튜브)
📡 월~금 13:00 보도본부 핫라인
📡 월~금 14:00 엄튜브 라이브 (유튜브)
📡 월~금 16:00 뉴스트라다무스 (유튜브)
📡 월~금 17:20 시사쇼 정치다
📡 월~금 21:00 뉴스9
📡 월 10:00, 목 14:00 투시경 (유튜브)
📡 토~일 14:00 뉴스현장
📡 일       14:45 시사쇼 정치다
📡 토~일 19:00 뉴스7

[Ch.19]  사실을 보고 진실을 말합니다.

👍🏻 공식 홈페이지 http://news.tvchosun.com/
👍🏻 공식  페이스북 https://www.facebook.com/tvchosunnews/
👍🏻 공식 트위터 https://twitter.com/TVChosunNews

* 뉴스제보 : 이메일(tvchosun@chosun.com), 카카오톡(tv조선제보), 전화(1661-0190)",2026-05-25T06:02:50Z,2146,71
i5P21lVKfRo,"“학교는 추억 쌓는 곳 아니다” 현직 교사, 체험학습 간담회서 '송곳' 지적 [현장영상] / 채널A",채널A News,"교육부가 지난 7일 현장 체험학습 안전 대책 마련을 위한 간담회를 열었습니다.

이 자리에 참석한 조재범 한국교육단체총연합회 교사권익위원장은 ""학교는 추억을 쌓는 공간이 아니라 배움이 일어나는 공간""이라며 ""(학생과 학부모들이) 소풍과 체험학습을 혼동하는 것 같다""고 지적했는데요.

조 위원장은 이어 ""현장학습은 학교 자율이며 외부의 압력이 적용되어서는 안 된다""며 국가책임소송제 도입 등을 주장했습니다.

#체험학습 #교사 #학교 #한국교총

Copyright Ⓒ 채널A. All rights reserved. 무단 전재, 재배포 및 AI학습 이용 금지",2026-05-11T08:00:13Z,1083950,15957
ADXVtUTgdA4,(솔직히 웃긴) 캥거루 싸움,내셔널지오그래픽 - National Geographic Korea,"호주의 한 공원에서 회색캥거루의 치열한 싸움 현장이 포착됩니다.
수컷 캥거루들은 강력한 발차기를 무기로 끊임없이 서열을 다툽니다.

Animal Fight Club | 와일드 파이트 클럽

■ 구독하기 - http://bit.ly/NGCKorea
■ 홈페이지 - http://www.natgeokorea.com
■ 페이스북 - http://www.facebook.com/natgeokorea 
■ 인스타그램 - http://www.instagram.com/natgeokorea (@natgeokorea)

#내셔널지오그래픽 #캥거루 #호주",2020-07-18T09:00:03Z,2953673,33905
irTLbj7y9no,"[자막뉴스] ""남자만 군대, 성차별 아냐""...'합헌' 결정 후 의외의 답변 / YTN", YTN,"남성에게 병역의무를 지우고 여성은 지원을 통해 군 복무를 할 수 있게 규정하는 병역법 제3조 1항.

그간 꾸준히 헌법재판소 심판대에 올라왔는데, 그때마다 합헌 판단이 나왔습니다.

그러다 지난 2019년 해당 조항이 평등권을 침해한다는 헌법소원이 또다시 제기됐습니다.

병무를 포함한 전반적인 영역에서 여성의 사회 진출이 활발히 이뤄지고 있고 능력 차이에 따라 복무 기간과 내용에 차이를 둘 수 있는 만큼,

남성만 군대에 가게 하는 건 성별에 의한 '자의적 차별'이라는 게 청구인들의 주장입니다.

이에 대해 헌재는 먼저 '국가 안보'를 위해 징집 대상의 범위를 결정하려면, 국군의 '최적의 전투력'을 우선 고려해야 한다고 짚었습니다.

일반적으로 남성이 무기의 소지 작동·전장의 이동에 필요한 근력 등이 우수해 전투에 더 적합하고,

최적의 전투력 확보를 위해 남성만을 병역의무자로 정한 건 자의적인 입법이 아니라고 강조했습니다.

또 징병제를 시행하는 70여 개 나라 가운데 여성에게 병역 의무를 부과하는 곳은 이스라엘 등 극히 일부 국가에 불과하고,

여성의 전투 단위 근무도 이례적인 게 현실이라고 설명했습니다.

이에 따라 헌재의 네 번째 판단도 합헌, 재판관 9명 전원의 일치된 결정이었습니다.

[유남석 / 헌법재판소장(지난달 26일): 현재 시점에서 병역 의무 조항으로 인한 차별 취급을 정당화할 합리적인 이유가 인정됩니다.]

다만, 이전 합헌 결정 때와 조금 달라진 부분도 있습니다.

헌재는 출산율 변화에 따른 병역자원 수급 등을 고려하면, 장기적으로 '양성 징병제' 도입이나 모병제 전환과 관련한 입법논의가 진지하게 검토될 것으로 예상한다고 덧붙였습니다.

사회상황이 달라지며, 기존의 병역 제도가 계속 유지되긴 어려울 거란 현실적인 고민을 담은 것으로 보입니다.

YTN 최민기입니다.

영상편집ㅣ연진영
그래픽ㅣ이원희
자막뉴스ㅣ이 선

#YTN자막뉴스 #병역

▶ 기사 원문 : https://www.ytn.co.kr/_ln/0134_202310041237529182
▶ 제보 하기 : https://mj.ytn.co.kr/mj/mj_write.php

▣ YTN 유튜브 채널 구독 : http://goo.gl/Ytb5SZ

ⓒ YTN 무단 전재, 재배포금지 및 AI 데이터 활용 금지",2023-10-04T03:47:47Z,1101456,6919
ix-9_3anNQY,테란전은 지금까지 한 번도 져본 적이 없다는 테란전의 황제 만남ㄷㄷ;;,[ALTUBE] 김성현TV,"스타크래프트 테란 STX전프로 ★알파고★김성현의 공식채널입니다:D
📌알튜브 공식 굿즈 스토어 : https://altube.shop , https://smartstore.naver.com/altubeshop
📌알튜브 멤버십 가입 : https://www.youtube.com/channel/UCOTJtP0Z9DjpPU43B5m1V6A/join
멤버십에 가입하시면 🔥알파고의 스타 강의🔥 회원 전용 동영상🔥을 즐기실 수 있습니다
------------------------------------
#알튜브 #알파고 #김성현 #스타 #스타크래프트 #starcraft 

* 해당 게임은 26.04.29 생방송에서 진행됐습니다.

* 타임 스탬프
00:00 오프닝 & 매치 1
08:10 매치 2
28:55 에피소드 & 매치 3

--------------------
- 오프닝 
Music provided by 브금대통령
Track : 피리부는 사나이 - https://youtu.be/s84VuYDdPYs

- 매치 1 종료 후
Music provided by 브금대통령
Track : FAIL -  https://youtu.be/h4DKi2eUnH8

- 매치 2 종료 후
Music provided by 브금대통령
Track : 변명의 변명 - https://youtu.be/gmnqyAtLRpQ

- 매치 3 종료 후
Music provided by 브금대통령
Track : Green n Red - https://youtu.be/j8YNfm_lBAQ

- 엔딩
Music provided by 브금대통령
Track : 또 오나 봄 - https://youtu.be/8VBJXQM_LUA",2026-05-24T10:09:18Z,106090,1180
hHyiXeZJ3R4,[지뚫킥] 깊은 영혼 속 신신애스러움으로 온세상이 웃긴 신애 브금 모음.zip #오분순삭 MBC090907방송,오분순삭,"⏰TIME CODE⏰
00:00 넘어져도 HAPPY
00:26 인생 첫 콜라 영접
01:57 떡볶이집 감금
04:23 순재 방구로 라디오 당첨
06:53 12층 식탑
11:10 신자매 짠내투어

#오분순삭 #지붕뚫고하이킥

*지붕 뚫고 하이킥 다시 보기 
✔ WAVVE : 
https://deep.wavve.com/content/M_T70147G
✔ iMBC : 
https://program.imbc.com/roofkick


ⓒ MBC&iMBC 무단 전재, 재배포 및 이용(AI학습 포함)금지",2026-04-16T09:00:54Z,308426,2960
uzH78u0TmwQ,[𝑪𝑪𝑴 𝑷𝒊𝒂𝒏𝒐 𝑷𝒍𝒂𝒚𝒍𝒊𝒔𝒕]  여호와께서 너의 걸음을 정하시고,라이트앤솔트 LIGHT AND SALT,"여호와께서 사람의 걸음을 정하시고 그의 길을 기뻐하시나니 그는 넘어지나 아주 엎드러지지 아니함은 여호와께서 그의 손으로 붙드심이로다.(시편 37 : 23-24)

The Lord makes firm the steps of the one who delights in him; though he may stumble, he will not fall,
for the Lord upholds him with his hand.(Psalm 37 : 23–24)

️✔️ 시청자의 편의를 위해 중간 광고를 제거하였습니다.
✔️ 더욱 향상된 음질로 감상하시려면 이어폰 사용을 권장드립니다.
✔️ 영상에 사용된 모든 사진과 피아노 연주는 직접 촬영하고 연주한 것입니다. 사용하실 경우, 출처 또는 해당 영상의 링크를 남겨주시면 감사하겠습니다.
✔️ 본 채널은 신천지 및 그 외 이단의 어떠한 포교 활동도 허용하지 않습니다. 또한 정치적인 내용이나 근거 없는 비방 댓글은 사전 통보 없이 삭제될 수 있습니다.

00:00 나의 꿈, 내 소망
05:18 나의 부르심
08:46 주의 사랑을 주의 선하심을
12:01 나의 갈길 다가도록(384장)
15:00 나의 꿈, 내 소망
20:17 나의 부르심
23:42 주의 사랑을 주의 선하심을
26:55 나의 갈길 다가도록(384장)

💌 Email : pfyunju@gmail.com
📍Photo : New York Public Library

#ccm #수면음악 #기도음악 #piano #music #기도반주 #피아노반주 #피아노찬양 #피아노 #묵상반주 #새벽기도 #새벽예배 #ccmpiano #기도찬양모음 #큐티 #묵상피아노 #묵상 #예배전찬양 #새벽예배 #찬양피아노 #잔잔한찬양 #은혜로운찬양 #히브리서 #찬송가 #찬양bgm #bgm #카페bgm #relaxing #relaxingmusic #worship #태교음악 #praise #praiseandworship #prayer",2025-11-14T02:26:40Z,448067,4615
iEj3cObJpDk,"딘딘의 XL 캐나다 친구, 아민 (Amin)  | [밴쿠버 프로젝트] 캐나다편 Ep.02 [ENG]",딘딘은 딘딘,"금의환향(?)한 밴쿠버에서의 두 번째 이야기🇨🇦

‘차돌박이 기상법’으로 일어난 딘딘.
말로만 듣던 이스트 헤이스팅을 지나 학교로 향하는데..!

그리고…

16년 전 학창시절을 함께 보낸
딘딘의 캐나다 친구 아민과의 감동적 재회🔥

추억과 감동이 폭발하는
[밴쿠버 프로젝트] 캐나다편 제 2탄
-
*이 프로그램은 '안다르'의 지원을 받아 제작되었습니다
-
#딘딘 #캐나다 #네모의꿈
-
Contact📨 octopusclub2025@gmail.com",2026-05-22T10:00:43Z,1399878,27812
chArN2Hle4U,[현장] 이재명 대통령이 쏘아 올린 청정계곡의 기적 (포천 백운계곡 현장 소통),춘천MBC뉴스,"#이재명 #백운계곡 #계곡정비 #청정계곡 #포천백운계곡 #현장소통 #여름휴가

여름철만 되면 불법 평상과 무단 점용, 터무니없는 자릿세 요구와 음식 강매로 가고 싶어도 눈살을 찌푸려야 했던 우리네 계곡들이 기억나십니까?

과거 경기도지사 시절, 강력한 추진력과 단호한 행정력으로 ""계곡은 도민의 것, 공공의 자산""이라 선언하며 청정계곡 재생사업을 전격 단행했던 이재명 대통령이 마침내 포천 백운계곡을 다시 찾았습니다.

이번 영상은 불법 시설물이 완전히 사라진 깨끗한 물줄기 속에서, 더 이상 자릿세 눈치를 보지 않고 자유롭게 피서를 즐기는 시민들의 환한 미소를 생생하게 담고 있습니다. 직접 싸 온 음식을 나누며, 아이들과 함께 맑은 계곡물에서 웃음꽃을 피우는 가족 단위 피서객들의 모습은 정책 하나가 국민의 일상을 얼마나 바꾸어 놓을 수 있는지 그 체감되는 행정의 효능감을 그대로 보여줍니다.

이재명 대통령은 현장에서 남양주, 인천 계산동, 의정부, 서울 청량리 등 전국 각지에서 찾아온 피서객들과 격의 없는 대화를 나누며 소통을 이어갔습니다. 시민들은 ""몇 년 전부터 돈 한 푼 안 내고 이렇게 편하게 놀 수 있게 되어 너무 감사하다"", ""이게 진정 국민을 위한 정치""라며 아낌없는 응원과 지지를 보냈습니다.

또한, 이재명 대통령은 현장 안착 상황을 점검하는 것에 그치지 않고, 지역 상인 조합원들과 만나 애로사항을 청취했습니다. 불법을 근절한 자리에 상생과 합법적 정비가 온전히 자리 잡았는지 꼼꼼히 살피며, 여전히 남아있을지 모르는 전국 계곡의 불법 점용 실태에 대해서도 ""단 한 건의 누락도 없이 철저히 정비하고, 지자체의 소홀함이 있다면 엄중히 책임을 물으라""며 가차 없는 지시를 내렸습니다.

국민에게 온전히 돌아간 우리 청정 계곡의 아름다운 여름 풍경, 그리고 현장에서 터져 나온 시민들의 생생하고 진솔한 목소리를 지금 영상으로 만나보세요!",2026-05-25T02:20:53Z,264052,9801
61U91BW-M8A,[#에이팅] 오은영 박사 기겁한 역대급 게임중독 금쪽이의 생활패턴! | #금쪽같은내새끼 258회,채널에이드: 채널A Drama & Enjoy,"💪🏻에이팅: 보기만 해도 활력 넘치는 채널A 예능 클립 
이번주 핫한 클립 ▶ [금쪽같은 내새끼] 258회

00:00 게임에 중독된 초6 아들
00:34 아들에게 직접 선사한 초고사양 PC
06:18 물 대신 초코우유만 마시는 아들
11:40 ""니 엄마 xxx"" 패륜 욕설하는 금쪽이
16:32 충격 발언! 중학교 갈 필요 없다는 아빠
22:37 금쪽이의 게임 중독 엄마 탓하는 아빠🔥
28:22 제작진도 포기한 금쪽이의 속마음(ㅠㅠ)

#금쪽이 #오은영 #육아

금쪽같은 내 새끼를 위해   
가족이 변하는 리얼 메이크오버 쇼!
[요즘육아 금쪽같은 내새끼] 매주 금요일 저녁 8시 10분 방송

Copyright Ⓒ 채널A. All rights reserved. 무단 전재, 재배포 및 AI학습 이용 금지",2025-11-04T09:00:08Z,1277393,6086
v0NBwdG5pZU,"불꽃을 던진 파이널보스, 우리 승환이 형 만나서 한우 사드리고 왔습니다 | 사이버 윤석민 Ep.오승환-1",사이버 윤석민,"🚨오승환편 댓글 EVENT!🎁
1. RainOK X KIA TIGERS 푸시그립 세트
2. 오승환 사인볼

사이버 윤석민 X 불스원 RainOK
내 시야도 클리어✨
유막 제거 + 발수 코팅으로 빗길 시야를 선명하게 🚗

구매하기 : https://m.site.naver.com/27Kmn
KIA타이거즈 기획전 : https://m.site.naver.com/27Km1

""구독+좋아요"" 필수!
재미있었던 부분의 타임코드와 시청소감을 댓글로 남겨주세요!
생생하고 진솔한 소감을 남겨주신 분들께 
'불스원 푸시그립세트' 또는 '오승환의 사인볼'을 보내드립니다~!
많이 준비했으니 많은 참여 부탁드려요!!

#윤석민 #오승환 #삼성라이온즈  

*퍼가실 때는 본문에 출처와 링크를 꼭 기입해주세요
-----------------------------------------------------------------------
00:00 하이라이트
00:50 경건한 마음으로 출발 준비
04:08 파이널보스 영접
09:07 운동량 논쟁
15:12 오승환의 운동법(+ 제구)
29:40 오승환의 특이한 투구폼?
35:45 돌부처의 공황장애?
38:27 둘의 해외 생활 이야기",2026-05-25T01:00:08Z,234695,4983
YbcUWkVIPlA,[메이킹] 모자무싸 평생 하자 왜 안되는데😭 〈모두가 자신의 무가치함과 싸우고 있다〉 11-12화 비하인드📽,JTBC Drama,"김동욱 배우의 특별출연!
함께해 주셔서 감사합니다💖

하루 먼저 촬영이 끝난 혜진😂
마지막 퇴근길 바래다주는 다정한 경세

개싸움(?)을 하는 동만X재영
본방에서는 볼 수 없는 훈훈함까지🌸

모든 촬영을 마친 모자무싸! (못 보내...)
평생 사랑해 주세요 ٩(៸៸ᵔꇴᵔ៸៸)و

#모두가자신의무가치함과싸우고있다 #JTBC토일드라마 #구교환 #고윤정",2026-05-25T01:00:01Z,176372,4646
8CAKRqXf5Hw,"≪신과 함께≫,≪국가대표≫ 감독이 신인 감독상을 받으며, 관객 수 660만을 찍은 레전드 영화 ≪미녀는 괴로워≫",오티티,"#오티티 #미녀는괴로워 #김아중 #영화리뷰 
🎥영화≪미녀는 괴로워≫입니다.
----
📌≪미녀는 괴로워≫ 보러 가기
🔗https://vo.la/XZy6Y7v
----
📌오티티 멤버쉽 가입
🔗https://www.youtube.com/channel/UCA7TUSbnsi0CiWSmfuGShww/join
📌오티티 인스타
🔗http://www.instagram.com/o__tt__
📌오티티 틱톡
🔗https://www.tiktok.com/@o__tt__
----
📌저작권 허가를 받아 제작한 영상입니다.
(The movie clips on this channel has gotten copyright permission of copyright holder)",2026-01-22T11:51:08Z,300225,2189
NS7tSrMrWsc,하루종일 사투리만 써봤습니다,안녕하세요원이입니다잘부탁드립니다,"ⓒ2026. Solfa Studio All rights reserved.

instagram
https://www.instagram.com/helloiamwoninicetomeetyou/",2026-05-01T13:00:45Z,2830718,52535
K0-6reET2BY,"Relaxing Rain Sounds and Soft Piano Music for Deep Sleep, Stress Relief, and Peaceful Nights",Relaxing Piano,"Relaxing rain sounds blended with soft piano music create the perfect ambience for deep sleep, stress relief, and peaceful nighttime comfort. The gentle rainfall calms your mind while the soothing piano melodies help you unwind, focus, and release tension. Ideal for sleeping, studying, working, meditation, or simply enjoying a cozy, quiet evening. Let this calming mix of rain and piano guide you into deep relaxation and emotional peace.

#rainandpiano #pianomusic #rainsounds #relaxingrain #pianorelaxation #sleepmusic
#rainambience #studymusic #cozynightvibes #ambientrain #soothingpiano #deeprelaxation",2025-12-12T02:20:01Z,1830896,6348
cFZP__8CznQ,＂지금 상황에 웃음이 나와?!＂ 가게로 돌진 후 사과 없이 웃기만 하는 운전자💥초보운전이 부른 아찔한 사고🔥| 한블리 (한문철의 블랙박스 리뷰)| JTBC 250919 방송 외,JTBC Voyage,"운전 미숙이 부른 아찔한 사고🔥

#한블리 #한문철 #초보운전 #운전미숙

[JTBC봐야지] 구독하기☞ https://url.kr/q9raxe

------------------------------------------------------
* 영상 속 프로그램은?

【한블리 (한문철의 블랙박스 리뷰)】
https://tv.jtbc.co.kr/1ovely
------------------------------------------------------",2026-02-24T10:05:01Z,431818,2537
QJEFSVQOdXU,XLG vs. G2 | MATCH HIGHLIGHTS | VCT Masters Toronto 2025 - Playoffs Stage,VALORANT Champions Tour,"From June 7th to June 22nd, Masters Toronto will bring together the world’s best VALORANT players for a fierce fight. The race to Champions Paris doesn’t stop, and the twelve best teams from the Stage 1 International Leagues are heading to Toronto to compete for Championship Points and a chance to earn a Masters Trophy. The stakes are high, as the top four teams will earn valuable Championship Points and move one step closer to competing in Champions Paris.

Masters Toronto will be split into two parts - the Swiss Stage and the Playoffs Stage. In the Swiss Stage, teams will need to secure 2 victories before they accumulate 2 losses across a maximum of three rounds to advance out of Swiss. Each match will be a Best of Three series. A random draw will pair the competitors, a double elimination bracket will narrow them down, and we’ll close out with a Best-of-Five series in the Lower and Grand Finals. The last team standing will earn the title of Masters Toronto Champion.

We’re proud to work with our fantastic partners throughout 2025: AWS, HyperX, Mastercard, OMEN, Red Bull, Secretlab, and Verizon.

Make sure to follow the official VALORANT Esports social channels for additional information:
Twitter/X: https://x.com/valorantesports
Facebook: https://www.facebook.com/ValorantEsports/
Instagram: https://www.instagram.com/valorantesports/
TikTok: https://www.tiktok.com/@valorantesports
Twitch: https://www.twitch.tv/valorant
YouTube: https://www.youtube.com/@ValorantEsports
Photos from the Event: https://www.flickr.com/photos/valorantesports/
Official VALORANT Esports News: https://www.valorantesports.com/news
Web: https://www.valorantesports.com
#VALORANTChampionsTour #VALORANT #VCT #VALORANTMasters",2025-06-15T17:56:54Z,4179,47
Nio8kQ3KeTM,여성 임원 50%인 회사의 리더는 뭐가 다를까ㅣ야망뽐뿌 인터뷰(feat.왓츠인CEO's백),듣똑라,"*본 영상은 'P&G'의 유료광고 내용을 포함하고 있습니다.

2020년 기준, 우리나라 상장법인 2148개 중 
여성 임원의 비율 전체 4.5%밖에 안 된다고 해요
OECD 국가 중 최하위권 낮은 수준입니다

임원 성비 1:1인 회사, 성평등을 핵심가치로 삼고있는 회사! 
여러분께서 다 알만한 생활용품 브랜드 
질레트, 팬틴, 오랄비 등을 만드는 회사죠.
한국 P&G의 발라카 니야지 대표의 스토리를 통해, 
성평등한 기업 문화가 왜 필요한지 짚어볼게요!👀

#피앤지 #동기부여 #성공 

00:00 보똑라 시작~~!
00:40 대한민국 여성임원 비율 4.5%
01:24 '한국P&G' 발라카 니야지 대표
01:57 한국 P&G 여성, 남성 성비 1:1
02:48 기업내 여성에 대한 편견
04:46 P&G의 정책
06:58 저도 CEO가 될 수 있을까요
09:10 P&G의 핵심가치, 성평등
10:05 신입사원에서 대표까지
11:56 P&G 인재상
13:04 왓츠인CEO's백
------------------------------------------------------------------
▶[듣똑라] 광고/제휴 문의 smarter@joongang.co.kr
▶홈페이지 https://bit.ly/3rLY5SY
▶팟캐스트 http://bit.ly/2Q2KLb8
▶뉴스레터 http://bit.ly/2p4VVB9",2020-12-19T02:58:32Z,38494,2015
PxuaoxcRMpw,40대 한국 대졸 여성의 삶 | 잘못된 선택을 하지 않기위한 팁,아는 변호사 ,#일과가정양립 #여자나이40대 #선택은이기적으로,2019-06-12T20:00:03Z,382324,12994
HJ38uLfFEIY,[재도전 문화 확산 프로젝트 EP05] 헤이조이스 CEO 이나리가 리더가 되고 싶은 여성들에게,EO Korea,"요즘 핫한 일하는 여자들의 커뮤니티 헤이조이스 이나리 대표님의 이야기입니다.

언론계에서 이력서가 가장 지저분하다고 하셔서 보내달라고 했더니 아래와 같네요. ㄷㄷ...

영상에 다 담지 못한 얘기지만 기자에서 출발해서 인생에 고민이 있던 시절 스스로를 체인지 메이커로 정체화하면서 분야를 가리지 않고 변화를 이끌어내고 싶은, 이끌어내야 하는 분야에 과감하게 도전하며 커리어를 밟아오셨다고 합니다.

---

디지털타임스 창간TF 기자, 세계일보 기자, 레스토랑 직원 등등...

2000. 1 ~ 2006. 1 동아일보 주간동아부 경제팀장, 월간신동아부 기자

2006. 1 ~ 2012. 6 중앙일보 논설위원, 경제부문 산업부 부데스크, 재계/IT 팀장

2012. 6 ~ 2014. 12 D.CAMP 은행권청년창업재단 초대 기업가정신센터장

2015. 1 ~ 2017. 12 제일기획 제일이노베이션센터장 (투자 및 신사업 총괄)

---현직---
2013. 1 ~ 서울시 공유촉진위원회 위원 
2013. ~ 서울시 산학연정책위원회 위원
2018. 1 ~ 한국공학한림원 회원
2018. 2 ~ 서울디지털재단 비상임 이사 
2018. 2 ~ 서울시 지속가능발전위원회 위원 
2018. 3 ~ 헤이조이스 대표
2019. 2 ~ 대통령 직속 4차산업혁명위원회 위원

*겸임* 
한양대학교 특임교수 
LG생활건강 온라인 비즈니스 자문
SK텔레콤 CSV위원회 위원 
다음카카오 자문위원회 위원 
한국양성평등교육진흥원 비상임 이사
서울테크노파크 비상임 이사 
서울시 개포디지털혁신파크 민간자문위원장 
한국과학기술기획평가원 자문위원회 위원

---

평소 스타트업 씬을 바라보는 관점, 스타트업 콘텐츠 제작 관련해서도 많은 조언을 해주시는데 창업진흥원과 함께하는 '재도전 문화 확산 프로젝트'에 여성 리더, 여성의 도전과 실패에 관한 이야기를 나눠주셔서 너무 감사드려요!

---
이 영상은 '재도전 문화 확산'을 취지로 한국 중소벤처기업부, 창업진흥원과 함께 만들었습니다.",2019-01-25T03:50:23Z,37801,1917
PiPp3KsrIZ4,ORAÇÃO DA NOITE – DOMINGO PENTECOSTES - 24.05.2026 Padre Robson de Oliveira,Padre Robson Oliveira - Vida Plena,"🌙 ORAÇÃO DA NOITE COM O PADRE ROBSON DE OLIVEIRA 🙏
Encerre o seu dia na presença de Deus com esta poderosa Oração da Noite conduzida pelo Padre Robson. Um momento de paz, reflexão e entrega total ao Senhor, para renovar a fé, agradecer pelas bênçãos e descansar o coração sob a proteção divina. TEMOS TAMBÉM A BÊNÇÃO DA ÁGUA PARA SER UM SINAL DE DEUS NA SUA VIDA!

ORAÇÃO DA NOITE – DOMINGO PENTECOSTES - 24.05.2026 Padre Robson de Oliveira

✨ Deixe o Espírito Santo tocar a sua alma.
✨ Reze conosco pedindo a intercessão de Nossa Senhora do Perpétuo Socorro.
✨ Entregue suas preocupações a Deus e durma em paz.

📿 “Em paz me deito e logo adormeço, porque só Tu, Senhor, me fazes viver em segurança.” (Salmo 4,8)

🙏 Coloque suas intenções nos comentários e reze com fé!
➡️ Inscreva-se no canal, ative o sininho 🔔 e receba todos os dias uma mensagem de luz e esperança.

Compartilhe: 
https://youtu.be/PiPp3KsrIZ4

Me Siga nas Redes Sociais: 
Instagram: https://bit.ly/3q6y80E 
Facebook: https://bit.ly/331fluF 
YouTube: https://bit.ly/3F6rKuz 

#OraçãodaNoite #PadreRobson #Fé #Deus #Oração #Católico #NossaSenhora #Gratidão",2026-05-24T21:00:07Z,34426,3348
G5pWuAHSAJo,강연에서 반응 폭발했던 그 주제💖 이호선이 말하는 나이 들수록 행복한 사람들의 공통점⁉️ #유퀴즈,디글 클래식 :Diggle Classic,"티빙에서 스트리밍 : https://tving.onelink.me/xHqC/30a78d6f

#유퀴즈온더블럭 #유퀴즈 #유재석
매주 수요일 저녁 8시 45분 tvN에서!

we’re :DIGGLE family

#티빙에서스트리밍",2026-04-22T11:00:35Z,1409105,12098
lCChrhhIUWo,Blue Prince - #16 - Sometimes Hallways,PlayFrame,"Everything in moderation.

Support us on Patreon! ► https://patreon.com/playframe


_______▼ PLAYLIST ▼_______

Watch the full playthrough! ► https://www.youtube.com/playlist?list=PLvFQJa1XAXzypTjcd2R48QiH5fGdg-ZUv


________▼ TWITCH ▼_________

We're also streaming on Twitch! ► https://twitch.tv/playframeplus


________▼ SOCIALS ▼_________

BlueSky:
https://bsky.app/profile/playframe.bsky.social
https://bsky.app/profile/danfloydplus.bsky.social
https://bsky.app/profile/carriefloyd.bsky.social


To hear Dan talk MUCH more about game animation, check out New Frame Plus! ► http://www.youtube.com/c/newframeplus



_______▼ CREDITS ▼________

Edited by Carrie Floyd

Thumbnail art by Dan Jones



________▼ MUSIC ▼_________

♫ “Gone Shoppin'” by Dj CUTMAN
https://www.youtube.com/watch?v=gZjV3uJhgFc




#PlayFrame #BluePrince",2026-05-24T16:29:48Z,214714,566
8UWv-MNYHQc,국내 1티어 에르메스 인테리어 CEO는 어디 살까?ㅣSEL인테리어 이승은 CEO 편,스튜디오 매일매일,"수도권 각지에 거주하는 CEO의 부촌 라이프 AtoZ [누집세]

💸 매주(목) 저녁 8시
💸 구독+댓글+알림설정 필수!
💸 매화 진행되는 구독자 이벤트!👇👇👇

#누집세 #ceo #부동산

출연자 향한 근거없는 비방, 악플은 
사전 고지없이 삭제될 수 있습니다",2024-10-10T11:00:11Z,222146,2573
etjMJKGqLhM,임원 성비가 5:5인 회사는 뭐가 다를까? l 워크우먼 | 씨리얼 사회탐구,씨리얼,"얼마전 LG생활건강에서 30대 여성 임원이 탄생했다는 소식이 화제였죠. 전체 기업 중 여성 임원 비율이 고작 4%인 한국에서는 대단히 고무적인 소식이었습니다. 

주요 의사결정자에 여성의 비율이 높아진다는 건 회사에 어떤 변화를 가져다줄까요? 
씨리얼은 궁금증을 해결하기 위해 한국P&G를 찾았습니다. P&G는 오래전부터 성평등 문화의 중요성을 이야기해 온 회사입니다. 2015년 칸 광고제에서 수상한 Always(위스퍼)의 Like a Girl https://youtu.be/XjJQBjWYDTs 이나 SK-II 여성의 나이에 관한 사회적 편견과 압박을 다룬 The Expiry Date https://youtu.be/irfd74z52Cw, 또 얼마전 유해한 남성성을 버리고 새로운 남성성을 갖기를 촉구하는 메시지를 담았다가 남성들의 불매운동 뭇매를 맞았던 질레트의 We Believe: The Best Men Can Be https://youtu.be/koPmuEyP3a0 역시 P&G의 캠페인이었죠. 한국P&G는 사원과 부장급 중간관리자, 임원을 불문하고 남성과 여성의 비율이 5:5를 왔다갔다합니다. 남녀불문 육아휴직을 아무 부담없이 쓸 수 있는 ‘이상적인’ 문화를 가지고 있습니다. 

성평등한 조직문화의 비결로 손꼽힌 건 의외로 내부 승진 제도입니다. P&G의 모든 임원과 대표는 사원에서 시작합니다. 모든 신입사원을 예비 임원으로 생각하고 뽑기 때문에 나이나 성별, 국적에 관계없이 공정하게 채용하고, 평가하고, 잠재적 능력을 최대한 발휘할 수 있게 시스템을 갖추고, 그렇게 다양한 백그라운드를 가진 사람들이 성장할 수 있게끔 다양성과 포용성을 전제하는 문화가 마련되고 있다고 합니다. 그러다보면 자연스럽게 성평등이 이루어진다는 겁니다. 실제로 지난해 한국P&G 대표직에서 물러난 김주연 질레트 아시아 총괄 대표 역시 말단 사원에서 시작한 인물이었습니다.

""이런 게 결국 문화가 가지는 힘인 거 같아요. 전파를 해 나가잖아요.” 
보다보면 다소 박탈감이 들 정도의 이상적인 조직문화. 하지만 저런 ‘이상'이 누군가에겐 ‘현실’이라는 건, 결국 불가능할 건 없다는 말과도 같습니다. 문화는 결국 전파되기 마련이기 때문입니다. 씨리얼이 ‘워크우먼’ 시리즈의 마지막으로 특정 회사를 찾은 까닭은 그래서입니다. 좋은 문화가 전파되는 속도가 조금은 더 빨라지기를 바라는 마음으로, 2019년 마지막 영상을 마련해봅니다.

#워크우먼 #일하는여성들 #조직문화
ㅡ

씨리즌의, 씨리즌에 의한, 씨리즌을 위한
씨리얼 '구독'하고! 더 많은 곳에서도 퍼묵퍼묵🥣

인스타그램: https://www.instagram.com/creal.official
페이스북: https://www.facebook.com/creal20/",2019-12-31T13:25:17Z,73244,3529
r1oEOjug_cI,[TV열린특강] ‘디테일의 힘…여성CEO로 성공하라’,매일경제TV,"TV열린특강

박정림 KB증권 대표
‘디테일의 힘…여성CEO로 성공하라’



보험과 은행, 증권 등 자산관리 전문가로 잔뼈가 굵은 박정림 KB증권 대표가 증권업계 첫 여성 CEO로서 후배들에게 성공을 향한 조언을 건넨다. 

  박 대표는 유리천장을 깨고 CEO에 오를 수 있었던 이유로 고객을 최우선으로 하고, 디테일에 강한 면모를 보였기 때문이라고 말한다. 늘 꽃길만 걸었던 것은 아니라고 말하는 박 대표는 실패와 위기의 순간이 있었지만, 어느 자리에서든 최선을 다하는 태도가 현재를 만들었다고 강조했다.

  이번 주 TV 열린특강 ‘박정림 KB증권 대표편’에서는 여성으로서 가진 장점을 살리고, 유리천장을 깨고 하늘을 날 수 있는 방법에 대해 들어본다.

  각계 멘토의 조언을 들어보는 'TV 열린특강'은 목요일 오전 11시 30분부터 매일경제TV 채널과 홈페이지(mbnmoney.mbn.co.kr)를 통해 시청할 수 있다.",2019-05-23T06:19:45Z,1917,25
9ToUnIKtuPU,일본은 어떻게 성(性)진국이라 불리게 된 걸까❓ 문화와 심리를 통해 알아보는 그 이유 | 어쩌다어른,tvN Joy,"티빙에서 스트리밍 : https://tving.onelink.me/xHqC/30a78d6f

#tvN #어쩌다어른 #끌올
tvN 레전드 예능 끌어~ 올려↗↗

#티빙에서스트리밍",2025-09-05T22:30:01Z,648753,3044
YJfP-VJfbw0,Talking tteokbokki and therapy with Baek Se-hee and BTS translator Anton Hur,The Straits Times,"Check out ST's Instagram page https://www.instagram.com/straits_times to find out how to win a copy of I Want To Die But I Want To Eat Tteokbokki signed by author Baek Se-hee and translator Anton Hur
 
South Korean author Baek Se-hee, who had an impression of Singapore as a glamorous country, did not think her two therapy memoirs about mild depression would become a bestseller here. But meeting her local fans in November, she says: “I realised that we’re quite similar.” 
The author of I Want To Die But I Want To Eat Tteokbokki (2018) joins South Korean writer and translator Anton Hur – who translated Baek’s book – in their first joint video interview. The exclusive 40-minute conversation hosted by The Straits Times took place on Nov 17, the first day the two literary icons met.

Live interpretation and subtitle translation: April Kim
Books giveaway: Pansing Distribution 

0:00 Introduction
1:38 Resonance in Singapore
2:50 Becoming a best seller
4:23 Meeting for the first time
9:43 Diagnosing dysthymia
13:44 Fan reactions to the book
15:08 The therapy lit boom
19:08 Tteokbokki -inspired copycats and memes
22:25 The second book
27:14 Rapid-fire questions (Where's the best tteokbokki?)
29.55 Book recommendations
31:59 Se-hee asks Anton a question
35.36 A teaser for the next book

Follow The Straits Times on YouTube: https://str.sg/ytsub
Turn on notifications 🔔 to stay updated.
--------------------
WEBSITE ➤ https://www.straitstimes.com
WHATSAPP ➤ https://str.sg/whatsapp
TIKTOK  ➤ https://www.tiktok.com/@straitstimes
INSTAGRAM ➤ https://www.instagram.com/straits_times
FACEBOOK ➤ https://www.facebook.com/TheStraitsTimes
TWITTER ➤ https://twitter.com/straits_times
TELEGRAM ➤ https://t.me/TheStraitsTimes
PODCASTS ➤ https://str.sg/stpodcasts

#straitstimes #therapy #tteokbokki",2024-12-05T04:36:20Z,17144,519
OvQ2vufa1TI,"달리기를 하고 있다면 지속해야 하고, 그렇지 않다면 반드시 시작해야 하는 이유 | 정세희 '길 위의 뇌' 저자 | 세바시 1974회 뇌건강, 러닝, 저속노화, 슬로우조깅",세바시 강연 Sebasi Talk,"지금 당신이 숨이 차도록 달려야 하는 이유 | 세바시 1974회
정세희 서울대 의대 재활의학교실 교수, 서울특별시보라매병원 재활의학과 교수, '길 위의 뇌' 저자
*🔥정세희 교수의 NEW 강연 바로가기👉https://youtu.be/JuQws63yJPY*

강연 소개
우리의 뇌는 공짜로 건강해지지 않습니다. 책을 많이 읽는다고 건강해지지도 않습니다. 오히려 운동을 통해 뇌는 더욱 건강해집니다. 특히 러닝이 뇌 건강에 도움이 됩니다. 저는 25년째 러닝을 하고 마라톤에 참가하고 있습니다. 그 누구보다 체력도 좋고 마음까지 건강해졌다고 자부하는데요. 여러분도 이 좋은 날씨에 바람을 느끼며 뇌 건강과 마음건강을 위한 운동을 시작해 보시기를 권합니다.

--------------------------
정세희 강연자 강연 섭외 문의 👉🏻 https://speaker.sebasi.co.kr
세바시 소식 & 강연회 신청 👉🏻 https://linktr.ee/sebasi
협찬/콘텐츠 구매 문의 👉🏻 sebasi@sebasi.co.kr

📙 세바시 인생질문 책 구입하기
🌟 4권(신간) 👉🏻 https://bit.ly/3W66qAs
3권 👉🏻  https://bit.ly/3UuNZ7W
2권 👉🏻 https://bit.ly/4hu8rzq
1권 👉🏻 https://bit.ly/4fpUHnB
(위 링크는 쿠팡 파트너스 링크로, 이에 따른 일정액의 수수료를 세바시가 제공받습니다)

인스타그램 👉🏻 https://www.instagram.com/sebasi15
페이스북 👉🏻 https://www.facebook.com/sebasi15
홈페이지 👉🏻 https://www.sebasi.co.kr

세바시 강연 콘텐츠의 저작권은 ‘(주)세상을바꾸는시간15분’에 있습니다. 영상 및 오디오의 불법 다운로드 및 재업로드, 재가공 등의 행위(AI학습 포함)는 법적으로 금지되어 있습니다",2025-05-02T09:00:39Z,1100714,18798
lyMTZyxVLJA,조주빈 재판을 감시하는 '마녀'라고 불리는 이 사람,닷페이스,"#텔레그램성착취 #방청연대 #n번방
'박사' 조주빈은 5월 1일부터 7월 23일 현재까지 매일같이 반성문을 제출하고 있습니다. 텔레그램 집단 성착취 재판은 어떻게 진행되고 있을까요?

💜 닷페이스의 영상을 계속 보고 싶다면 : http://bit.ly/닷페피플

연대자D님은 2014년부터 성폭력 피해자들과 연대하며 성범죄 재판을 모니터링하고 있습니다. 그가 지켜본 형사재판은 피해자가 소외될 수밖에 없는 구조를 띄고 있었습니다. 형사재판은 검사가 피해자 편에 서고, 가해자인 피고인 측과 다투는 형태로 진행됩니다. 재판 과정에서 피해자가 적극적으로 의견을 개진하지 않는 한 피해자의 목소리는 배제되기 쉬운 구조이죠.

텔레그램 성착취 가해자들이 검거되고, 재판이 진행되고 있습니다. 1심에서 징역 7년의 중형을 받은 가해자도 있지만, 집행유예로 가벼운 처벌에 그친 경우도 있습니다. 텔레그램 집단 성착취 사건, 아직 끝나지 않았습니다.

🔥 이야기로 세상을 바꿀 수 있습니다 : http://bit.ly/닷페피플
닷페피플은 닷페이스 미디어를 후원하는 멤버십입니다. 닷페피플이 되고 PD들의 제작 후기도 레터로 받아보세요. 

📝 닷페이스 영상 번역에 기여해주세요 : http://bit.ly/닷페번역가되기
이 영상의 자막 작업에 기여해주시면 더 많은 사람들이 볼 수 있습니다. 한국어 포함 어떤 언어도 괜찮습니다.

닷페이스를 만나는 다양한 방법
인스타그램 https://www.instagram.com/dotface_official
페이스북 https://www.facebook.com/facespeakawake
홈페이지 https://www.dotface.kr",2020-07-23T10:15:11Z,33776,3137
ji8jgVNI0t4,"Изобилие уже на подходе к вам — активируйте силу женского магнетизма, 417 Гц",Ethereal Calm,"**Изобилие уже на подходе к вам — активируйте силу женского магнетизма, 417 Гц**

Многие женщины стремятся к жизни, наполненной миром, уверенностью, любовью и эмоциональным равновесием. Однако ежедневный стресс, неуверенность в себе и эмоциональное истощение иногда могут создавать ощущение отчуждения от этих качеств. Уделение времени замедлению темпа и восстановлению связи с собой может помочь вернуть спокойствие и ясность. Когда ваш внутренний мир становится более сбалансированным, вы можете почувствовать себя более открытой для позитивных переживаний, здоровых отношений и значимого личностного роста.

**Что это такое**
Медитация с частотой 417 Гц — это мягкая практика релаксации, часто ассоциируемая с эмоциональным освобождением, обновлением и позитивными преобразованиями. Эта частота обычно используется для создания успокаивающей атмосферы для осознанности и размышлений. Практика способствует развитию женского магнетизма, питая такие качества, как интуиция, сострадание, чувство собственного достоинства, эмоциональная устойчивость и внутренняя уверенность, поддерживая при этом более мирное и уравновешенное состояние ума.

**Как это работает**
Звуковые вибрации могут влиять на естественную реакцию расслабления организма. Прослушивание музыки с частотой 417 Гц может помочь замедлить дыхание, успокоить нервную систему и снять ментальные отвлекающие факторы. По мере расслабления ума эмоциональное напряжение и ограничивающие убеждения начинают ослабевать. В этом мирном состоянии становится легче восстановить связь с благодарностью, уверенностью, эмоциональной ясностью и более позитивным взглядом на жизнь и личностный рост.

**Как использовать / Шаги для ежедневной практики**
Найдите тихое и комфортное место, где вас никто не потревожит. Включите медитативную музыку с частотой 417 Гц на низкой громкости. Закройте глаза и сделайте медленные, глубокие вдохи. Сосредоточьтесь на звуке и позвольте своему телу полностью расслабиться. Поразмышляйте о чувствах любви к себе, покоя, благодарности и эмоционального равновесия. Визуализируйте себя, идущего по жизни со спокойствием, уверенностью и позитивной энергией. Практикуйте 10–20 минут ежедневно.

Создание более сбалансированной и изобильной жизни начинается с осознанности, терпения и постоянной заботы о себе. Хотя ни одна медитация не может гарантировать мгновенное изобилие или успех, успокоение ума может помочь вам чувствовать себя более сосредоточенным и эмоционально уравновешенным. Медитация с частотой 417 Гц предлагает мягкий и поддерживающий способ подпитать женскую энергию, помогая вам почувствовать себя более спокойной, уверенной в себе и открытой для значимых возможностей и позитивных преобразований.
---
Software used to edit the video:
Adobe After Effects.
Adobe Premiere Pro.
Adobe Photoshop.
Davinci Resolve.


Music by Ethereal Calm.
Copyrighted by Ethereal Calm. All rights reserved. Do not reup.",2026-05-24T13:30:04Z,70725,572
rJGCjSYSo-k,뚝뚝 떨어진 경찰 수사력…이유를 베테랑 수사관에 물었습니다 / SBS / 뉴스토리 디테일,SBS 뉴스,"경험 많은 고참 수사관은 수사 파트를 대거 떠나고 신입 경찰이 대거 충원되는 현실.

이 때문에 경찰 수사력에 대한 불만이 커지고 있습니다.

15년차 베테랑 수사관에게 그 원인과 해법을 들어 봤습니다.

#경찰 #사기 #수사 #뉴스토리 #SBS뉴스

☞더 자세한 정보
https://news.sbs.co.kr/y/?id=N1007815303
 

#SBS뉴스 #실시간 #뉴스

▶SBS 뉴스 채널 구독하기 : https://n.sbs.co.kr/youtube 

♨지금 뜨거운 이슈, 함께 토론하기(스프 구독) : https://premium.sbs.co.kr

▶SBS 뉴스 라이브 : https://n.sbs.co.kr/youtubeLive , https://n.sbs.co.kr/live 

▶SBS 뉴스 제보하기
홈페이지: https://n.sbs.co.kr/inform 
애플리케이션: 'SBS뉴스' 앱 설치하고 제보 - https://n.sbs.co.kr/App 
카카오톡: 'SBS뉴스'와 친구 맺고 채팅 - https://pf.kakao.com/_ewsdq/chat 
페이스북: 'SBS뉴스' 메시지 전송 - https://www.facebook.com/sbs8news 
이메일: sbs8news@sbs.co.kr 
문자 # 누르고 6000",2024-09-28T05:30:16Z,210026,2284
KNoj5e1v8xI,SM플레이 요구하다가 강간치상으로 고소해 버린 무고녀..,좋은변호사 - 남녀문제연구소 [안변TV],"❗ 성범죄 사건은 첫 진술이 결과를 좌우합니다.
❗ 조사 전에 방향을 잘못 잡으면 되돌릴 수 없습니다.

▶ 상담 신청(24시간 접수): https://goodlawyerahn.com/reservation

✔ 전화 상담: 02-588-8004 (평일 9시~18시)
✔ 억울이 카페: https://cafe.naver.com/innocentman911

#성범죄 #성범죄전문변호사 #성범죄무고 #준강간 #강제추행 #고소대응
#강간치상죄 


채널에 가입하여 혜택을 누려보세요.
https://www.youtube.com/channel/UCqgxgvu-AV4wy8q5uNPSZvQ/join",2026-04-14T09:00:34Z,7322,298
nowv3h-ajSc,동탄화장실 무고.. 경찰 믿으면 x되는 세상..하..,좋은변호사 - 남녀문제연구소 [안변TV],"채널에 가입하여 혜택을 누려보세요.
https://www.youtube.com/channel/UCqgxgvu-AV4wy8q5uNPSZvQ/join

---------
너무 두려워하지 마십시오. 어떤 일이 벌어지고 어떻게 처리해야 할지 모두 잘 알고 있습니다.
억울하고 어려운 형사 사건, '좋은변호사'가 당신의 편이 되어 드리겠습니다.


✔상담신청방법 : 홈페이지: https://goodlawyerahn.com 상담예약 버튼!

✔억울이 카페: https://cafe.naver.com/innocentman911

✔블로그(형사) : https://blog.naver.com/lawyerahn8535



#동탄화장실 #동탄헬스장 #동탄경찰서 #성범죄무고 #고소 #성범죄전문변호사 #성범죄 #준강간죄 #준강제추행 #안세훈변호사 #무고죄 #무고역고소",2024-06-29T01:22:14Z,511339,14746
YGDuA28H82A,"허위 드러난 '동탄 화장실 사건'…경찰, 무고 정식 수사 나섰다 / SBS / 뉴블더",SBS 뉴스,"화장실을 갔을 뿐인데, 성범죄자라고 몰렸던 20대 남성이 누명을 벗게 됐습니다.

거짓으로 신고를 했다며 신고 여성이 자백한 건데요.

결국 경찰은 이 여성에게 무고 혐의를 적용해 수사에 착수했습니다.

지난달 23일, 20대 남성 A 씨는 자신이 사는 아파트의 공용 화장실을 사용했다가 '강제 추행' 혐의로 입건됐습니다.

A 씨는 결백을 주장하며, 온라인에 자신의 사연과 함께 경찰과의 대화 녹취 파일을 올렸는데요.

여기에는 경찰이 A 씨를 범인으로 단정하는 듯 반말을 섞어가며 응대하는 등 부적절해 보이는 언행이 담겼습니다.

[A 씨-경찰B 대화 : (천천히 해도 돼, 뭐 손을 떨어?) 당황스러워가지고 이게.]

[A 씨-경찰C 대화 : (그럼 뭐 그런 적 없어요?) 아 네 없죠, 당연히. (떳떳하시면 그냥 가만히 계시면 돼요. 기다리세요, 조금.)]

경찰이 A 씨를 입건하며 근거로 봤던 CCTV는, 남녀 화장실 입구를 직접 비추고 있지 않아 논란은 더 커졌습니다.

결국 지난달 28일, 사건을 담당한 화성 동탄경찰서는 A 씨에게 혐의가 없다고 보고 입건 취소를 결정했습니다.

신고인이 ""허위 사실을 신고했다""고 털어놨고, 프로파일러를 투입해 조사한 결과, ""신고인이 실제 없었던 일을 허위로 꾸며낸 것으로 보는 게 타당하다""고 봤다고 설명했습니다.

또 오늘(1일)은 신고인에게 무고 혐의를 적용해 수사에 착수했다고 밝혔습니다.

이에 따라 A 씨 측은 오는 수요일, 사건 피해자로서 참고인 조사를 받을 예정이라고 밝혔습니다.

너무 힘들어 정신과 진료까지 받고 왔다는 A 씨는 이런 결과에 다행이라면서도, 경찰의 대응이 아쉽다며 심경을 전했는데요.

동탄경찰서를 향한 공분도 이어지고 있습니다.

동탄경찰서 홈페이지에는 비난 글이 속속 올라오고 있고, ""부당한 처사에 대해 그 누구도 책임을 지지 않고 있다""며 경찰 측의 책임 있는 조치를 요구하는 서명 운동까지 이어지고 있습니다.

여기에다, 지난해 비슷한 일을 당했다는 주장까지 제기됐습니다.

자신의 자녀가 ""공공장소에서 신체 부위를 노출했다는 미상의 할머니의 신고""로 조사를 받았는데, 허위로 자백할 때까지 유도심문을 하는 등, 부당한 대우가 있었다고 주장하는 글이 동탄경찰서 홈페이지에 올라온 겁니다.

앞서 지난 28일에는 동탄 경찰서가 홈페이지를 통해 ""사건과 관련이 없는 팀장과 팀원들이 인터넷상에서 지목되고 있다""고 공지문을 올린 걸로 전해졌습니다.

(영상편집 : 문이진)

☞더 자세한 정보
https://news.sbs.co.kr/y/?id=N1007704940

☞[뉴블더] 기사 모아보기 
https://news.sbs.co.kr/y/t/?id=10000000332
 
#SBS뉴스 #뉴블더 #경찰 #동탄경찰서

▶SBS 뉴스 채널 구독하기 : https://n.sbs.co.kr/youtube 

♨지금 뜨거운 이슈, 함께 토론하기(스프 구독) : https://premium.sbs.co.kr

▶SBS 뉴스 라이브 : https://n.sbs.co.kr/youtubeLive , https://n.sbs.co.kr/live 

▶SBS 뉴스 제보하기
홈페이지: https://n.sbs.co.kr/inform 
애플리케이션: 'SBS뉴스' 앱 설치하고 제보 - https://n.sbs.co.kr/App 
카카오톡: 'SBS뉴스'와 친구 맺고 채팅 - https://pf.kakao.com/_ewsdq/chat 
페이스북: 'SBS뉴스' 메시지 전송 - https://www.facebook.com/sbs8news 
이메일: sbs8news@sbs.co.kr 
문자 # 누르고 6000 
전화: 02-2113-6000 

홈페이지: https://news.sbs.co.kr/ 
페이스북: https://www.facebook.com/sbs8news 
트위터: https://www.twitter.com/sbs8news
카카오톡: https://pf.kakao.com/_ewsdq
인스타그램: https://www.instagram.com/sbsnews

Copyright Ⓒ SBS. All rights reserved. 무단 전재, 재배포 및 AI학습 이용 금지",2024-07-01T07:04:01Z,233411,2692
gs-h6oFgcQY,동탄서 간 '무고 피해자' 사과하는 경찰에 '뜨악'  [뉴스.zip/MBC뉴스],MBCNEWS,"00:00 [뉴스 '꾹'] ""사과한다던 경찰, X 씹은 표정""..동탄청년 ""악성 민원인 된 듯"" (2024.07.04/MBC뉴스)
02:38 [뉴스 '꾹'] ""우리팀 아냐..공격 멈춰달라"" 동탄서 팀장의 '호소' (2024.07.02/MBC뉴스)
04:51 [뉴스 '꾹'] ""졸지에 할머니 성추행범 돼""..""CCTV 보면.."" 동탄 또 발칵 (2024.07.01/MBC뉴스)

#헬스장 #화성동탄경찰서 #여성청소년과ㅤ

ⓒ MBC & iMBC 무단 전재, 재배포 및 이용(AI학습 포함)금지",2024-07-05T23:44:36Z,322604,3992
Xz3lfEerJyw,요즘 MZ사이에 유행한다는 후회강간고소..,좋은변호사 - 남녀문제연구소 [안변TV],"#후회강간 #성범죄무고 
---------
막막하시죠? '좋은변호사'가 당신의 편이 되어 드리겠습니다.


✔상담신청방법 : https://illey.me/s/GDL

✔억울이 카페: https://cafe.naver.com/innocentman911

✔블로그(형사) : https://blog.naver.com/lawyerahn8535
✔블로그(이혼) : https://blog.naver.com/browne8535


#성범죄무고 #고소 #성범죄전문변호사 #성범죄 #준강간죄 #준강제추행 #안세훈변호사 #무고죄 #무고역고소

채널에 가입하여 혜택을 누려보세요.
https://www.youtube.com/channel/UCqgxgvu-AV4wy8q5uNPSZvQ/join",2025-05-08T15:31:42Z,172168,3614
lInyt3KsQUE,2026 성범죄 합의금 시세 이 정도라고!!?ㄷㄷ,좋은변호사 - 남녀문제연구소 [안변TV],"❗ 성범죄 사건은 첫 진술이 결과를 좌우합니다.
❗ 조사 전에 방향을 잘못 잡으면 되돌릴 수 없습니다.

▶ 상담 신청(24시간 접수): https://goodlawyerahn.com/reservation

✔ 전화 상담: 02-588-8004 (평일 9시~18시)
✔ 억울이 카페: https://cafe.naver.com/innocentman911

#성범죄 #성범죄전문변호사 #성범죄무고 #준강간 #강제추행 #고소대응

채널에 가입하여 혜택을 누려보세요.
https://www.youtube.com/channel/UCqgxgvu-AV4wy8q5uNPSZvQ/join",2026-03-11T09:01:06Z,17535,703
2y-7CZF0qnM,게임에 들어온 잡초같은 페미는 뿌리채 뽑아야지,지존조세,"트위치 :  

 / tusim90  

트윕 후원 : https://twip.kr/tusim90

투네이션 후원 : https://goo.gl/ZSwHji




광고, 돈, 숙제 아님
광고, 돈, 숙제 아님
광고, 돈, 숙제 아님
광고, 돈, 숙제 아님
광고, 돈, 숙제 아님
광고, 돈, 숙제 아님





유튜브
2019.1.7         10,000명
2019.0.18       20,000명
2019.3.14       30,000명
2019.4.19       40,000명
2019.4.30       50,000명
2019.6.6         60,000명
2019.7.8         70,000명
2019.9.2         80,000명
2019.10.12     90,000명
2019.11.01    100,000명
2019.11.29    110,000명
2019.12.31    120,000명
2020.03.17    130,000명
2020.08.06    140,000명
2020.10.21    150,000명
2021.02.10    160,000명
2021.05.21    170,000명
2021.08.20    180,000명
2021.09.10    190,000명
2022.01.22    200,000명
2022.04.20    210,000명
2022.08.12    220,000명
2022.10.10    230,000명
2023.04.10    240,000명
2023.08.15    250,000명
2023.11.22    260,000명",2023-11-28T12:00:05Z,520192,11547
nai3-5nbc6M,같이 일하는 동료에게 강제추행 고소당한 공무원.. 공무원 신분이 죄인 세상..,좋은변호사 - 남녀문제연구소 [안변TV],"❗ 성범죄 사건은 첫 진술이 결과를 좌우합니다.
❗ 조사 전에 방향을 잘못 잡으면 되돌릴 수 없습니다.

▶ 상담 신청(24시간 접수): https://goodlawyerahn.com/reservation

✔ 전화 상담: 02-588-8004 (평일 9시~18시)
✔ 억울이 카페: https://cafe.naver.com/innocentman911

✔블로그(형사) : https://blog.naver.com/lawyerahn8535
✔블로그(이혼) : https://blog.naver.com/browne8535


#성범죄 #성범죄전문변호사 #성범죄무고 #준강간 #강제추행 #고소대응 #안세훈변호사 

채널에 가입하여 혜택을 누려보세요.
https://www.youtube.com/channel/UCqgxgvu-AV4wy8q5uNPSZvQ/join",2026-05-19T09:00:50Z,5728,356
QGaRYR3_HOU,"성범죄 무혐의, 수사기관은 이 포인트에서 무죄를 확신합니다 | 성범죄전문변호사 안세훈",좋은변호사 - 남녀문제연구소 [안변TV],"안녕하세요, '좋은변호사' 안세훈 변호사입니다.

성범죄에 연루되는 순간 일상생활이 쉽지 않다는 점 잘 알고 있습니다. 그렇기 때문에 더더욱이 성범죄는 경찰/검찰단계에서 최대한 끝내는 것이 중요합니다. 

이번 콘텐츠에서는 수사기관이 어떤 포인트에서 성범죄의 무죄를 확신하는지에 대해 말씀드리겠습니다.

----------
너무 두려워하지 마십시오. 어떤 일이 벌어지고 어떻게 처리해야 할지 모두 잘 알고 있습니다.
억울하고 어려운 형사 사건, '좋은변호사'가 당신의 편이 되어 드리겠습니다.

✔상담신청방법 : 02-588-8004 (평일 9시~ 6시)

✔홈페이지: https://goodlawyer.com

✔블로그(형사) : https://blog.naver.com/lawyerahn8535


#경찰조사 #검찰조사 #성범죄전문변호사",2023-04-30T09:00:16Z,37387,540
ZVI7iSMVsGs,"""아빠가 성폭행"" 허위글 올린 딸 '실형' / SBS / 뉴블더",SBS 뉴스,"자신의 아버지에게 성폭행을 당했다는 글을 여러 차례 인터넷에 올린 30대 여성에게 법원이 실형을 선고했습니다.

아버지가 카페 운영자금 등을 지원해 주지 않자 불만을 품고 허위 사실을 유포한 혐의입니다.

37세 여성 A 씨는 지난해 5월 초부터 온라인 커뮤니티에 ""친족 성폭력 피해자입니다. 제발 봐주세요""라는 글을 11차례 올렸습니다.

A 씨는 친아버지에게 4살 무렵부터 지속적으로 성폭행을 당했고, 어머니도 폭력과 성폭행을 당했다며 아버지의 실명과 사업체 이름까지 모두 공개했습니다.

그러나 A 씨는 명예훼손과 업무방해, 모욕 등 혐의로 재판에 넘겨졌고, 법원은 A 씨에게 징역 10개월의 실형을 선고했습니다.

재판부는 A 씨가 상습적 성폭행을 당했다고 볼 구체적 자료나 정황을 전혀 제시하지 못했다고 밝혔습니다.

또 중학교 때인 2001년부터 아버지의 지원으로 중국과 미국으로 유학을 갔고, 귀국 뒤에도 아버지로부터 금전적 지원을 받아왔으며 2021년 카페 운영자금 명목으로 아버지에게 거액을 요구했다가 거절당하자 민사소송을 제기했고, 지난해 2월 경제적 어려움이 커지자 다시 금전 지원을 요청한 점에 주목했습니다.

재판부는 A 씨가 아버지가 금전적 지원을 거부한 것에 불만을 품고 허위 사실을 게시하거나 피해자를 모욕했다며, 피해자의 사회적 평가와 사업체에 매우 부정적 영향을 미치는 내용으로 죄가 중하다고 설명했습니다.

또 이미 훼손된 명예가 온전히 회복될 수 없는 상황이고 재범 위험성이 높으며 피해자들이 강력한 처벌을 바라고 있는 점을 감안해 실형 선고가 불가피하다고 양형 이유를 밝혔습니다.

(영상편집 : 김현숙, 디자인 : 석진선)


☞더 자세한 정보
https://news.sbs.co.kr/y/?id=N1008238575

☞[뉴블더] 기사 모아보기 
https://news.sbs.co.kr/y/t/?id=10000000332
 

#선고 #아빠가성폭행 #뉴블더 

▶SBS 뉴스 채널 구독하기 : https://n.sbs.co.kr/youtube 

♨지금 뜨거운 이슈, 함께 토론하기(스프 구독) : https://premium.sbs.co.kr

▶SBS 뉴스 라이브 : https://n.sbs.co.kr/youtubeLive , https://n.sbs.co.kr/live 

▶SBS 뉴스 제보하기
홈페이지: https://n.sbs.co.kr/inform 
애플리케이션: 'SBS뉴스' 앱 설치하고 제보 - https://n.sbs.co.kr/App 
카카오톡: 'SBS뉴스'와 친구 맺고 채팅 - https://pf.kakao.com/_ewsdq/chat 
페이스북: 'SBS뉴스' 메시지 전송 - https://www.facebook.com/sbs8news 
이메일: sbs8news@sbs.co.kr 
문자 # 누르고 6000 
전화: 02-2113-6000 

홈페이지: https://news.sbs.co.kr/ 
페이스북: https://www.facebook.com/sbs8news 
X: https://x.com/sbs8news
카카오톡: https://pf.kakao.com/_ewsdq
인스타그램: https://www.instagram.com/sbsnews
Thread: https://www.threads.com/@sbsnews

Copyright Ⓒ SBS. All rights reserved. 무단 전재, 재배포 및 AI학습 이용 금지",2025-09-01T07:24:01Z,441305,4256
ZPk-6asr_Lc,"""내 부하들 눈 돌아갔었다"", 국회에서 '안돼!' 외친 건.. [뉴스.zip/MBC뉴스]",MBCNEWS,"#PD수첩 #계엄군 #국회
#MBC #뉴스 #뉴스데스크 #MBC뉴스 #뉴스투데이 #뉴스ZIP #뉴스꾹 #오늘이뉴스 #자막뉴스
ㅤ
ⓒ MBC & iMBC 무단 전재, 재배포 및 이용(AI학습 포함)금지",2025-06-29T02:30:35Z,2535292,37935
C9H93Y38PEk,"원나잇 10원칙, 이것만 지켜도 고소확률 95% 낮춥니다(성범죄전문변호사)",좋은변호사 - 남녀문제연구소 [안변TV],"성범죄 고소의 80%가 원나잇에서 발생하는 사실을 알고 계신가요?
어쩔 수 없이 원나잇을 하게되는 상황이라면,
이 원칙만 지켜도 고소확률95%이상은 낮출 수 있습니다.

----------
너무 두려워하지 마십시오. 어떤 일이 벌어지고 어떻게 처리해야 할지 모두 잘 알고 있습니다.
억울하고 어려운 형사 사건, '좋은변호사'가 당신의 편이 되어 드리겠습니다.

✔상담신청방법 : 02-588-8004 (평일 9시~ 6시)

✔홈페이지: https://goodlawyerahn.com

✔블로그(형사) : https://blog.naver.com/lawyerahn8535


✔인스타(개인) : https://instagram.com/goodlawyer_ahn

              (채널) : https://instagram.com/goodlawyer_official 




#클럽 #성범죄무고 #성범죄 #무고 #형사전문변호사 #성범죄전문변호사 #원나잇 #성범죄",2024-02-15T09:00:06Z,629815,6616
QEnwaVUNCaU,"""가해자 대기업 다녀""…단박에 '업무 배제' 조치 / SBS / 뉴블더",SBS 뉴스,"20년 전 발생한 밀양 집단 성폭행 사건이 재조명받고 있죠.

사적 제재 논란 속에서도 가해자로 지목된 인물들에 대한 신상 폭로가 이어지면서 후폭풍도 계속되고 있는데요.

대기업에 다니고 있다며 세 번째로 신상이 공개된 가해 지목 남성은, 회사 측으로부터 임시 발령 조치를 받은 걸로 확인됐습니다.

한 유튜버가 밀양 집단 성폭행 사건의 가해자의 신상을 공개한다며 올린 영상입니다.

가해자로 지목된 남성 A 씨의 이름과 얼굴은 물론이고, 출신 학교, 재직 중인 대기업 정보까지 구체적으로 담겼습니다.

이 영상 조회수는 이틀 만에 60만 회까지 치솟았습니다.

파장이 커지면서 영상에 등장한 대기업은, 실제로 A 씨가 재직 중인 게 맞다고 밝혔습니다.

또, 일단 A 씨를 업무에서 배제하는 인사 조치를 내렸으며, 이에 대한 본인의 이의 제기는 없었다고 설명했습니다.

[대기업 관계자 : 현재 (A 씨가) 업무를 지속하기 어려울 것으로 판단해서 임시 발령 조치를 일단 했습니다.]

또 사실 관계를 조사해서, 결과에 따라 향후 조치를 검토하겠다고 밝혔습니다.

앞서 다른 유튜브 채널에서도, 다른 두 명의 남성을 가해자로 지목해 신상을 먼저 공개했는데요.

그러면서 ""피해자 가족 측의 동의를 받았다""고 주장했습니다.

하지만 피해자를 지원하는 단체 중 한 곳인, 한국 성폭력 상담소는 반발하고 나섰는데요.

지난 5일, 한국 성폭력 상담소는 입장문을 내고 ""피해자와 가족 모두 가해자 44명 모두의 신상을 공개하는 방향에 동의한 바 없다""고 밝혔습니다.

또, 이런 행위는 ""피해자 측의 일상 회복과 거리가 멀다""며 오히려 피해자 측이 신상 공개 영상을 삭제해 달라고 요청했다고 밝혔습니다.

유튜버들이 경쟁적인 사적 제재를 이어가면서, 결국 부작용으로 이어진 겁니다.

다만, 전문가들은 사법에 대한 불신이 사적 제재를 허용하는 사회 분위기를 조성하고 있다며 법원과 국회가 움직여서 무너진 사법 신뢰를 회복하는 게 중요하다고 강조합니다.

[이윤호/동국대 경찰행정학과 교수 : 사적제재가 순수하지 않아요, 이유는 돈이 걸려 있잖아요. (피해자는) 20년 전 일을 다시 겪어야 되니까 그게 더 큰 문제가 되는 것이죠. 이런 사적제재가 필요 없는 사회가 되도록 해야 된다는 거죠. 반성문 수십 번 썼다고 10년, 20년 깎아줘 이런 사법 제도를 누가 믿겠냐고요. 사법 불신이 없어진다면 사적제재 할 이유가 없죠. 대법원의 양형위원회가 있잖아요, 양형 기준을 올려야죠. 법이 없거나 부족해서 안 되면 국회에서 입법을 해야 될 것이고, 그게 우선이죠.]

(영상편집 : 문이진)

☞더 자세한 정보
https://news.sbs.co.kr/y/?id=N1007675508

☞[뉴블더] 기사 모아보기 
https://news.sbs.co.kr/y/t/?id=10000000332
 
#SBS뉴스 #뉴블더 #가해자 #밀양 #신상 

▶SBS 뉴스 채널 구독하기 : https://n.sbs.co.kr/youtube 

♨지금 뜨거운 이슈, 함께 토론하기(스프 구독) : https://premium.sbs.co.kr

▶SBS 뉴스 라이브 : https://n.sbs.co.kr/youtubeLive , https://n.sbs.co.kr/live 

▶SBS 뉴스 제보하기
홈페이지: https://n.sbs.co.kr/inform 
애플리케이션: 'SBS뉴스' 앱 설치하고 제보 - https://n.sbs.co.kr/App 
카카오톡: 'SBS뉴스'와 친구 맺고 채팅 - https://pf.kakao.com/_ewsdq/chat 
페이스북: 'SBS뉴스' 메시지 전송 - https://www.facebook.com/sbs8news 
이메일: sbs8news@sbs.co.kr 
문자 #누르고 6000 
전화: 02-2113-6000 

홈페이지: https://news.sbs.co.kr/ 
페이스북: https://www.facebook.com/sbs8news 
트위터: https://www.twitter.com/sbs8news
카카오톡: https://pf.kakao.com/_ewsdq
인스타그램: https://www.instagram.com/sbsnews

Copyright Ⓒ SBS. All rights reserved. 무단 전재, 재배포 및 AI학습 이용 금지",2024-06-07T07:04:06Z,458617,5048
DKrK3oXyMes,"""파도 같은 축하"" 품절 대란..해외서도 난리난 '한강' [뉴스.zip/MBC뉴스]",MBCNEWS,"00:00 한강 소설 가는 곳마다 '품절'‥""거대한 파도 같은 따뜻한 축하에 감사"" (2024.10.12/뉴스데스크/MBC)
02:02 ""노벨문학상 작품을 원서로""‥역사적인 수상 소식에 서점가 '들썩' (2024.10.11/뉴스데스크/MBC)
04:14 일본·중국·유럽‥전 세계가 한강 수상 축하 (2024.10.11/뉴스데스크/MBC)

#한강 #노벨문학상 #서점ㅤ
#MBC #뉴스 #뉴스데스크 #MBC뉴스 #뉴스투데이 #뉴스ZIP #뉴스꾹 #오늘이뉴스 #자막뉴스
ㅤ
ⓒ MBC & iMBC 무단 전재, 재배포 및 이용(AI학습 포함)금지",2024-10-13T06:46:52Z,227407,8790
Gmxu0lRjLjg,요즘들어 성범죄 무고가 늘고 있는 충격적 이유 5가지..,좋은변호사 - 남녀문제연구소 [안변TV],"이제는 뭉칩시다. 억울이 카페
https://cafe.naver.com/innocentman911

성범죄 무고 요즘들어 왜이렇게 늘고 있을까?
----------
너무 두려워하지 마십시오. 어떤 일이 벌어지고 어떻게 처리해야 할지 모두 잘 알고 있습니다.
억울하고 어려운 형사 사건, '좋은변호사'가 당신의 편이 되어 드리겠습니다.

✔상담신청방법 : 홈페이지 https://goodlawyerahn.com 상담예약 클릭

✔전화예약문의:02-588-8004 (평일 9시~ 6시)

✔블로그(형사) : https://blog.naver.com/lawyerahn8535


#고소 #성범죄전문변호사 #성범죄 #준강간죄 #준강제추행 #무고죄 #성범죄무고 #성범죄변호사 #안세훈변호사


채널에 가입하여 혜택을 누려보세요.
https://www.youtube.com/channel/UCqgxgvu-AV4wy8q5uNPSZvQ/join",2024-08-20T09:13:03Z,87207,3163
iQlK9nwsOA4,"국방과학연구소 ‘꽃뱀 몰이’…성폭력 피해자, 회의 중 창밖 투신 / JTBC 사건반장",JTBC News,"성폭력 피해자로 국방과학연구소 징계위원회에 출석했다가 모욕적인 언행을 들었다는 제보가 들어왔습니다. '꼬리 친 거 아니냐'는 취지의 질의를 받은 건데, 피해자는 충격을 받아 창문을 통해 뛰어내려 중상을 입었습니다.

▶ 시리즈 더 보기 https://www.youtube.com/playlist?list=PL3Eb1N33oAXijbwnIWKJbTgzfn0_Qwf3a

📢 지금, 이슈의 현장을 실시간으로!
☞JTBC 모바일라이브 시청하기 https://www.youtube.com/@jtbc_news/streams

☞JTBC유튜브 구독하기 (https://www.youtube.com/user/JTBC10news)
☞JTBC유튜브 커뮤니티 (https://www.youtube.com/user/JTBC10news/community)

#JTBC뉴스 공식 페이지
(홈페이지) https://news.jtbc.co.kr
(APP) https://news.jtbc.co.kr/Etc/SmartPhoneReport.aspx

페이스북 https://www.facebook.com/jtbcnews
X(트위터) https://twitter.com/JTBC_news
인스타그램 https://www.instagram.com/jtbcnews

☏ 제보하기 https://news.jtbc.co.kr/Etc/InterNetReport.aspx
방송사 : JTBC (https://jtbc.co.kr)",2024-11-08T12:20:19Z,1052521,12430
EoVx1l5znNc,"경찰조사 받을 때 가장 많이 하는 실수, 이것만 조심하세요! | 형사전문변호사 안세훈",좋은변호사 - 남녀문제연구소 [안변TV],"안녕하세요, '좋은변호사' 안세훈 변호사입니다.

어느 날 갑자기 경찰조사를 받으러 나오라고 연락을 받게 된다면, 언제 출석하는 게 좋을지, 어떻게 대처해야 할지 등 많이 당황하실 텐데요, 

이번 영상에서는 경찰조사 단계별로 많이 하는 실수와 대처 방법에 대하여 12년차 형사전문변호사가 자세히 알려 드리겠습니다!

----------
너무 두려워하지 마십시오. 어떤 일이 벌어지고 어떻게 처리해야 할지 모두 잘 알고 있습니다.
억울하고 어려운 형사 사건, '좋은변호사'가 당신의 편이 되어 드리겠습니다.

✔상담신청방법 : 02-588-8004 (평일 9시~ 6시)

✔홈페이지: https://goodlawyer.com

✔블로그(형사) : https://blog.naver.com/lawyerahn8535


#경찰조사 #경찰조사대처방법 #형사전문변호사",2023-04-23T09:00:07Z,91557,1718
jrT3SmKgrOo,대한민국 남자가 성범죄 무고에서 살아남는 방법  | 변호의 정석 형사전문변호사 장현오,변호의 정석,"안녕하세요, ‘변호의 정석’ 형사전문 장현오 변호사입니다.

이번 콘텐츠에서는 성범죄 무고 대응 방법에 대해 알아보겠습니다.

억울하게 성범죄 피의자가 되지 않으려면 녹음 등 당시 상황을 구체적인 증거로 남겨야 한다는 점은 이제 많은 분이 알고 계시는 것 같습니다.
본인의 주장을 뒷받침할 수 있는 증거가 확보되었다면 피해자의 일관된 진술처럼
피의자의 일관된 소명이 가장 중요할 것입니다.

형사 사건으로 억울한 상황에 처하신 분은 언제든 연락 주시면 도움 드리도록 하겠습니다.

📍SK법률사무소 홈페이지 : http://www.sklawyer.co.kr
📍SK법률사무소 대표전화 : 0507-1381-6341
🔍카카오톡 채널 예약문의 : pf.kakao.com/_psGnG
🔍네이버 예약문의 : naver.me/x95romkg

#성범죄무혐의 #성범죄고소 #성범죄 #무고 #경찰조사 #검찰조사 #성범죄조사 #무혐의 #경찰 #피의자진술 #피해자진술 #피의자신문조서 #성범죄변호사 #변호사선임 #성범죄전문변호사 #형사전문변호사 #장현오변호사 #서울대변호사",2024-09-15T11:00:47Z,44354,996
B4R_23OZYT4,성범죄변호사를 하며 느낀 인생진실 10가지,좋은변호사 - 남녀문제연구소 [안변TV],"이제는 뭉칩시다. 억울이 카페
https://cafe.naver.com/innocentman911

----------
너무 두려워하지 마십시오. 어떤 일이 벌어지고 어떻게 처리해야 할지 모두 잘 알고 있습니다.
억울하고 어려운 형사 사건, '좋은변호사'가 당신의 편이 되어 드리겠습니다.

✔상담신청방법 : 홈페이지 https://goodlawyerahn.com 상담예약 클릭

✔전화예약문의:02-588-8004 (평일 9시~ 6시)

✔블로그(형사) : https://blog.naver.com/lawyerahn8535


#고소 #성범죄전문변호사 #성범죄 #준강간죄 #준강제추행 #무고죄 #성범죄무고 #성범죄변호사 #안세훈변호사


채널에 가입하여 혜택을 누려보세요.
https://www.youtube.com/channel/UCqgxgvu-AV4wy8q5uNPSZvQ/join",2024-09-19T09:00:17Z,16058,901
MJKHQwNX3Uk,"검사님, 성범죄무고 처벌 왜 이렇게 힘든겁니까?",좋은변호사 - 남녀문제연구소 [안변TV],"성범죄는 유죄추정, 무고는 무죄추정.
왜 남자들은 기울어진 운동장에서 싸워야 할까?

----------
너무 두려워하지 마십시오. 어떤 일이 벌어지고 어떻게 처리해야 할지 모두 잘 알고 있습니다.
억울하고 어려운 형사 사건, '좋은변호사'가 당신의 편이 되어 드리겠습니다.

✔상담신청방법 : 02-588-8004 (평일 9시~ 6시)

✔홈페이지: https://goodlawyerahn.com

✔블로그(형사) : https://blog.naver.com/lawyerahn8535


#기울어진운동장 #고소 #무고죄  #성범죄전문변호사 #성범죄 #준강간죄 #준강제추행 #성범죄무고 #안세훈변호사

채널에 가입하여 혜택을 누려보세요.
https://www.youtube.com/channel/UCqgxgvu-AV4wy8q5uNPSZvQ/join",2024-04-24T05:56:44Z,23742,983
6P4iYOBw-sQ,게임에 페미가 나오는 이유,지존조세,"트위치 :  

 / tusim90  

트윕 후원 : https://twip.kr/tusim90

투네이션 후원 : https://goo.gl/ZSwHji




광고, 돈, 숙제 아님
광고, 돈, 숙제 아님
광고, 돈, 숙제 아님
광고, 돈, 숙제 아님
광고, 돈, 숙제 아님
광고, 돈, 숙제 아님





유튜브
2019.1.7         10,000명
2019.0.18       20,000명
2019.3.14       30,000명
2019.4.19       40,000명
2019.4.30       50,000명
2019.6.6         60,000명
2019.7.8         70,000명
2019.9.2         80,000명
2019.10.12     90,000명
2019.11.01    100,000명
2019.11.29    110,000명
2019.12.31    120,000명
2020.03.17    130,000명
2020.08.06    140,000명
2020.10.21    150,000명
2021.02.10    160,000명
2021.05.21    170,000명
2021.08.20    180,000명
2021.09.10    190,000명
2022.01.22    200,000명
2022.04.20    210,000명
2022.08.12    220,000명
2022.10.10    230,000명
2023.04.10    240,000명
2023.08.15    250,000명
2023.11.22    260,000명",2023-11-30T12:00:04Z,270530,6215
5bD3xJ3MDf4,[EP.1] 지상 최강의 생물에게 개인 PT 받는 배인규 대표,신 남성연대,"#흑자헬스 #유읽남 #용찬우 

월 1천원 정기후원하기
1877-0419
http://www.ihappynanum.com/Nanum/B/UEZ98N7YMH

남성연대 알람어플(무료)이 출시되었습니다. 플레이스토어 '남성연대' 검색
https://play.google.com/store/apps/details?id=org.androidtown.newmanpower

남성연대 공식계좌

196201-04-280975
국민 (주)신남성연대

남성연대 공식카페
https://cafe.naver.com/manpowernew

인스타그램 : inkyu.bae
https://instagram.com/inkyu.bae

공식연락처 010 4500 3435

자발적 구독료
196201-04-284692 국민 배인규

언제 입이 막혀버릴지 모르는 상황입니다.
번거로우시더라도 꼭 모여주시길 바랍니다. 감사합니다.",2023-08-01T15:23:28Z,70572,1927
qmo3zASNdp8,"여자들의 무고 공격, 역공필살 비법푼다..(하.. 영업비밀인데 이거..)",좋은변호사 - 남녀문제연구소 [안변TV],"무고공격 방어비책..!
영업비밀이지만 풉니다..


무고한 남성들이 사라지는 그날까지
안변은 오늘도 달립니다.


----------
너무 두려워하지 마십시오. 어떤 일이 벌어지고 어떻게 처리해야 할지 모두 잘 알고 있습니다.
억울하고 어려운 형사 사건, '좋은변호사'가 당신의 편이 되어 드리겠습니다.


✔상담신청방법 : 02-588-8004 (평일 9시~ 6시)


✔홈페이지: https://goodlawyerahn.com


✔블로그(형사) : https://blog.naver.com/lawyerahn8535



✔인스타(개인) : https://instagram.com/goodlawyer_ahn

              (채널) : https://instagram.com/goodlawyer_official 



#성범죄무고 #고소 #성범죄전문변호사 #성범죄 #준강간죄 #준강제추행 #안세훈변호사",2024-03-22T12:35:43Z,200664,11622
jF5H_9B_RwQ,훈련병 생활만 22개월. 전설의 훈련병 Fact체크,정훈장교TV,"훈련소에서 훈련병 신분으로 전역한 훈련병의 이야기가 있습니다. 
그는 무려 22.5개월을 훈련병으로만 살아왔다고 합니다.
계속된 부상이 주된 원인이었습니다.
하지만 그 이야기의 진위여부에 논란이 있습니다.
그러나 정훈장교는 오랜 추적과 조사 끝에 답을 알아냈습니다.
전설의 훈련병 이야기는 과연 사실인지 알아봅니다.

-------------------------------------------------------------------------------------------

📢BGM
★SEED - Conflict
➤https://youtu.be/WHnc-LOtCHk
➤나눔뮤직 - https://tv.naver.com/v/9561092

★육군훈련소 부대가
➤https://www.katc.mil.kr/katc/

-------------------------------------------------------------------------------------------

정훈장교는
방역 규칙을 준수하며 안전하게 편집을 진행했습니다.

-------------------------------------------------------------------------------------------
#전설의_훈련병",2021-09-20T03:03:08Z,1678,22
tV17VtAcw9M,워싱턴 기대면 될줄 알았나.. 거만한 '대미로비' 역풍 [뉴스.zip/MBC뉴스],MBCNEWS,"00:00 ""끊임없이 규제 회피"" 쿠팡‥한미 관계 '이간질' 로비까지 (2026.04.30/뉴스데스크/MBC)
02:07 ""대외문제에 자해"" 야당 지적‥'쿠팡 김범석'에도 ""법과 원칙"" 선그어 (2026.04.29/뉴스데스크/MBC)
03:57 정부 대미라인 대거 교체‥'쿠팡 로비'에도 강경 대응 (2026.04.30/뉴스데스크/MBC)

#쿠팡 #한미관계 #이간질 #로비 #이재명 #대외문제 #김범석 #동일인지정 #공정거래위원회
ㅤ
ⓒ MBC & iMBC 무단 전재, 재배포 및 이용(AI학습 포함)금지",2026-05-01T00:39:21Z,1657920,26563
-ErDs1gsz6w,쿠키런 모험의탑의 근황과 망해가는 이유,지존조세,"생방송 : 치지직

링크 : https://chzzk.naver.com/b9a295ea982b0f1e879e5cb646e4e23f

문의 : tusim@naver.com





광고, 돈, 숙제 아님
광고, 돈, 숙제 아님
광고, 돈, 숙제 아님
광고, 돈, 숙제 아님
광고, 돈, 숙제 아님
광고, 돈, 숙제 아님





유튜브
2019.1.7         10,000명
2019.0.18       20,000명
2019.3.14       30,000명
2019.4.19       40,000명
2019.4.30       50,000명
2019.6.6         60,000명
2019.7.8         70,000명
2019.9.2         80,000명
2019.10.12     90,000명
2019.11.01    100,000명
2019.11.29    110,000명
2019.12.31    120,000명
2020.03.17    130,000명
2020.08.06    140,000명
2020.10.21    150,000명
2021.02.10    160,000명
2021.05.21    170,000명
2021.08.20    180,000명
2021.09.10    190,000명
2022.01.22    200,000명
2022.04.20    210,000명
2022.08.12    220,000명
2022.10.10    230,000명
2023.04.10    240,000명
2023.08.15    250,000명
2023.11.22    260,000명
2024.04.02    270,000명
2024.07.13    280,000명",2024-10-20T10:41:58Z,562922,5703
vNBhTsr1m30,"""가격표 보자마자 포기""…옷 안 사는 요즘 사람들 / SBS / 뉴블더",SBS 뉴스,"경기 불황이 이어지면서 내수 시장에는 찬바람이 쌩쌩 불고 있습니다.

이미 굳게 닫힌 지갑은 이제 열릴 기미조차 보이지 않고 있는데요.

소매 판매지수를 살펴봤습니다.

백화점이나 대형 마트 등, 소매점들의 판매 실적을 조사해서 만드는 지수라서 사람들이 실제로 얼마나, 어떻게 소비했는지 보여주는데요.

올해 3분기를 보니까 지난해보다 1.9% 감소한 걸로 나타났습니다.

문제는 이 지수가 벌써 10분기, 그러니까 거의 2년 반째 계속 떨어지고 있다는 건데요.

이만큼 마이너스 상태가 길어지는 건 통계를 작성하기 시작한 1995년 이후로 처음이라고 합니다.

사람들이 구체적으로 어떤 품목에서 씀씀이를 줄였나 봤는데요.

가전제품처럼 고가의 내구재 수요가 떨어진 것도 컸지만 특히 눈에 띄는 부분이 바로 옷에 쓰는 돈을 줄인 경우가 많아졌단 겁니다.

의류 등 준 내구재 판매지수가, 지난해 같은 기간 대비 4.7% 감소한 걸로 나타난 건데요.

벌써 6개 분기 연속 감소세를 보이고 있습니다.

실제로 의류 업체들의 실적도 좋지 않습니다.

올 3분기 삼성물산 패션 부문의 매출과 영업이익은, 지난해보다 각각 5%, 36% 줄었고요, 영업이익만 따지면 같은 기간 한섬은 31%, 신세계 인터내셔널도 65%나 줄었습니다.

보통 경기가 안 좋아지면 소비자들이 가장 먼저 지갑을 닫는 대표적인 품목 중 하나가 의류라고 하는데요.

내수 경기가 부진한 상황이 역대급으로 길어지고 있는 상황을 고스란히 반영한 결과란 해석이 이어집니다.

[이은희/인하대 소비자학과 교수 : (의류는) 필수적 소비가 아니고, 이제 선택적 소비잖아요. 필수적 소비를 제외한 나머지 가처분 소득이 줄어들었죠. 이제 쓸 수 있는 돈이 솔직히 말하면 없으니까 선택적 소비재부터 줄여나간다 이렇게 볼 수가 있는 거죠. 국내 의류업자·의류업체들은 굉장히 고전을 면할 수가 없겠다….]

한편 옷 가격이 크게 오른 영향도 있습니다.

의류 물가는 지난해 10월엔 8% 넘게 상승하는 등, 오름세를 지속하면서 지난달에도 전년 대비 2.2% 오른 걸로 나타났습니다.

여기에다, 이상 고온 현상도 의류 소비 감소에 영향을 미친 걸로 보이는데요.

여름이 길어지면서 상대적으로 단가가 높은 가을 겨울철 외투 소비가 줄어든 측면이 있다는 게 의류 업계의 분석입니다.

(영상편집 : 문이진)


☞더 자세한 정보
https://news.sbs.co.kr/y/?id=N1007873227

☞[뉴블더] 기사 모아보기 
https://news.sbs.co.kr/y/t/?id=10000000332
 

#SBS뉴스 #뉴블더 #경기

▶SBS 뉴스 채널 구독하기 : https://n.sbs.co.kr/youtube 

♨지금 뜨거운 이슈, 함께 토론하기(스프 구독) : https://premium.sbs.co.kr

▶SBS 뉴스 라이브 : https://n.sbs.co.kr/youtubeLive , https://n.sbs.co.kr/live 

▶SBS 뉴스 제보하기
홈페이지: https://n.sbs.co.kr/inform 
애플리케이션: 'SBS뉴스' 앱 설치하고 제보 - https://n.sbs.co.kr/App 
카카오톡: 'SBS뉴스'와 친구 맺고 채팅 - https://pf.kakao.com/_ewsdq/chat 
페이스북: 'SBS뉴스' 메시지 전송 - https://www.facebook.com/sbs8news 
이메일: sbs8news@sbs.co.kr 
문자 # 누르고 6000 
전화: 02-2113-6000 

홈페이지: https://news.sbs.co.kr/ 
페이스북: https://www.facebook.com/sbs8news 
X(구:트위터): https://www.twitter.com/sbs8news
카카오톡: https://pf.kakao.com/_ewsdq
인스타그램: https://www.instagram.com/sbsnews

Copyright Ⓒ SBS. All rights reserved. 무단 전재, 재배포 및 AI학습 이용 금지",2024-11-14T07:56:46Z,1890811,9552
inrVnIrVAQA,왜 일본여자가 그렇게 인기가 많을까? ㅣ 이혼율로 따져봐도...,척언니,"#결혼 #연애 #남자 #여자 #30대 

📨문의 - g.noblechucksis@gmail.com

중매의 신이 만드는 당신의 인생2막
연애상담부터 결혼까지 언론에서 인정한 chuck sister

💚좋댓구알은 사랑입니다

🤍카카오톡 오픈채팅
     https://open.kakao.com/o/sBNnwIqg

💙상담문의
📞 1800 8186 
🖥️  https://gnoble.kr

💛카카오톡아이디
❤️ chuck_sister1

💜무료상담
📱 010 6653 8186

⚠️ 지극히 개인의 의견임을 밝힙니다.",2025-08-11T10:01:24Z,245092,4229
AYQHrNxNu8Y,"'청첩장' 눌러봤다 1억 날벼락 ""'꾹' 순간 휴대폰부터 접수"" [뉴스.zip/MBC뉴스]",MBCNEWS,"00:00 모바일 청첩장 잘못 눌렀다가.. 1억원 빠져나가 (2023.07.04/원주MBC)
01:33 [와글와글] '눈 깜짝할 새 당한다'‥신종 스미싱 등장 (2022.12.02/뉴스투데이/MBC)
02:41 [재택플러스] ""추석 택배 왔어요"" 주의보 (2022.09.02/뉴스투데이/MBC)

#모바일 #청첩장 #신종스미싱 ⓒ MBC&iMBC 무단 전재, 재배포 및 이용(AI학습 포함)금지",2023-07-08T03:33:57Z,794069,8073
9U3zDKuqtvM,말딸 망하냐? [우마무스메 평점 1.1 논란 사건 완벽 정리 .ver],지존조세,"지존조세 이메일 : tusim@naver.com



거의 한 편의 영화네 이건..



트위치 : https://www.twitch.tv/tusim90

트윕 후원 : https://twip.kr/tusim90

투네이션 후원 : https://goo.gl/ZSwHji





광고, 돈, 숙제 아님
광고, 돈, 숙제 아님
광고, 돈, 숙제 아님
광고, 돈, 숙제 아님
광고, 돈, 숙제 아님
광고, 돈, 숙제 아님




유튜브
2019.1.7         10,000명
2019.2.18       20,000명
2019.3.14       30,000명
2019.4.19       40,000명
2019.4.30       50,000명
2019.6.6         60,000명
2019.7.8         70,000명
2019.9.2         80,000명
2019.10.12     90,000명
2019.11.01    100,000명
2019.11.29    110,000명
2019.12.31    120,000명
2020.03.17    130,000명
2020.08.06    140,000명
2020.10.21    150,000명
2021.02.10    160,000명
2021.05.21    170,000명
2021.08.20    180,000명
2021.09.10    190,000명
2022.01.22    200,000명
2022.04.20    210,000명
2022.08.12    220,000명",2022-08-25T11:07:04Z,485874,7210
aL49FHbPBSQ,개꿀잼 국민의힘 토론회 하이라이트. 윤석열의 고백 '나 머리 나빠요',시사건건,"#국민의힘 #토론회 #윤석열
국민의힘 토론회는 역시 개꿀잼입니다. 윤석열의 뜬금 고백도 있었습니다. 
'저는 원래 말귀를 잘 못 알아듣습니다.'",2021-10-14T06:30:38Z,509748,22827
KNpj0CIKwIw,2026년 마비노기의 근황과 망해가는 이유,지존조세,"생방송 : 치지직

링크 : https://chzzk.naver.com/b9a295ea982b0f1e879e5cb646e4e23f

문의 : tusim@naver.com





광고, 돈, 숙제아님
광고, 돈, 숙제아님
광고, 돈, 숙제아님
광고, 돈, 숙제아님
광고, 돈, 숙제아님
광고, 돈, 숙제아님
광고, 돈, 숙제아님
광고, 돈, 숙제아님
광고, 돈, 숙제아님






유튜브
2019.1.7         10,000명
2019.0.18       20,000명
2019.3.14       30,000명
2019.4.19       40,000명
2019.4.30       50,000명
2019.6.6         60,000명
2019.7.8         70,000명
2019.9.2         80,000명
2019.10.12     90,000명
2019.11.01    100,000명
2019.11.29    110,000명
2019.12.31    120,000명
2020.03.17    130,000명
2020.08.06    140,000명
2020.10.21    150,000명
2021.02.10    160,000명
2021.05.21    170,000명
2021.08.20    180,000명
2021.09.10    190,000명
2022.01.22    200,000명
2022.04.20    210,000명
2022.08.12    220,000명
2022.10.10    230,000명
2023.04.10    240,000명
2023.08.15    250,000명
2023.11.22    260,000명
2024.04.02    270,000명
2024.07.13    280,000명
2024.10.30    290,000명
2025.05.29    300,000명
2025.11.10    310,000명",2026-03-12T12:00:37Z,248104,3029
2nTTu1FyTQg,"""이건 혐오가 아니라 '생존 본능'입니다"" 한국 남자들이 상자를 닫아버린 진짜 이유",척언니,"""중매의 신이 만드는 당신의 인생 2막""
지노블과 척언니가 여러분과 함께합니다.

▬▬▬▬▬▬▬▬▬▬▬▬영상 내에 음악 출처▬▬▬▬▬▬▬▬▬▬▬▬
🎵Music provided by 브금대통령
🎵Track : A Cup of Tea - https://www.youtube.com/watch?v=3D7jbL-0hkE&t=14s
▬▬▬▬▬▬▬▬▬▬▬▬▬▬▬▬▬▬▬▬▬▬▬▬▬▬▬▬▬▬▬▬▬▬▬▬▬

#결혼현실 #팩폭 #결혼 #사랑 #결정사 #결혼시장 #하이퍼가미 #썩은귤상자이론 #팩폭 #남녀심리 #척언니 

📨문의 - g.noblechucksis@gmail.com

중매의 신이 만드는 당신의 인생2막
연애상담부터 결혼까지 언론에서 인정한 chuck sister

💚좋댓구알은 사랑입니다

🤍카카오톡 오픈채팅
     https://open.kakao.com/o/sBNnwIqg

💙상담문의
📞 1800 8186 
🖥️  https://gnoble.kr

💛카카오톡아이디
❤️ chuck_sister1

💜무료상담
📱 010 6653 8186

⚠️ 지극히 개인의 의견임을 밝힙니다.",2025-12-02T13:41:54Z,57945,1287
6DMGWzFkEcE,남녀가 가장 많이 하는 착각 모음집,한방언니,"결혼, 연애에 대한 모든 고민을 시원하게!!
커플매니저 16년 경력의 결혼정보대표가 함께 소통하는 이야기 공간!
💘상담 문의: https://noblemariage.com/consulting/?v=6DMGWzFkEcE

💬 카카오톡 상담 : https://pf.kakao.com/_dvVxgT
※카카오톡 상담 시 사칭 계정 주의!
※카카오톡 상담은 반드시 링크로만 추가해 주세요! (검색 ❌ / 아이디 입력 ❌)

📞대표번호 : 1522-7555
 
※ 본 영상 내용은 개인적인 사견임을 밝힙니다

#연애 #결혼 #착각",2023-08-06T03:00:06Z,345997,4198
FDbx2ACTIgY,남자와 여자의 이상형이 서로 다른 진짜 이유,한방언니,"결혼, 연애에 대한 모든 고민을 시원하게!!
커플매니저 16년 경력의 결혼정보대표가 함께 소통하는 이야기 공간!
💘상담 문의: https://noblemariage.com/consulting/?v=FDbx2ACTIgY

💬 카카오톡 상담 : https://pf.kakao.com/_dvVxgT
※카카오톡 상담 시 사칭 계정 주의!
※카카오톡 상담은 반드시 링크로만 추가해 주세요! (검색 ❌ / 아이디 입력 ❌)

📞대표번호 : 1522-7555
 
※ 본 영상 내용은 개인적인 사견임을 밝힙니다

#이상형 #결혼 #결혼상대",2023-08-19T11:00:09Z,195522,2674
s27qp6CL5DM,"[뉴스하이킥] 해킹 스스로 학습하는 최상위 AI 미토스 나왔다..AI가 촉발하는 인류의 위기? - 박태웅, MBC 260421 방송",MBC 라디오 시사,"2026년 4월 21일 [권순표의 뉴스 하이킥]

[이슈하이킥2]
스스로 해킹하는 AI의 등장

| 출연 : 박태웅 녹서포럼 의장

| 권순표의 뉴스 하이킥 |

◇ 홈페이지: https://www.imbc.com/broad/radio/fm/newshigh/
◇ 네이버TV: https://tv.naver.com/mbc.mbcradionewsntalk

#MBC라디오 #권순표의뉴스하이킥 #뉴스하이킥 #시사라디오 #권순표",2026-04-22T11:34:57Z,138333,1438
ZeT1skHOXOA,"[뉴스하이킥] 스타벅스 '5·18' 논란에 분개한 재원쌤이 들려주는 5월 광주 그리고 우리의 자세 - 김재원, MBC 260521 방송",MBC 라디오 시사,"2026년 5월 21일 [권순표의 뉴스 하이킥]

[이슈하이킥1]
역사학자로서 본 스타벅스 ‘5·18’ 논란은?

| 출연 : 가톨릭대학교 국사학과 김재원 교수

| 권순표의 뉴스 하이킥 |

◇ 홈페이지: https://www.imbc.com/broad/radio/fm/newshigh/
◇ 네이버TV: https://tv.naver.com/mbc.mbcradionewsntalk

#MBC라디오 #권순표의뉴스하이킥 #뉴스하이킥 #시사라디오 #권순표",2026-05-21T11:14:15Z,189261,4975
Kd0AnbxYFQ0,"어딜 도망가! ""내려! 내려!"" 큰 차들이 나서자 꼬리를.. [뉴스.zip/MBC뉴스]",MBCNEWS,"00:00 [자막뉴스] ""어억!! 앞에 버스 좀 세워주세요!""..다급한 외침을 들은 기사는.. (2023.04.17/MBC뉴스)
01:47 [자막뉴스] “내 앞으론 절대 못 지나가지..”갑자기 나타난 레미콘이 ‘스윽’ (2023.03.05/MBC뉴스) 
03:42 [자막뉴스] ""어어! 저차 왜 저래 약먹었나!""  그때 집게 손을 쫙 벌리더니 (2023.03.12/MBC뉴스)


#버스 #굴착기 #레미콘 ⓒ MBC&iMBC 무단 전재, 재배포 및 이용(AI학습 포함)금지",2023-04-23T04:18:46Z,4100182,18295
LpWVunRgmrA,직장 잃은 137만 명…초단시간 근로는 역대 최다 / SBS / 뉴블더,SBS 뉴스,"지난해 원치 않게 일자리를 잃은 사람들이 137만 명이 넘는 것으로 집계됐습니다.

전년보다 10만 6천여 명, 약 8% 정도가 늘어난 규모인데요.

가사나 육아를 위해, 또는 정년이 도래했거나 급여가 마음에 들지 않아 자발적으로 회사를 떠난 것이 아닌, 다니고 있던 회사가 없어지거나 정리해고를 당한 경우, 그리고 사업 부진 등 이유로 직장을 그만둔 사람이 여기 해당합니다.

이런 비자발적 퇴직은 지난 2020년 코로나19로 급증했다가, 그 이후 줄어드는 추세였지만, 최근 경기가 어려워지면서 다시 늘어났습니다.

지난해 비자발적 퇴직은 전체 퇴직자의 42.9%로 집계됐는데요.

정년퇴직 등으로 퇴직한 사람들의 8.3배 규모로 나타났습니다.

경기 부진의 지표라 할 수 있는 실업자 통계와 함께 눈에 띄었던 건, '단기 근로자'가 지난해 통계 작성 이후 최대 규모를 기록했다는 건데요.

주 36시간 미만 취업자는 국내 전체 취업자 3명 중 1명인 881만 명으로 집계됐습니다.

또 근무시간이 주 17시간 이하인 '초단시간 근로자'도 전년보다 10.2% 늘어난 250만 명으로, 역대 최대 규모를 기록했습니다.

초단시간 근로자는 법률상, 통상 1주의 소정 근로시간을 채우면 지급되는 주휴수당 지급 대상에서 제외되는데요.

4대 보험 가운데 산재보험을 제외하고 국민연금, 건강보험, 고용보험의 의무 가입 대상이 아니기 때문에 퇴직금과 휴일수당, 연차휴가 규정도 적용되지 않습니다.

이런 초단시간 근로자가 늘어난 데엔, 청년들이 취업난으로 목표하는 직장에 취업하기 전, 생활비라도 벌고자 단기 일자리를 구하는 경향이 심해지고, 고용주나 사업장 입장에서도 주휴수당 등의 인건비를 줄이기 위해, 일자리를 쪼개는 경향이 심화된 영향으로 풀이되는데요.

단기 취업자 수 증가와 함께 지난해 청년 근로자 중 '쉬었음' 인구는 전년보다 2만 1천 명이 늘어난 42만 1천 명을 기록했습니다.

(영상편집 : 문이진, 디자인 : 김규연·박천웅)


☞더 자세한 정보
https://news.sbs.co.kr/y/?id=N1007968626

☞[뉴블더] 기사 모아보기 
https://news.sbs.co.kr/y/t/?id=10000000332
 

#SBS뉴스 #직장 #근로자 #고용 #경제

▶SBS 뉴스 채널 구독하기 : https://n.sbs.co.kr/youtube 

♨지금 뜨거운 이슈, 함께 토론하기(스프 구독) : https://premium.sbs.co.kr

▶SBS 뉴스 라이브 : https://n.sbs.co.kr/youtubeLive , https://n.sbs.co.kr/live 

▶SBS 뉴스 제보하기
홈페이지: https://n.sbs.co.kr/inform 
애플리케이션: 'SBS뉴스' 앱 설치하고 제보 - https://n.sbs.co.kr/App 
카카오톡: 'SBS뉴스'와 친구 맺고 채팅 - https://pf.kakao.com/_ewsdq/chat 
페이스북: 'SBS뉴스' 메시지 전송 - https://www.facebook.com/sbs8news 
이메일: sbs8news@sbs.co.kr 
문자 # 누르고 6000 
전화: 02-2113-6000 

홈페이지: https://news.sbs.co.kr/ 
페이스북: https://www.facebook.com/sbs8news 
X(구:트위터): https://www.twitter.com/sbs8news
카카오톡: https://pf.kakao.com/_ewsdq
인스타그램: https://www.instagram.com/sbsnews

Copyright Ⓒ SBS. All rights reserved. 무단 전재, 재배포 및 AI학습 이용 금지",2025-02-03T07:47:28Z,49878,309
LclWjFGSomw,"[뉴스 '꾹'] ""졸지에 할머니 성추행범 돼""..""CCTV 보면.."" 동탄 또 발칵 (2024.07.01/MBC뉴스)",MBCNEWS,"#화성동탄서 #동탄경찰서 #동탄화장실

ⓒ MBC & iMBC 무단 전재, 재배포 및 이용(AI학습 포함)금지",2024-07-01T09:33:32Z,936955,13569
spj_nWAf0d4,"여친에 소변누고 삭발 '바리캉남' 父 ""우리 애 기사 날만큼 흉악범 아냐"" [뉴스.zip/MBC뉴스]",MBCNEWS,"00:00 [실화Pick] 바리캉 폭행남 삭발된 채 구조된 내 딸 (2023.8.10/실화탐사대/MBC)
04:42 [단독] 여친 머리 밀고 소변에 촬영까지‥공소장에 드러난 끔찍한 '교제폭력' (2023.08.16/뉴스데스크/MBC)

#바리캉 #폭행 #교제폭력 ⓒ MBC&iMBC 무단 전재, 재배포 및 이용(AI학습 포함)금지",2023-08-17T06:37:00Z,2045904,25371
nTjUCO6DWj8,오죽하면 미국 본사마저..'세계 3위' 뿌리째 '흔들' [뉴스.zip/MBC뉴스],MBCNEWS,"00:00 스타벅스 본사 ""철저히 조사 중""‥브랜드 훼손 책임 묻나? (2026.05.20/뉴스데스크/MBC)
02:15 기괴한 '탱크' 마케팅‥결국 터진 '극우 리스크' (2026.05.20/뉴스투데이/MBC)
04:01 '스벅 탈퇴' 줄줄이‥'머그컵 박살' 인증샷도 (2026.05.20/뉴스투데이/MBC)

#신세계그룹 #정용진 #스타벅스 #본사 #라이선스 #탱크데이 #5·18민주화운동
#MBC #뉴스 #뉴스데스크 #MBC뉴스 #뉴스투데이 #뉴스ZIP #뉴스꾹 #오늘이뉴스 #자막뉴스
ㅤ
ⓒ MBC & iMBC 무단 전재, 재배포 및 이용(AI학습 포함)금지",2026-05-21T00:04:44Z,1275553,17222
qYyoggbRY34,정부 대미라인 대거 교체‥'쿠팡 로비'에도 강경 대응 (2026.04.30/뉴스데스크/MBC),MBCNEWS,"미국 측이 쿠팡 문제를 이유로 안보 협의까지 늦추고 있다는 상황에서, 우리 정부가 이례적으로 서울과 워싱턴의 대미 외교 당국자들을 한 번에 교체했습니다.
쿠팡의 로비 결과로 의심되는 미국 측 압박에, 사실관계를 바로잡는 답신을 보내는 등의 대응책도 준비하고 있는데요.ㅤ

https://imnews.imbc.com/replay/2026/nwdesk/article/6819246_37004.html

#미국 #쿠팡 #개인정보유출 #로비 #외교부 #대미라인 #서한
#MBC #뉴스 #뉴스데스크 #MBC뉴스 #뉴스투데이
ㅤ
ⓒ MBC & iMBC 무단 전재, 재배포 및 이용(AI학습 포함)금지",2026-04-30T11:09:58Z,329849,7825
NeDrIyYOWk8,"""결혼 축하해 주러 와야지?""...경찰관 된 '학폭 가해자' / SBS / 뉴블더",SBS 뉴스,"17년 전 자신을 괴롭혔던 학교폭력 가해자가 경찰관이 됐다는 폭로가 온라인을 통해 확산하고 있습니다.

심지어 자신의 결혼식에 오라며 청첩장까지 보내왔다고 주장했는데요.

사람들의 비판이 쏟아졌는데, 가해자로 지목된 경찰관은 사실과 다르다고 주장한 것으로 알려졌습니다.

최근 직장인 익명 앱에 올라온 글입니다.

학교폭력 가해자가 경찰관이 돼서 자신에게 청첩장을 보내왔다는 내용인데요.

글쓴이 A 씨는 ""갑작스러운 초대로 괴롭힘을 당하던 17년 전 중학생 시절이 다시 떠올라서 매우 불쾌하고 혼란스러웠다""며 ""가해자가, 현직 경찰이란 사실에 무언가 크게 잘못됐다는 생각이 들었다""고 밝혔습니다.

이어 A 씨는 구체적으로 자신이 겪었던 피해 내용을 설명했는데요.

경찰관 B 씨가 돈을 주지 않은 채 매점 심부름을 시키거나, 교실에서 얼굴을 밟는 등 신체적 폭력을 가했다고 주장했습니다.

또 휴대전화를 빼앗아 문자 메시지를 마음대로 보냈으며, 바닥에 떨어진 벌레까지 먹게 했다고 썼습니다.

A 씨는 처음 연락을 받고 무시했지만, 이틀 후 B 씨로부터 '왜 답장을 하지 않냐'는 메시지가 오자, 선을 넘었다는 생각이 들어 신부 측에 이 사실을 알렸다고도 설명했습니다.

이후 B 씨로부터, '명예훼손으로 고소하겠다'는 통보를 받았다고도 전했는데요.

한편 이런 폭로 글이 확산하면서 경찰관 B 씨가 소속된 강원경찰청 게시판 등에는 반성과 사과를 요구하는 비판 글이 쏟아졌습니다.

다만 B 씨는 ""경찰 조직에 심려를 끼쳐 죄송하다""면서도, ""A 씨의 주장은 사실과 다르다""며 법적 조치 등 책임을 묻겠다고 밝힌 것으로 알려졌고요.

강원경찰청은 B 씨에 대한 직위 해제나 징계 처분을 검토했지만, 해당 경찰관이 입직하기 전 사안이어서 국가공무원법을 적용할 수 없고 징계 조치도 어렵다고 결론냈습니다.

(영상편집 : 문이진)


☞더 자세한 정보
https://news.sbs.co.kr/y/?id=N1007806445

☞[뉴블더] 기사 모아보기 
https://news.sbs.co.kr/y/t/?id=10000000332
 

#SBS뉴스 #뉴블더 #경찰

▶SBS 뉴스 채널 구독하기 : https://n.sbs.co.kr/youtube 

♨지금 뜨거운 이슈, 함께 토론하기(스프 구독) : https://premium.sbs.co.kr

▶SBS 뉴스 라이브 : https://n.sbs.co.kr/youtubeLive , https://n.sbs.co.kr/live 

▶SBS 뉴스 제보하기
홈페이지: https://n.sbs.co.kr/inform 
애플리케이션: 'SBS뉴스' 앱 설치하고 제보 - https://n.sbs.co.kr/App 
카카오톡: 'SBS뉴스'와 친구 맺고 채팅 - https://pf.kakao.com/_ewsdq/chat 
페이스북: 'SBS뉴스' 메시지 전송 - https://www.facebook.com/sbs8news 
이메일: sbs8news@sbs.co.kr 
문자 # 누르고 6000 
전화: 02-2113-6000 

홈페이지: https://news.sbs.co.kr/ 
페이스북: https://www.facebook.com/sbs8news 
X(구:트위터): https://www.twitter.com/sbs8news
카카오톡: https://pf.kakao.com/_ewsdq
인스타그램: https://www.instagram.com/sbsnews

Copyright Ⓒ SBS. All rights reserved. 무단 전재, 재배포 및 AI학습 이용 금지",2024-09-20T07:17:00Z,455587,3616
JQTnSR0yH2Q,"[자막뉴스] ""답장 없어..큰일 났네 이거"" 전세피해 기자도 당했다 (MBC뉴스)",MBCNEWS,"#전세사기 #연락두절 #전세 ⓒ MBC&iMBC 무단 전재, 재배포 및 이용(AI학습 포함)금지",2023-04-29T00:00:21Z,1187454,13281
tVrwivMmmE4,"'퇴로 열었다..선택은 자유', 송파 현장 가보니 '술렁' [뉴스.zip/MBC뉴스]",MBCNEWS,"00:00 무주택자가 사면 실거주 최대 2년 유예‥'전세 낀 집' 나올까, 시장 '꿈틀' (2026.02.10/뉴스데스크/MBC)
02:18 보유세 인상 분위기 속 매물 늘어‥1주택자도 '팔자' 동참 (2026.02.09/뉴스데스크/MBC)
04:29 ""부동산 불법행위 뿌리 뽑는다""‥'투기꾼 잡는' 부동산감독원법 발의 (2026.02.10/뉴스데스크/MBC)

#다주택자 #양도세 #중과유예 #무주택자 #실거주의무 #이재명대통령 #구윤철
#MBC #뉴스 #뉴스데스크 #MBC뉴스 #뉴스투데이 #뉴스ZIP #뉴스꾹 #오늘이뉴스 #자막뉴스
ㅤ
ⓒ MBC & iMBC 무단 전재, 재배포 및 이용(AI학습 포함)금지",2026-02-11T01:00:40Z,310335,3265
d7XzJN0ktXo,"""이재명 대통령에게 송구"".. 그나마 인정한 '한 명' [뉴스.zip/MBC뉴스]",MBCNEWS,"[스트레이트] '허위 폭로'‥이렇게 완성됐다 (2026년 5월 24일)

#스트레이트 #조폭연루설 #국제마피아파 #허위폭로 #김용판 #박영하 #김진태ㅤ
#MBC #뉴스 #뉴스데스크 #MBC뉴스 #뉴스투데이 #뉴스ZIP #뉴스꾹 #오늘이뉴스 #자막뉴스
ㅤ
ⓒ MBC & iMBC 무단 전재, 재배포 및 이용(AI학습 포함)금지",2026-05-25T07:35:52Z,186951,6039
cSjNCIlJt-U,"""밝은 목소리 자제 좀""…상상 초월 학부모들 / SBS / 뉴블더",SBS 뉴스,"최근 심각한 교권 침해 사례가 알려지면서 우려의 목소리가 커지고 있습니다.

실제로 교권을 보호받지 못하고 있다고 생각한 선생님이, 70%에 달했습니다.

한국 교원단체 총연합회가 지난 스승의 날에 조사한 건데요.

교직에 만족하고 행복하다는 선생님은 고작 5명 중 1명에 그쳐서 역대 최저를 기록했고요.

교직 생활 중 가장 큰 어려움이 뭔지 물었더니, 문제행동 학생에 대한 생활지도라는 응답이 30%로 가장 많았고, 학부모 민원이 그다음이었습니다.

온라인에는 '교권 침해 사례 모음 페이지'까지 등장했는데, 약 500개에 가까운 제보가 쏟아졌습니다.

""선생님의 최신형 휴대 전화를 보고 아이가 사달라고 조르니, 앞으로 쓰지 말아 달라는 학부모 전화가 걸려 왔다""

""학부모 전화 상담을 하던 중, 나는 지금 기분 나쁜데 왜 밝은 목소리로 통화하냐면서 실제로 교육청 민원까지 받았다.""

""아이에게 내준 숙제가 부부 싸움으로 이어졌다며 학부모로부터 '당신 가정파괴범이야'라는 말과 함께 욕설을 들었다""

""문제 행동 아이 어머님께 전화를 드렸더니 '선생님, 처녀죠 애는 낳아보셨나요.'라는 말을 들었다""

이 페이지에 올라온 교사들의 제보는 끝이 나질 않을 정도로 이어지고 있습니다.

진작에 우리 사회가 더 큰 관심을 갖고 함께 해법을 모색해야 했지만, 진지한 논의는 더디기만 한 게 아니었나 하는 생각이 듭니다.

얼마 전에는 자녀가 같은 반 친구와 다퉜다는 소식을 듣고 담임 교사에게 항의하는 한 초등학교 학부모의 음성이 SBS 보도를 통해 전해지면서 공분이 일기도 했습니다.

[학부모 : 밥 처먹고 학교에서 하는 일이 뭐고, 도대체? 당신은 어디에 있는데? 교무실로 가면 되나?]

[교사 : 지금 말씀이 너무 지나치십니다.]

[학부모 : 야!]

해당 학부모가 상대 학생을 전학시키라고 요구하더니 교사에게 거친 말을 쏟은 겁니다.

앞서 지난해에는 충남의 한 중학교에서 수업 중 갑자기 한 남학생이 교단에 올라와 누워 휴대전화를 하는 영상이 퍼지기도 했습니다.

[같은 반 학생 : 와 저게 맞는 행동이야?]

수년 전에는 경기도의 한 고등학교에서 30대 교사가 학생에게 빗자루로 얻어맞는 모습이 담긴 영상이 퍼지며 큰 충격을 줬습니다.

[같은 반 학생 : 특종이다, 특종. 아프겠다. 선생님 힘내요, 얘들아 선생님한테 그러면 안 돼.]

[빗자루 든 학생 : 야, 이 XXX아!]

밑바닥으로 떨어진 교권을 어떡할 거냐는 논란에, 지난달 말에서야 교사에게 학생의 생활 지도권을 부여한다는 아주 당연한 내용을 담은 법안이 시행됐습니다.

하지만 현장에서는 이것만으로는 턱없이 부족하다는 의견이 나옵니다.

기존 초중등교육법에는 '교사는 법령에서 정하는 바에 따라 학생을 교육한다'고 규정했습니다.

그래서 학생에 대한 생활지도가 교육 활동에 포함되는지 명확하지 않았는데요.

이 때문에 교사들이 생활지도 행위로 학부모 등으로부터 고소·고발을 당하는 일이 빈번했습니다.

그래서 법과 시행령을 개정해서 '교원이 학생의 생활 전반에 관한 조언, 훈육 등의 조치를 할 수 있다'고 명시하게 된 겁니다.

그래도 실제 교육 현장을 바꾸기에는 아직 부족하다는 게 교원 단체 주장입니다.

좀 더 구체적인 생활지도 방식과 유형이 필요하다는 겁니다.

[조성철/한국교원단체총연합회 대변인 : 실질적으로 수업 방해 행위가 일어났을 때 어떻게 할 수 있냐, 그게 중요한 거잖아요. 지금은 이제 수업 방해가 있는 대로 다 일어난 다음에 나중에 일주일, 열흘 후에 열리는 교권보호위원회에서 학생들이나 학부모가 코웃음 칠 만한 그냥 처분 정도로 끝난단 말이에요. 이를테면 수업 방해나 이런 게 있을 때, 제자리에 서 있어, 뒤로 나가 서 있어 또는 교무실에 가서 반성하고 있어, 반성문 쓰고 있어. 이런 구체적인 것들, 구체적으로 선생님이 조치 지도할 수 있는 생활 지도 방식 내용 기준에 대해서 빨리 고시로….]

여기에다 현재 국회에 계류 중인 교사의 정당한 학생 생활지도에 면책특권을 주는 이른바 '학부모 갑질 방지법'과 교권 침해 내용을 생활기록부에 기재하도록 하는 법안이 조속히 통과돼야 한다고 주장합니다.

무엇보다도 학부모의 인식 개선도 필요하다고 당부했습니다.

[조성철/한국교원단체총연합회 대변인 : 어떠한 법과 제도도 완벽하지 못하고, 법 제도에 앞서서 우리 모든 학생, 그리고 내 자녀의 올바른 교육을 위해서는 우선적으로 학교, 그러니까 교원과 학부모가 협력적인 교육 관계를 유지해야 되고 결국은 교원의 교권을 존중하는 또 교원을 존중하고 교권을 보호해 주는 그런 문화 그런 의식 전환이 가장 중요하다고 봅니다.]

교사 단체에 접수된 교권 침해 신고는 6년 만에 가장 많아졌고, 아동학대로 신고당해서 소송까지 간 건수는 4년 새 2배 넘게 늘었습니다.

이렇다 보니 교사들은 최소한의 보호 수단으로 보험에 가입하고 있는 실정입니다.

바로 교권 침해 보험이라는 건데요.

5년 만에 가입자 수는 5배 가까이 늘었습니다.


☞더 자세한 정보
https://news.sbs.co.kr/y/?id=N1007277879
 

#SBS뉴스 #뉴블더 #교권추락 #교권 

▶SBS 뉴스 채널 구독하기 : https://n.sbs.co.kr/youtube 

♨지금 뜨거운 이슈, 함께 토론하기(스프 구독) : https://premium.sbs.co.kr

▶SBS 뉴스 라이브 : https://n.sbs.co.kr/youtubeLive , https://n.sbs.co.kr/live 

▶SBS 뉴스 제보하기
홈페이지: https://n.sbs.co.kr/inform 
애플리케이션: 'SBS뉴스' 앱 설치하고 제보 - https://n.sbs.co.kr/App 
카카오톡: 'SBS뉴스'와 친구 맺고 채팅 - https://pf.kakao.com/_ewsdq/chat 
페이스북: 'SBS뉴스' 메시지 전송 - https://www.facebook.com/sbs8news 
이메일: sbs8news@sbs.co.kr 
문자 #누르고 6000 
전화: 02-2113-6000 

홈페이지: https://news.sbs.co.kr/ 
페이스북: https://www.facebook.com/sbs8news 
트위터: https://www.twitter.com/sbs8news
카카오톡: https://pf.kakao.com/_ewsdq
인스타그램: https://www.instagram.com/sbsnews",2023-07-21T07:03:57Z,1642737,16084
MiRO29jPhwM,"'멸공' 이제라도 수습하려는데..""공산당!"" 외치며 급등판 [뉴스.zip/MBC뉴스]",MBCNEWS,"00:00 스타벅스 '탱크데이', 정용진이 대국민 사과한다‥자체 진상조사 결과도 발표 (2026.05.24/뉴스데스크/MBC)
01:31 ""스벅 들고 투표장 가자"" 외친 장동혁‥당내선 ""장동혁 리스크"" 쓴소리 (2026.05.24/뉴스데스크/MBC)
02:19 야당 ""이성 상실, 적당히 하라""‥정용진 과거 행각 보고도 이런 말이? (2026.05.24/뉴스데스크/MBC)

#신세계그룹 #정용진 #대국민사과 #스타벅스
#MBC #뉴스 #뉴스데스크 #MBC뉴스 #뉴스투데이 #뉴스ZIP #뉴스꾹 #오늘이뉴스 #자막뉴스

ⓒ MBC & iMBC 무단 전재, 재배포 및 이용(AI학습 포함)금지",2026-05-25T00:33:03Z,532819,10298
izEiVz7uGcc,"""어딜 도망가!"" 달려든 시민들 만만하게 봤다가 '패대기' [뉴스.zip/MBC뉴스]",MBCNEWS,"00:00 흉기 든 은행강도‥끈질기게 따라붙은 직원·시민에 붙잡혀 (2023.02.01/뉴스데스크/MBC)
01:33 ""경찰 아저씨 여기 타세요!"" 갑자기 나타난 추격전 '치트키' (2022.10.15/MBC뉴스)
03:01 '덜덜 떨렸다'며 멱살잡고 '패대기' 강도 제압한 20대 여성 정체가? (2023.01.20/MBC뉴스)

#강도 #시민 #제압 ⓒ MBC&iMBC 무단 전재, 재배포 및 이용(AI학습 포함)금지",2023-02-04T03:51:24Z,3158807,18655
mnsVlIUXB2w,이화영 이어 남욱도 '터졌다' 검찰 방어선 흔들리나 [뉴스.zip/MBC뉴스],MBCNEWS,"00:00 ""정진상 뇌물, 법정 가서 얘기하라해"" 남욱 추가 폭로 (2025.10.24/뉴스데스크/MBC)
01:51 [자막뉴스] ""말 바꾸니 검사가 귤 까줬나?"" 또 '남욱 폭탄' 법정 출렁 (2025.10.18/MBC뉴스)
03:42 '연어·술 파티 의혹' 당일‥술 반입 암시 김성태 녹취록 확인 (2025.10.20/뉴스데스크/MBC)
05:37 '연어·술파티' 서울고검이 감찰‥수사검사 ""은폐 주장 터무니없어"" (2025.09.18/뉴스데스크/MBC)

#대장동 #정진상 #남욱 #유동규
#MBC #뉴스 #뉴스데스크 #MBC뉴스 #뉴스투데이 #뉴스ZIP #뉴스꾹 #오늘이뉴스 #자막뉴스
ㅤ
ⓒ MBC & iMBC 무단 전재, 재배포 및 이용(AI학습 포함)금지",2025-10-25T23:00:47Z,509999,7911
7qDEs2E6uvw,"""전쟁 끝나길 원하냐고요?"".. 이스라엘 청년의 섬뜩한 대답 [뉴스.zip/MBC뉴스]",MBCNEWS,"[PD수첩] ""이스라엘은 왜?"" - 2026년 5월 19일

#PD수첩 #이스라엘 #이란 #휴전 #협상 #반대
#MBC #뉴스 #뉴스데스크 #MBC뉴스 #뉴스투데이 #뉴스ZIP #뉴스꾹 #오늘이뉴스 #자막뉴스
ㅤ
ⓒ MBC & iMBC 무단 전재, 재배포 및 이용(AI학습 포함)금지",2026-05-22T23:00:05Z,619813,7102
sVvp_DPgFZE,공소시효 '4년' 앞두고…18년 만에 붙잡힌 자매 성폭행범 / JTBC 사건반장,JTBC News,"2006년 언니와 자취하던 중 괴한에게 성폭행을 당한 피해자의 제보가 들어왔습니다. 18년만에 범인이 잡혀 검찰이 징역 25년을 구형한 가운데, 피해자는 극심한 고통을 호소하고 있습니다.

▶ 시리즈 더 보기 https://www.youtube.com/playlist?list=PL3Eb1N33oAXijbwnIWKJbTgzfn0_Qwf3a

📢 지금, 이슈의 현장을 실시간으로!
☞JTBC 모바일라이브 시청하기 https://www.youtube.com/@jtbc_news/streams

☞JTBC유튜브 구독하기 (https://www.youtube.com/user/JTBC10news)
☞JTBC유튜브 커뮤니티 (https://www.youtube.com/user/JTBC10news/community)

#JTBC뉴스 공식 페이지
(홈페이지) https://news.jtbc.co.kr
(APP) https://news.jtbc.co.kr/Etc/SmartPhoneReport.aspx

페이스북 https://www.facebook.com/jtbcnews
X(트위터) https://twitter.com/JTBC_news
인스타그램 https://www.instagram.com/jtbcnews

☏ 제보하기 https://news.jtbc.co.kr/Etc/InterNetReport.aspx
방송사 : JTBC (https://jtbc.co.kr)",2024-11-01T12:24:43Z,1440001,14143
pZws_AxGxP0,실체 들통난 '그림자 임원'..공정위 일격에 '발칵' [뉴스.zip/MBC뉴스],MBCNEWS,"00:00 공정위, 김범석 쿠팡 총수 지정‥쿠팡 ""미국 기업에 대한 차별적 규제"" (2026.04.29/뉴스데스크/MBC)
01:57 이 ""대외 문제에 자해행위 안 돼""‥쿠팡 원칙대로 (2026.04.30/뉴스투데이/MBC)
03:47 ""김범석 동생이 한국 법인 부사장""‥쿠팡 대기업 총수 지정되나? (2025.12.29/뉴스데스크/MBC)

#쿠팡 #김범석 #대기업총수 #동일인 #개인정보유출사태 #한미FTA
#MBC #뉴스 #뉴스데스크 #MBC뉴스 #뉴스투데이 #뉴스ZIP #뉴스꾹 #오늘이뉴스 #자막뉴스
ㅤ
ⓒ MBC & iMBC 무단 전재, 재배포 및 이용(AI학습 포함)금지",2026-04-30T00:25:35Z,332614,5207
MbJQ5twZTi4,"'비육사' 참군인들 상받았다.. ""군인정신 지켜낸 항명"" [뉴스.zip/MBC뉴스]",MBCNEWS,"00:00 '내란' 막은 군인들 포상‥박정훈 대령도 보국훈장 (2025.09.23/뉴스데스크/MBC)
01:43 'X자' 그리며 ""절대 안 돼!"".. '尹 격노'에도 미동 없던 표정 (2025.06.29/MBC뉴스)
07:57 비상계엄 위법 명령 '항명'한 군인들‥'내란 거부' 포상한다 (2025.07.18/뉴스데스크/MBC)

#비상계엄 #군인 #보국훈장 #포상
#MBC #뉴스 #뉴스데스크 #MBC뉴스 #뉴스투데이 #뉴스ZIP #뉴스꾹 #오늘이뉴스 #자막뉴스
ㅤ
ⓒ MBC & iMBC 무단 전재, 재배포 및 이용(AI학습 포함)금지",2025-09-24T02:16:44Z,1028849,18774
xnwR7j_S1b0,"""일본인이세요?"" ""아닌데요"" 이걸 왜 묻나 했더니.. [뉴스.zip/MBC뉴스]",MBCNEWS,"00:00 히메지성 내·외국인 입장료 6배 차이‥일본 이중가격제 확산 (2024.06.20/뉴스데스크/MBC)
02:03 ""외국인은 만원 더 내라""‥도쿄 뷔페식당 이중가격제 논란 (2024.05.06/뉴스데스크/MBC)
03:53 오사카 외국인 관광객에 '징수금' 추진 논란 (2024.03.08/뉴스데스크/MBC)

#일본 #히메지성 #입장료
ㅤ
ⓒ MBC & iMBC 무단 전재, 재배포 및 이용(AI학습 포함)금지",2024-06-23T02:18:33Z,600091,5193
36zNS1gtCrM,"[뉴스하이킥] 긴박하고 아찔했던 불법계엄 그날의 기록...이명세 감독의 [란 12.3] - 이명세, MBC 260415 방송",MBC 라디오 시사,"2026년 4월 15일 [권순표의 뉴스 하이킥]

[이슈하이킥]
계엄 다룬 다큐 영화 [란 12.3]

| 출연 : 이명세 감독

| 권순표의 뉴스 하이킥 |

◇ 홈페이지: https://www.imbc.com/broad/radio/fm/newshigh/
◇ 네이버TV: https://tv.naver.com/mbc.mbcradionewsntalk

#MBC라디오 #권순표의뉴스하이킥 #뉴스하이킥 #시사라디오 #권순표",2026-04-15T11:21:35Z,298064,6805
F5wV7EZ9CjU,"""그 아파트 경매한대..우린 괜찮지?"" 깡통전세 감별기 돌려봤더니.. [뉴스.zip/MBC뉴스]",MBCNEWS,"00:00 [단독] 실거래가 전수조사 ""10집 중 4집 '깡통전세' 우려"" (2023.03.14/뉴스데스크/MBC)
04:21 '건축왕' 전세사기 후폭풍‥690여 채 경매행 (2023.03.16/뉴스투데이/MBC)
06:07 보증금 떼이고 줄줄이 강제이사‥""정부 대책 도움 안 돼요"" (2023.02.27/뉴스데스크/MBC)


#전세사기 #깡통전세감별기 #건축왕 ⓒ MBC&iMBC 무단 전재, 재배포 및 이용(AI학습 포함)금지",2023-03-18T23:27:24Z,190619,1963
c3KVhck4658,윤상현 ‘공범 회유 녹취’ 공개… 수사 대비해 증거 인멸 교사 - 뉴스타파,뉴스타파 Newstapa,"지난해 9월 24일 뉴스타파는 국민의힘 윤상현 의원이 인천의 한 홍보업체로부터 2023년 1월부터 약 1년 반 동안 공짜 홍보 콘텐츠를 수수했다고 보도했습니다.

그런데 뉴스타파 보도 5일 후, 윤상현 의원이 홍보업체 대표를 불러내 변호사를 붙여주겠다며, 증거인멸을 지시하는 등 회유한 사실이 확인됐습니다. 증거인멸 우려는 수사기관이 구속영장을 청구하는, 법원이 구속영장을 발부하는 대표적인 사유입니다.

뉴스타파는 윤상현 의원의 회유 녹음파일을 입수했습니다.

👉 더 상세한 내용을 기사로 확인하세요 : https://newstapa.org/

취재 : 전혁수, 최혜정
촬영 : 김동진
C.G. : 정동우
편집 : 김은별
디자인 : 이도현
출판 : 임승은

※Music source : Habi Music 
#뉴스타파 #newstapa #탐사보도 #진실 #비영리 #독립언론

👉 뉴스타파는 광고와 협찬없이 회원들의 후원금으로만 운영됩니다. 뉴스타파에 힘을 보태주세요 : https://newstapa.org/donate_info
👉 해외에서는 Paypal을 통해 후원하실 수 있습니다. Paypal 후원하기 : https://url.kr/7n3hfe",2026-05-07T05:40:58Z,375554,14321
w3BzZbNBndc,"[현장영상] ""오 시장한테 보고 왜 안 했나?"" 기자 쓴소리…서울시 반응이 / JTBC News",JTBC News,"김성보 서울시장 권한대행(행정2부시장)은 오늘(25일) 서울시청 브리핑룸에서 기자 설명회를 열고 영동대로 복합개발사업 철근누락 사태와 관련해 서울시가 ""어떠한 은폐나 누락은 없었다""고 밝혔습니다.

또 시공오류를 발견했을 당시 안전상에 문제가 없었기 때문에 오세훈 서울시장에게 따로 보고하지 않았다고 했습니다.

📌 시리즈 더 보기 https://www.youtube.com/playlist?list=PL3Eb1N33oAXjCEO3GGEP6B0RvIVj8SNLB

📢 지금, 이슈의 현장을 실시간으로!
☞JTBC 모바일라이브 시청하기 https://www.youtube.com/@jtbc_news/streams

☞JTBC유튜브 구독하기 (https://www.youtube.com/user/JTBC10news)
☞JTBC유튜브 커뮤니티 (https://www.youtube.com/user/JTBC10news/community)

#JTBC뉴스 공식 페이지 https://news.jtbc.co.kr

페이스북 https://www.facebook.com/jtbcnews
X(트위터) https://twitter.com/JTBC_news
인스타그램 https://www.instagram.com/jtbcnews

☏ 제보하기 https://news.jtbc.co.kr/report
방송사 : JTBC (https://jtbc.co.kr)",2026-05-25T08:45:03Z,12494,429
naV77UkAbng,"[뉴스하이킥] 미-이란 전쟁에 국제증시 여전히 출렁...개미들에게 필요한 자세는? - 곽상준, MBC 260325 방송",MBC 라디오 시사,"2026년 3월 25일 [권순표의 뉴스 하이킥]

[이슈하이킥1]
연일 롤러코스터 장세…대응 전략은?

| 출연 : 곽상준 매트릭스 투자자문 대표

| 권순표의 뉴스 하이킥 |

◇ 홈페이지: https://www.imbc.com/broad/radio/fm/newshigh/
◇ 네이버TV: https://tv.naver.com/mbc.mbcradionewsntalk

#MBC라디오 #권순표의뉴스하이킥 #뉴스하이킥 #시사라디오 #권순표",2026-03-25T11:16:24Z,278193,2331
QEzaxehny-Q,"[🥊류병수의 강펀치] 주진우 ""김형태는 이화영을 방어하는게 아니라 이재명을 방어하는 것"" Ep. 207",뉴스TVCHOSUN,"#주진우 #이화영 #류병수 

[TV조선 뉴스·시사 프로그램｜유튜브 라이브 방송시간]

📡 월~금 06:50 강스라이팅 (유튜브)
📡 월~금 07:30 뉴스퍼레이드
📡 월        08:40 네트워크 매거진
📡 월~금 09:00 신통방통 
📡 월~금 10:20 강펀치 (유튜브)
📡 월~금 13:00 보도본부 핫라인
📡 월~금 14:30 사건파일 24
📡 월~금 17:20 시사쇼 정치다
📡 월~금 21:00 뉴스9
📡 월~목 21:50 윤정호의 뉴스 더 (유튜브)
📡 토~일 14:00 뉴스현장
📡 토~일 19:00 뉴스7

[Ch.19]  사실을 보고 진실을 말합니다.

👍🏻 공식 홈페이지 http://news.tvchosun.com/
👍🏻 공식  페이스북 https://www.facebook.com/tvchosunnews/
👍🏻 공식 트위터 https://twitter.com/TVChosunNews

* 뉴스제보 : 이메일(tvchosun@chosun.com), 카카오톡(tv조선제보), 전화(1661-0190)",2024-10-09T08:53:18Z,163271,3284
FDM0kDVSf1k,"'명품백 봐주기' 청문회 시동 ""김여사 부르자"" ""인민재판"" [뉴스.zip/MBC뉴스]",MBCNEWS,"00:00 여야, 또 '빈손 회동'‥연일 청문회 예고로 압박 나선 민주당 (2024.06.17/뉴스데스크/MBC)
02:09 [오늘 이 뉴스] ""조만간 결단"" 우원식 최후통첩..""6월 국회 반드시 가동해야"" (2024.06.17/MBC뉴스)

#국민의힘 #더불어민주당 #우원식ㅤ

ⓒ MBC & iMBC 무단 전재, 재배포 및 이용(AI학습 포함)금지",2024-06-17T23:49:44Z,71794,2050
iCBIV-wcd_c,"윤 VS 홍 뒤집힌 여론조사, 최소 8건 조작 확인... 명태균 “외부 유출하는 거” - 뉴스타파",뉴스타파 Newstapa,"명태균 씨가 실질 운영한 것으로 알려진 업체 '미래한국연구소'의 비공표 여론조사 보고서가 최소 8건 조작된 사실이 확인됐습니다. 그중에는 홍준표 후보에게 밀려 지지율 2위에 머물던 윤석열 후보가, 조작 이후 1위로 올라선 사례도 있었습니다. 

또 명태균 씨는 여론조사 보고서 작성을 독촉하며 ""외부 유출하는 것"" 이라고 말하기도 했습니다. 명 씨가 윤석열 후보에게 유리한 여론을 조성할 목적으로, 조작된 여론조사 결과를 유출한 것 아니냐는 의혹도 제기됩니다.

👉 더 상세한 내용을 기사로 확인하세요 : https://newstapa.org/article/_VFZ-

※Music source : Habi Music 
#명태균 #윤석열 #홍준표 #여론조사 #조작 #대통령선거 #국민의힘 #경선 #뉴스타파 #newstapa #탐사보도 #진실 #비영리 #독립언론

👉 뉴스타파는 광고와 협찬없이 회원들의 후원금으로만 운영됩니다. 뉴스타파에 힘을 보태주세요 : https://newstapa.org/donate_info
👉 해외에서는 Paypal을 통해 후원하실 수 있습니다. Paypal 후원하기 : https://url.kr/7n3hfe",2024-10-28T01:00:21Z,113815,4512
fxP_yKL_nE8,"이진우 진술 공개, 수방사가 '반란군'인 이유’ - 뉴스타파",뉴스타파 Newstapa,"뉴스타파는 [다시 쓰는 공소장] 프로젝트에서 12·3 내란의날, 우리 군의 불법적인 작전의 실체를 '반란'으로 재규정하는 작업을 하고 있습니다.

취재팀이 수사 기록을 검토한 결과, 당시 국방장관 김용현의 하수인이 된 특전, 수방사령관 가운데 적어도 이진우 수방사령관은 합동참모본부의 지휘통제 없이는 병력을 출동시킬 수 없다는 점을 명확히 알고 있었던 것으로 확인됐습니다.

현재 이 전 사령관은 군사법원 재판에서 '무죄'를 주장하고 있습니다. 정당한 주장일까요? 그는 자신의 주장을 스스로 반박하는 검찰 조사에서 수두룩하게 남겼습니다. 오늘 보도에서 공개합니다.

👉 더 상세한 내용을 기사로 확인하세요 : https://newstapa.org/article/

※Music source : Habi Music 
#123내란 #반란 #수방사 #이진우 #뉴스타파 #newstapa #탐사보도 #진실 #비영리 #독립언론

👉 뉴스타파는 광고와 협찬없이 회원들의 후원금으로만 운영됩니다. 뉴스타파에 힘을 보태주세요 : https://newstapa.org/donate_info
👉 해외에서는 Paypal을 통해 후원하실 수 있습니다. Paypal 후원하기 : https://url.kr/7n3hfe",2025-04-17T09:43:00Z,1237372,28707
j714vCY8jjI,"[단독] !!백광현의 긴급제보!! 남욱 증인 돌연 철회한 민주당?! ""추가 폭로 녹취가 두려운거죠""[엄튜브]",뉴스TVCHOSUN,"민주당이 대장동 국조특위에 신청했던 남욱 증인을 돌연 철회했습니다.
#엄튜브 #대장동 #이재명

[TV조선 뉴스·시사 프로그램｜유튜브 라이브 방송시간]

📡 월~금 07:30 뉴스퍼레이드
📡 월        08:40 네트워크 매거진
📡 월~금 09:00 신통방통 
📡 월~금 10:20 류병수의 강펀치 (유튜브)
📡 월~금 13:00 보도본부 핫라인
📡 월~금 14:00 엄튜브 라이브 (유튜브)
📡 월~금 14:30 사건파일 24
📡 월~금 16:00 뉴스트라다무스 (유튜브)
📡 월~금 17:20 시사쇼 정치다
📡 월~금 21:00 뉴스9
📡 월 10:00, 목 14:00 투시경 (유튜브)
📡 토~일 14:00 뉴스현장
📡 토~일 17:40 시사쇼 정치다
📡 토~일 19:00 뉴스7

[Ch.19]  사실을 보고 진실을 말합니다.

👍🏻 공식 홈페이지 http://news.tvchosun.com/
👍🏻 공식  페이스북 https://www.facebook.com/tvchosunnews/
👍🏻 공식 트위터 https://twitter.com/TVChosunNews

* 뉴스제보 : 이메일(tvchosun@chosun.com), 카카오톡(tv조선제보), 전화(1661-0190)",2026-04-22T09:51:15Z,115035,3991
EiOsf02uvLI,"[민심어때] '40대 39' 대구시장 한 방은 어느 쪽?…""평택을 전혀 예측 안 돼"" / SBS / 주영진의 뉴스브리핑",SBS 뉴스,"[주영진 뉴스브리핑]

인터뷰를 인용보도할 때는 프로그램명 'SBS 〈주영진 뉴스브리핑〉'을 정확히 밝혀주시기 바랍니다. 저작권은 SBS에 있습니다.

■ 방송 : SBS 〈주영진 뉴스브리핑〉 월~금 (14:00~15:20)
■ 진행 : 주영진 앵커
■ 대담 : 김봉신 메타보이스 대표, 배종찬 인사이트케이 연구소장
--------------------------------------------

● 민심 어때?

배종찬 / 인사이트케이 연구소장
""전북, 김관영 '분노 공감대' 얼마나 결집하느냐가 선거 결과 가를 듯""
""부산 박형준, 국민의힘 지지율은 얻었으나 현역 프리미엄 안 나와""
""서울, 무당층 변수 10% 안팎…TV 토론·투표율까지 봐야""

김봉신 / 메타보이스 대표
""대구, 보수 결집 보이지만 가속 안 붙어""
""김부겸, 대구의 민주당 비호감도에 발목 잡힌 느낌""
""서울, 격차 줄고 있지만 '골든크로스' 없어…새로운 모멘텀 필요""

※ 자세한 내용은 동영상으로 확인하실 수 있습니다.

 

#SBS뉴스 #뉴스 #실시간 

Copyright Ⓒ SBS. All rights reserved. 무단 전재, 재배포 및 AI학습 이용 금지",2026-05-22T07:19:55Z,53115,375
7xLgZpBF-yo,'네 발의 소방관' 토백이‥은퇴 뒤엔 어디로 (2026.05.25/뉴스투데이/MBC),MBCNEWS,"불길 속, 사람의 손이 닿지 않는 곳에 언제나 먼저 뛰어들었던 존재들이 있습니다.

바로 대한민국 소방인명구조견인데요.

수년간 현장을 누비며 여러 국민들의 생명을 구한 구조견들이 최근 은퇴를 맞았는데요.

https://imnews.imbc.com/replay/2026/nwtoday/article/6825000_37012.html

#소방인명구조견 #119 #토백이ㅤ
#MBC #뉴스 #뉴스데스크 #MBC뉴스 #뉴스투데이
ㅤ
ⓒ MBC & iMBC 무단 전재, 재배포 및 이용(AI학습 포함)금지",2026-05-25T05:57:35Z,3204,131
MTSLWpZYj2I,"""넌 오늘 여기서 죽는 거야"" 접근금지될 때마다 더 끔찍해졌다 / SBS / AFTER 8NEWS",SBS 뉴스,"00:00 인트로
00:54 ""교회에서랑 너무 달랐다"" 믿었던 집사의 배신
02:32 접근금지도 소용없었다... 더 끔찍해진 보복
03:48 구치소에서 '위증 시나리오'까지..내용은?
04:54 반복된 교제폭력...왜 벗어날 수 없었나?

지난 9월 서울 영등포의 한 건물 안 CCTV입니다. 한 남성이 여성의 머리채를 잡아 흔들고 여성은 옷이 찢어진 상태로 끌려가지 않으려고 난간을 붙잡고 버팁니다.

[피해 여성 : 제 손가락을 펴려고 하고 안 되니까 머리채를 잡고 막…전 들어가면 어떻게 될지 아니까…]

40대 남성 A씨가 사실혼 관계의 연인인 30대 여성을 피해자 집으로 끌고 들어가 폭행하려는 장면입니다. A씨는 방으로 끌고 들어간 여성의 목을 졸라 기절시키고 흉기까지 휘둘렀습니다.

[피해 여성 : (집 안에) 끌려 들어가자마자 발길질. 얼굴, 머리 발길질. 계속 밟았어요. 몸이랑 상반신. 목을 조른 후에 제가 기절했어요.]

그런데 A씨의 이런 폭행 SBS 취재 결과 한두 번이 아닌 무려 6개월 이상 지속된 보복범죄였습니다. 피해자의 경찰 신고와 법원의 접근금지 명령이 있었는데도 A씨는 어떻게 끔찍한 교제 폭력을 반년 넘게 자행했던 걸까요?

1. ""교회에서랑 너무 달랐다"" 믿었던 집사의 배신
피해자와 A씨는 지난해 말 한 사교모임 단체 대화방에서 서로를 알게 되면서 교제를 시작했습니다. A씨가 집사로 활동하는 교회에도 함께 다니면서 신앙생활도 했습니다.

[피해 여성 : 연애하면서 건강해지는 느낌을 받겠다라고 처음에 교회 갈 때는 그렇게 생각을 했는데 교회에서랑 저랑 단둘이 있을 때랑 그 모습이 너무 다른 거예요 그냥 아예 반대.]

그러나 교제를 시작한 지 3개월이 지난 시점부터 A씨의 폭력이 시작됩니다. 지난 3월 술을 마시다가 피해자와 말다툼을 벌인 A씨는 자기 피해자의 얼굴을 때리고 팔을 잡아 끌며 벽에 밀칩니다. 경찰에 신고하려 하자 A씨는 ""경찰관이 따라가면 너네 집을 내가 안 찾아갈 것 같냐""며 협박까지 서슴지 않았습니다. 경찰 신고가 접수되면서 피해자를 향한 A씨의 폭행은 제동이 걸려야 했지만, 그렇지 않았습니다. A씨는 경찰 수사가 시작되자 오히려 피해자를 폭행과 명예훼손 혐의로 고소한 뒤 피해자만 볼 수 있는 SNS 프로필에 글을 올립니다. '잘 해봐라, 변호사가 딱 한 번 전화할 거다. 그게 마지막 배려다'라고 적힌 협박 문구였습니다. A씨는 심지어 피해자에 대한 고소를 눈앞에서 취하하면서 '봐라. 이렇게 간단하다, 네가 날 신고한 것도 취하하라'며 사건 무마를 종용하기까지 합니다. 협박과 강요에 겁먹은 피해자에게 A씨는 미리 써 온 처벌불원서와 합의서를 들이밀었습니다. 사건을 수사하던 경찰은 지난 5월 피해자 보호를 위해 A씨에게 한 달간 100m이내 접근금지, 전기통신을 이용한 연락금지 임시조치를 내립니다. 그런데 채 하루도 지나지 않아서 A씨는 피해자를 찾아갔고 분리는 이뤄지지 않았습니다.

2. 접근금지도 소용없었다... 더 끔찍해진 보복
법원이 두 달간의 접근 금지를 다시 내렸지만 A씨는 또 아랑곳하지 않고 공중전화로 피해자에게 전화를 걸었습니다. 임시 조치를 어기겠다고 마음만 먹으면 너무나 손쉽게 가해자가 피해자에게 접근할 수 있는 상황이었던 겁니다. 이때부터 A씨의 범행은 더욱 심해집니다. 여성의 집으로 찾아와 복부를 걷어차면서 가족들을 해치겠다고 말하고 경찰에 또 신고할 거냐면서 피해자 휴대전화를 빼앗고 1시간 동안 가둬놓기까지 합니다. 두 차례 접근금지를 위반한 것도 모자라서 피해자에게 보복 폭행까지 일삼은 겁니다.
법을 위반하면서 피해자를 찾아가 범행까지 되풀이한 A씨에게 법원은 한달간 구치소 구금이라는 철퇴를 내립니다. 이걸로 피해자는 A씨에게서 벗어났을까요? 아닙니다. 구치소에서 풀려난 A씨는 또다시 피해자를 찾아갑니다. 놀란 피해자가 A씨에게서 벗어나기 위해 발버둥 쳤지만 CCTV 화면처럼 A씨는 여성의 머리채를 잡아당기며 폭행했고 집으로 끌고 들어가 케이블 타이로 여성의 손과 발을 묶었습니다. 보복에 보복을 반복해오면서 범행은 더욱 끔찍해진 겁니다.

[피해 여성 : '쑤셔버린다' 이렇게 막 폭언을 했죠. 입에 담기도 어려운. 여기저기 베였어요. 아킬레스건, 허벅지. 너무 맞아서 정신이 너무 없었어요. 피가 얼굴에서 너무 흘러서.]

3. 구치소에서 '위증 시나리오'까지..내용은?
3월부터 9월까지 반복된 교제폭력, A씨에게 적용된 혐의만 8개입니다. A씨는 구속 상태로 재판에 넘겨졌는데 여기서 끝이 아니었습니다. 구치소 안에서 손편지를 써서 피해자에게 보낸 겁니다. '사랑한다. 너밖에 없다. 이제 정말 정신 차렸다'면서 자신을 위해 법정에서 위증을 해달라는 내용이었습니다. 심지어 재판부와 검사에게 이렇게 답변하라는 예상 시나리오까지 짜서 보냈습니다.

[피해 여성 : 위증 교사 편지가 12장이었어요. 피해자와의 관계 개선 또는 혼인 사실 언급을 해야 감형, 처벌 수위를 낮추는 데 도움이 된다고…]

A씨는 피해자에 대한 폭행 이전에도 보복운전 등 다수의 전과 기록이 있는 인물이었습니다. 특히 폭행이 시작된 3월은 다른 혐의로 선고된 집행유예 기간, 즉 누범기간이었던 걸로 파악됐습니다. A씨가 집사로 일한 교회 측은 ""A씨가 좋은 사람이다, 교회에 와서 평안을 찾았다""며 별다른 입장을 내놓지 않았습니다.

[교회 관계자 : 교회에 오셔서 평안을 찾고…좋은 분이시고 지금도 좋은 분인데…]

4. 반복된 교제폭력...왜 벗어날 수 없었나?
왜 반복되는 교제폭력 벗어날 수 없었을까? 피해자는 왜 교제폭력으로부터 벗어날 수 없었을까요? 연인 사이에 교제 폭력은 매년 증가해 지난해 신고 건수는 8만 8천 건을 웃돌았습니다. 문제는 이에 상응하는 피해자 안전 조치가 이뤄지지 않고 있다는 점입니다. 경찰청 통계에 따르면 피해자 안전 조치는 매년 3천여 건 수준에 머물고 있는데, 신고 건수와 달리 오히려 조금씩 감소했습니다. 가해자와 피해자를 분리하는 가장 실효적인 방법인 검거 피의자 구속은 전체의 2% 안팎에 그쳤습니다. 또 A씨에게 적용된 폭행과 협박 같은 혐의는 반의사불벌죄, 피해자의 의사에 반하면 벌할 수 없는 죄목이라서 A씨가 피해자에게 처벌불원서를 강요한 것처럼 합의를 종용하거나 피해자의 심리를 지배 즉 가스라이팅을 하고 있으면 피해자가 수사기관에 엄벌을 요구하기 어려운 상황이 생기는 겁니다. 교제폭력에 대한 처벌 수위도 논란의 도마 위에 있습니다. 지난해 4월 경남 거제에서 전 여자친구를 무차별 폭행해 숨지게 한 20대 남성에 대해 지난 9월 대법원은 가해자의 상고를 기각하고 2심 형량인 징역 12년을 확정했습니다. 사랑했던 사람을 죽음으로 몰고 간 비정한 피의자가 12년으로 속죄할 수 있는가를 두고 갑론을박이 오갔습니다. 원민경 성평등가족부 장관은 지난 9월 대책회의를 열고 교제폭력 처벌 근거 마련을 위한 스토킹 처벌법 개정을 추진하겠다고 밝혔지만 현재로선 기존 피해자 보호 조치를 적극적으로 먼저 실천하겠다는 주장에 그치는 실정입니다. 6개월 넘게 이어진 교제폭력 벗어날 수 없었던 A씨의 보복 범죄는 가해자 분리는 정말 불가능한 것인지 피해자 보호가 이대로 괜찮은지 우리에게 묻고 있습니다.

(취재 : 권민규, 구성 : 신희숙, 영상취재 : 설민환, 영상편집 : 권나연, 디자인 : 이수민, 제작 : 디지털뉴스부)


☞더 자세한 정보
https://news.sbs.co.kr/y/?id=N1008371950

☞[AFTER 8NEWS] 기사 모아보기 
https://news.sbs.co.kr/y/t/?id=10000000374
 

#피해자 #폭행 #AFTER8NEWS 

▶SBS 뉴스 채널 구독하기 : https://n.sbs.co.kr/youtube 

♨지금 뜨거운 이슈, 함께 토론하기(스프 구독) : https://premium.sbs.co.kr

▶SBS 뉴스 라이브 : https://n.sbs.co.kr/youtubeLive , https://n.sbs.co.kr/live 

▶SBS 뉴스 제보하기
홈페이지: https://n.sbs.co.kr/inform 
애플리케이션: 'SBS뉴스' 앱 설치하고 제보 - https://n.sbs.co.kr/App 
카카오톡: 'SBS뉴스'와 친구 맺고 채팅 - https://pf.kakao.com/_ewsdq/chat 
페이스북: 'SBS뉴스' 메시지 전송 - https://www.facebook.com/sbs8news 
이메일: sbs8news@sbs.co.kr 
문자 # 누르고 6000 
전화: 02-2113-6000 

홈페이지: https://news.sbs.co.kr/ 
페이스북: https://www.facebook.com/sbs8news 
X: https://x.com/sbs8news
카카오톡: https://pf.kakao.com/_ewsdq
인스타그램: https://www.instagram.com/sbsnews
Thread: https://www.threads.com/@sbsnews

Copyright Ⓒ SBS. All rights reserved. 무단 전재, 재배포 및 AI학습 이용 금지",2025-12-17T09:00:27Z,844044,7514
sX5D_klBIro,🚨 구강유산균! 효과 있나? 치과대학 교수님이 말하는 진실,글로우라이프 Glowlife,"✅ 구강유산균이 무엇인지
✅ 꾸준히 먹으면 어떤 변화가 생기는지
✅ 아이들의 충치, 입냄새 예방에도 도움이 되는지
✅ 올바른 섭취 방법과 추천 제품까지!

#구강유산균 #치과의사 #잇몸관리 #치과의사 #입냄새",2025-03-14T08:34:23Z,2353,28
IkHjg7oOHMI,이호선 종결자 vs 성재기 종결자의 뜨거운 논쟁! - 교육위원회 시즌 2-9회,JTBC Entertainment,"여성을 위한 기계만 발전을 했다?
아니다, 문명은 남녀평등하다!
여자의 가사노동 시간을 월급으로 계산하면 40대 기준 370만 원대?
왜 육아 등의 가사를 노동으로 생각하냐! 노동이 아니다! 


▶ 방송사 : JTBC
▶ 대한민국 교육위원회 2-9회 (화) 21시 50분
▶ 홈페이지 : http://culture.jtbc.co.kr/koreaedu",2013-06-02T08:25:50Z,3500214,14536
KST80VRsdIU,"[오늘 이 뉴스] '성인방송 강요' 딸 잃은 아빠, 상의 찢더니 ""X같은 세상!"" (2024.07.12/MBC뉴스)",MBCNEWS,"#인천지법 #유가족 #오열

ⓒ MBC & iMBC 무단 전재, 재배포 및 이용(AI학습 포함)금지",2024-07-12T08:27:14Z,5629738,67599
q0dXdq1yasA,"보수붕괴 시발점, 그 장본인인데…국힘서도 ""도움이 되냐"" / JTBC 뉴스룸",JTBC News,"국정농단 사태는 중대한 '헌법 위반'이었고, 그 반헌법 행위는 보수 붕괴의 시발점이었습니다. 그 장본인인 박근혜 전 대통령이 선거전에 뛰어든 것에 대해 국민의힘 안에서도 부적절하다는 목소리가 나오고 있습니다.

▶ 기사 전문 https://news.jtbc.co.kr/article/NB12299758?code=section
▶ 시리즈 더 보기 https://www.youtube.com/playlist?list=PL3Eb1N33oAXiBgNfuigMgCTgCZN98TtG-

📢 지금, 이슈의 현장을 실시간으로!
☞JTBC 모바일라이브 시청하기 https://www.youtube.com/@jtbc_news/streams

☞JTBC유튜브 구독하기 (https://www.youtube.com/user/JTBC10news)
☞JTBC유튜브 커뮤니티 (https://www.youtube.com/user/JTBC10news/community)

#JTBC뉴스 공식 페이지 https://news.jtbc.co.kr

페이스북 https://www.facebook.com/jtbcnews
X(트위터) https://twitter.com/JTBC_news
인스타그램 https://www.instagram.com/jtbcnews

☏ 제보하기 https://news.jtbc.co.kr/report
방송사 : JTBC (https://jtbc.co.kr)",2026-05-25T10:11:53Z,11146,415
dpABzWLO43M,진짜 어둠의 팟캐스트 #22 「감동란」,신 남성연대,"#감동란 #배인규 #신남성연대 

00:00 Preview
00:22 게스트 소개
01:39 유튜브 활동을 멈췄던 감동란 근황
02:31 흑화해서 맥반석이 되어버린 감동란
05:24 감동란이 유튜브 활동을 멈췄던 이유
09:11 감동란의 아프리카TV 활동
10:27 2년전 배인규와 흡사해지는 감동란
11:00 감동란의 아프리카TV 수입
12:14 배인규와 감동란이 바라보는 총선
17:01 감동란이 방송을 시작하게 된 계기
19:36 감동란이 말하는 여성
23:00 감동란이 말하는 문신
29:04 감동란이 말하는 여성할당제
32:57 감동란의 결혼 계획
34:47 감동란의 꿈
35:39 감동란이 해주는 어린 여성들에게 조언
36:37 남페미 배인규 vs 반페미 감동란
37:39 페미들이 감동란을 싫어하는 이유
41:07 감동란이 말하는 PC주의의 문제점
44:06 감동란의 '전복죽 사건'
45:22 마무리
---------------------------------------------------------------------------------------

월 1천원 정기후원하기
1877-0419
http://www.ihappynanum.com/Nanum/B/UEZ98N7YMH

남성연대 알람어플(무료)이 출시되었습니다. 플레이스토어 '남성연대' 검색
https://play.google.com/store/apps/details?id=org.androidtown.newmanpower

남성연대 공식계좌

196201-04-280975
국민 (주)신남성연대

남성연대 공식카페
https://cafe.naver.com/manpowernew

인스타그램 : inkyu.bae
https://instagram.com/inkyu.bae

공식연락처 010 4500 3435

자발적 구독료
196201-04-284692 국민 배인규

언제 입이 막혀버릴지 모르는 상황입니다.
번거로우시더라도 꼭 모여주시길 바랍니다. 감사합니다.",2023-12-01T11:24:28Z,366869,7776
xKvVXzvfDPs,간고 PT가 1회 100만원인 이유,신 남성연대,"#간고 #황철순 #잠백이

월 1천원 정기후원하기
1877-0419
http://www.ihappynanum.com/Nanum/B/UEZ98N7YMH

남성연대 알람어플(무료)이 출시되었습니다. 플레이스토어 '남성연대' 검색
https://play.google.com/store/apps/details?id=org.androidtown.newmanpower

남성연대 공식계좌

196201-04-280975
국민 (주)신남성연대

남성연대 공식카페
https://cafe.naver.com/manpowernew

인스타그램 : inkyu.bae
https://instagram.com/inkyu.bae

공식연락처 010 4500 3435

자발적 구독료
196201-04-284692 국민 배인규

언제 입이 막혀버릴지 모르는 상황입니다.
번거로우시더라도 꼭 모여주시길 바랍니다. 감사합니다.",2023-09-21T16:18:10Z,296634,4119
r0zn2e-P5x0,스벅이 좀 불쌍해보이는 영상,뻑가 PPKKa,"후원하기 https://toon.at/donate/ppkka
이메일 ppkka.hello@gmail.com",2026-05-24T04:55:34Z,176876,10717
VyQWaZ0aTBg,40만 기념으로 남페미에게 전화를 걸어보았습니다..,신 남성연대,"월1천원 정기후원하기
1877-0419
http://www.ihappynanum.com/Nanum/B/UEZ98N7YMH

남성연대 알람어플(무료)이 출시되었습니다. 플레이스토어 '남성연대' 검색
https://play.google.com/store/apps/details?id=org.androidtown.newmanpower

남성연대 공식계좌
677-034488-04-015
기업 남성연대

남성연대 공식카페
https://cafe.naver.com/manpowernew

인스타그램 : new_manpower 
https://instagram.com/new_manpower?igshid=1vhg4tt5kkw9

공식연락처 010 4500 3435

자발적 구독료
356 1225 6360 63 농협 송시인

언제 입이 막혀버릴지 모르는 상황입니다.
번거로우시더라도 꼭 모여주시길 바랍니다. 감사합니다.",2021-11-18T12:05:13Z,560902,15028
Lu2siJYqXgk,"""학교 화장실에 티슈가?""…피해자만 2백 명 / SBS / 뉴블더",SBS 뉴스,"자신이 다니던 학교와 가족이 운영하던 식당 등에서 불법 촬영을 일삼은 고등학생이 적발되는 일이 있었습니다.

지난해 10월 학교 여자 화장실 바닥에 티슈 통이 수상하게 놓여 있는 걸 본 교사가 그 안에 휴대전화가 설치돼 있는 걸 발견하면서 덜미가 잡혔는데요.

알고 보니 가해자는 한 달 동안 235번이나 불법 촬영을 하면서 이걸 SNS에 유포한 걸로 조사됐습니다.

사건 발생 당시 교사와 학생들은 자신이 피해자일지도 몰라 불안함 속에 지내야 했는데요.

수사기관의 조사 결과 지난해 9월부터 한 달 동안 A 씨가 저지른 범행으로 교사 10여 명과 학생 40여 명, 그리고 신원을 특정할 수 없는 도민, 관광객 등 피해자만 200여 명에 달하는 것으로 알려졌습니다.

결국 구속된 채 재판에 넘겨진 A 씨는 지난 6월에 있었던 1심 선고에서 징역 4년을 선고받았습니다.

하지만 A 씨는 형량이 너무 무겁다며 항소했고 검찰도 마찬가지로 불복해, 2심 재판이 이어졌는데요.

최근 항소심 재판부는 원심을 파기하고, 범행 내용이나 피해 정도가 심각하다면서 더 무거운 형량인 징역 6년을 선고했습니다.

(영상편집 : 문이진)


☞더 자세한 정보
https://news.sbs.co.kr/y/?id=N1007873229

☞[뉴블더] 기사 모아보기 
https://news.sbs.co.kr/y/t/?id=10000000332
 

#SBS뉴스 #뉴블더 #학교

▶SBS 뉴스 채널 구독하기 : https://n.sbs.co.kr/youtube 

♨지금 뜨거운 이슈, 함께 토론하기(스프 구독) : https://premium.sbs.co.kr

▶SBS 뉴스 라이브 : https://n.sbs.co.kr/youtubeLive , https://n.sbs.co.kr/live 

▶SBS 뉴스 제보하기
홈페이지: https://n.sbs.co.kr/inform 
애플리케이션: 'SBS뉴스' 앱 설치하고 제보 - https://n.sbs.co.kr/App 
카카오톡: 'SBS뉴스'와 친구 맺고 채팅 - https://pf.kakao.com/_ewsdq/chat 
페이스북: 'SBS뉴스' 메시지 전송 - https://www.facebook.com/sbs8news 
이메일: sbs8news@sbs.co.kr 
문자 # 누르고 6000 
전화: 02-2113-6000 

홈페이지: https://news.sbs.co.kr/ 
페이스북: https://www.facebook.com/sbs8news 
X(구:트위터): https://www.twitter.com/sbs8news
카카오톡: https://pf.kakao.com/_ewsdq
인스타그램: https://www.instagram.com/sbsnews

Copyright Ⓒ SBS. All rights reserved. 무단 전재, 재배포 및 AI학습 이용 금지",2024-11-14T07:57:17Z,571800,3227
sa75T9mQxvU,야! 기분 좋다!!!!!!,신 남성연대,"월 1천원 정기후원하기
1877-0419
http://www.ihappynanum.com/Nanum/B/UEZ98N7YMH

남성연대 알람어플(무료)이 출시되었습니다. 플레이스토어 '남성연대' 검색
https://play.google.com/store/apps/details?id=org.androidtown.newmanpower

남성연대 공식계좌

196201-04-280975
국민 (주)신남성연대

남성연대 공식카페
https://cafe.naver.com/manpowernew

인스타그램 : inkyu.bae
https://instagram.com/inkyu.bae

공식연락처 010 4500 3435

자발적 구독료
196201-04-284692 국민 배인규

언제 입이 막혀버릴지 모르는 상황입니다.
번거로우시더라도 꼭 모여주시길 바랍니다. 감사합니다.",2023-07-18T14:19:36Z,82844,4620
JsNWE8S_WQI,[5부] 민주노총에게 폭행당한 배인규 대표,신 남성연대,"월 1천원 정기후원하기
1877-0419
http://www.ihappynanum.com/Nanum/B/UEZ98N7YMH

남성연대 알람어플(무료)이 출시되었습니다. 플레이스토어 '남성연대' 검색
https://play.google.com/store/apps/details?id=org.androidtown.newmanpower

남성연대 공식계좌

196201-04-280975
국민 (주)신남성연대

677-034488-04-015
기업 남성연대

남성연대 공식카페
https://cafe.naver.com/manpowernew

인스타그램 : new_manpower 
https://instagram.com/new_manpower?igshid=1vhg4tt5kkw9

공식연락처 010 4500 3435

자발적 구독료
196201-04-284692 국민 배인규

언제 입이 막혀버릴지 모르는 상황입니다.
번거로우시더라도 꼭 모여주시길 바랍니다. 감사합니다.",2023-07-14T12:47:51Z,951620,38244
IjpMbYILx5w,"""죄송..무고 수사"" 진땀뺐지만 ""나도 당했다"" 줄잇는 동탄 [뉴스.zip/MBC뉴스]",MBCNEWS,"00:00 [오늘 이 뉴스] 허위진술 신고女 '무고 입건'..경찰 ""남성에게 진심 사과"" (2024.07.01/MBC뉴스) 
02:17 [뉴스 '꾹'] ""졸지에 할머니 성추행범 돼""..""CCTV 보면.."" 동탄 또 발칵 (2024.07.01/MBC뉴스) 
05:03 [뉴스 '꾹'] ""녹음 안 했으면 저는 빨간줄"" 쓸어내린 청년..동탄의 반격 (2024.06.30/MBC뉴스)

#화성동탄서 #동탄경찰서 #무고
ㅤ
ⓒ MBC & iMBC 무단 전재, 재배포 및 이용(AI학습 포함)금지",2024-07-02T01:01:28Z,614487,8828
OOOhr3PL4aU,"""딸, 믿음직한 아빠 될게""…밀양 성폭행 가해자 근황 폭로 / SBS / 뉴블더",SBS 뉴스,"무려 44명의 남성이 여중생을 성폭행하는 일이 있었습니다.

전 국민적 충격을 줬던 밀양 집단 성폭행 사건입니다.

당시 성폭행 가해자로 지목된 남학생들은 피해 여학생에게, 신고하면 촬영 영상을 유포하겠다며 협박까지 했지만, 결국 모두 형사 처벌을 받지 않았습니다. 

경찰서에 고개를 숙인 남학생들이 바닥에 줄지어 앉아 있습니다.

1년 동안 여중생을 집단으로 성폭행한, 가해 남학생들입니다.

인터넷에서 알게 된 여중생을 만나 폭행해 기절시킨 후 집단 성폭행했고, 그 모습을 촬영해 협박했습니다.

지목된 가해자 수만 44명에 달했습니다.

수사 과정에서는 오히려 피해 여학생과 가족들이, 가해 학생의 가족들로부터 협박을 당하는 일도 있었습니다.

[송상근/울산남부경찰서 강력 1팀장 (지난 2004년) : 앞으로 뒷일이 걱정되지 않겠느냐, 이렇게 협박한 부분이 있습니다.]

가해자 부모 중 한 명은, ""딸을 잘 키웠어야 한다, 먼저 꼬리쳤다, 억울하다""며 2차 가해성 언론 인터뷰를 해서 사람들의 공분이 더 커졌습니다.

하지만 결론적으로 형사 처벌받은 사람은 아무도 없었습니다.

대부분 전과 기록이 남지 않는 소년부에 송치된 겁니다.

피해자는 큰 고통을 받았는데, 제대로 처벌받은 사람은 아무도 없었던 겁니다.

그렇게 20년이 지난 최근 사건이 재조명받고 있습니다.

일부 가해자들의 신상과 현재 근황을 폭로하는 영상이 공개된 겁니다.

[손이 떨려서 놓지를 못하겠네요.]

사업가 겸 방송인 백종원 씨가 경북 청도군의 식당을 방문하는 모습이 담긴 영상입니다.

지난 2022년 게시된 영상인데, 최근 큰 반향을 일으켰습니다.

해당 영상에 나온 남성이, 밀양 여중생 성폭행 사건의 주동자로 지목된 겁니다.

해당 남성을 찾아내 이런 근황을 폭로한 한 유튜버는, 이 남성의 SNS 계정도 추적했는데 ""딸 인생에 걸림돌을 모두 없애 주겠다, 가장 믿음직한 아빠가 되겠다""고 적은 글도 있다고 밝혔습니다.

이외에도, 가해자로 추정되는 다른 남성의 근황도 공개됐습니다.

이름을 바꾼 뒤 한 외제차 전시장에서 근무하며 외제차 3대를 보유하고 있고, 주말에는 골프를 즐기고 있다고 전했는데요.

현재 해당 남성이 근무하는 걸로 알려진 외제차 전시장 포털 사이트 리뷰에는 별점 테러가 잇따르고 있습니다.

이뿐만 아니라, 의령경찰서 홈페이지도 항의 글로 뒤덮여 폭주하고 있습니다.

의령경찰서 소속으로 알려진 여성 경찰관 A 씨가, 과거 가해 남성들을 옹호하는 취지의 글을 남겼었다는 사실이 알려진 겁니다.

앞서 지난 2012년에도 비슷한 일이 벌어졌는데 A 씨는 당시 사과문을 내고 ""피해자와 가족을 가슴 아프게 해 죄송하게 생각하며 평생의 짐으로 안고 자숙하겠다""고 밝힌 바 있습니다.

(영상편집 : 문이진)


☞더 자세한 정보
https://news.sbs.co.kr/y/?id=N1007671882

☞[뉴블더] 기사 모아보기 
https://news.sbs.co.kr/y/t/?id=10000000332
 
#SBS뉴스 #뉴블더 #밀양 #가해자 #신상 

▶SBS 뉴스 채널 구독하기 : https://n.sbs.co.kr/youtube 

♨지금 뜨거운 이슈, 함께 토론하기(스프 구독) : https://premium.sbs.co.kr

▶SBS 뉴스 라이브 : https://n.sbs.co.kr/youtubeLive , https://n.sbs.co.kr/live 

▶SBS 뉴스 제보하기
홈페이지: https://n.sbs.co.kr/inform 
애플리케이션: 'SBS뉴스' 앱 설치하고 제보 - https://n.sbs.co.kr/App 
카카오톡: 'SBS뉴스'와 친구 맺고 채팅 - https://pf.kakao.com/_ewsdq/chat 
페이스북: 'SBS뉴스' 메시지 전송 - https://www.facebook.com/sbs8news 
이메일: sbs8news@sbs.co.kr 
문자 #누르고 6000 
전화: 02-2113-6000 

홈페이지: https://news.sbs.co.kr/ 
페이스북: https://www.facebook.com/sbs8news 
트위터: https://www.twitter.com/sbs8news
카카오톡: https://pf.kakao.com/_ewsdq
인스타그램: https://www.instagram.com/sbsnews

Copyright Ⓒ SBS. All rights reserved. 무단 전재, 재배포 및 AI학습 이용 금지",2024-06-04T07:11:17Z,497769,7066
uo16hYHWMg0,한국의 산토리니로 유명세 탄 관광지…주민들은 속만 터진다 / SBS / 뉴스토리,SBS 뉴스,"부산 '흰여울문화마을'은 아름다운 풍광 때문에 한국의 산토리니로 불리며 최근 관광객이 급증하고 있습니다. 하지만 주민들은 차라리 마을을 폭파시키고 싶은 심정이라고 SBS 뉴스토리 취재진에 털어놨습니다. 지나치게 몰려드는 관광객 때문에 삶 자체가 위협받고 있다는 주민들의 이야길 자세히 들어봤습니다. 

#산토리니 #흰여울문화마을 #부산


☞더 자세한 정보
https://news.sbs.co.kr/y/?id=N1007406927
 

#SBS뉴스 #부산 #문화마을

▶SBS 뉴스 채널 구독하기 : https://n.sbs.co.kr/youtube 

♨지금 뜨거운 이슈, 함께 토론하기(스프 구독) : https://premium.sbs.co.kr

▶SBS 뉴스 라이브 : https://n.sbs.co.kr/youtubeLive , https://n.sbs.co.kr/live 

▶SBS 뉴스 제보하기
홈페이지: https://n.sbs.co.kr/inform 
애플리케이션: 'SBS뉴스' 앱 설치하고 제보 - https://n.sbs.co.kr/App 
카카오톡: 'SBS뉴스'와 친구 맺고 채팅 - https://pf.kakao.com/_ewsdq/chat 
페이스북: 'SBS뉴스' 메시지 전송 - https://www.facebook.com/sbs8news 
이메일: sbs8news@sbs.co.kr 
문자 #누르고 6000 
전화: 02-2113-6000 

홈페이지: https://news.sbs.co.kr/ 
페이스북: https://www.facebook.com/sbs8news 
트위터: https://www.twitter.com/sbs8news
카카오톡: https://pf.kakao.com/_ewsdq
인스타그램: https://www.instagram.com/sbsnews

Copyright Ⓒ SBS. All rights reserved. 무단 전재, 재배포 및 AI학습 이용 금지",2023-11-02T02:45:01Z,821825,3588
n6TeqOEb5QM,"[자막뉴스] ""조현병 같은 소리하고 있네"" 살인범 주장에 열받은 판사 (2024.10.30/MBC뉴스)",MBCNEWS,"#하남교제살인 #하남여자친구 #조현병주장
#MBC #뉴스 #뉴스데스크 #MBC뉴스 #뉴스투데이 #뉴스ZIP #뉴스꾹 #오늘이뉴스 #자막뉴스
ㅤ
ⓒ MBC & iMBC 무단 전재, 재배포 및 이용(AI학습 포함)금지",2024-10-30T02:22:22Z,1073081,14649
aFQKOX_X7fc,"[오늘 이 뉴스] ""차 못 빼. 당신 땅이야? 신고해봐"" 왜 이렇게 당당한가 했더니..   (2023.01.06/MBC뉴스)",MBCNEWS,"#인천 #주차 #폭언 ⓒ MBC&iMBC 무단 전재, 재배포 및 이용(AI학습 포함)금지",2023-01-06T08:31:26Z,1595291,21458
S8twGbT3mxA,'한국서 스벅 이미지 폭망'..'손절 고민' 들어간 본사 [뉴스.zip/MBC뉴스],MBCNEWS,"00:00 스타벅스 본사 ""철저히 조사 중""‥브랜드 훼손 책임 묻나? (2026.05.20/뉴스데스크/MBC)
01:23 광주에서 돈 벌면서 5.18 조롱하나?‥정용진 고발 (2026.05.20/뉴스데스크/MBC)
02:51 텀블러도, 머그잔도 산산조각‥'부도덕한 기업'에 엄중 경고 (2026.05.19/뉴스데스크/MBC)

#스타벅스 #본사 #라이선스 #브라이언
#MBC #뉴스 #뉴스데스크 #MBC뉴스 #뉴스투데이 #뉴스ZIP #뉴스꾹 #오늘이뉴스 #자막뉴스

ⓒ MBC & iMBC 무단 전재, 재배포 및 이용(AI학습 포함)금지",2026-05-21T23:06:40Z,1545658,20448
bZrApNobQo4,"'광수대?' 경찰 판단에 술렁..""신세계 물러가"" 사면초가 [뉴스.zip/MBC뉴스]",MBCNEWS,"00:00 긴급 귀국했지만 계속 침묵‥관공서 은행도 '스벅 손절' (2026.05.21/뉴스데스크/MBC)
02:22 ""국가폭력범죄 미화, 강력 응징해야"" (2026.05.21/뉴스데스크/MBC)
03:06 광주에서 돈 벌면서 5.18 조롱하나?‥정용진 고발 (2026.05.20/뉴스데스크/MBC)

#스타벅스 #규탄기자회견 #불매운동 #광주민주화운동ㅤ
#MBC #뉴스 #뉴스데스크 #MBC뉴스 #뉴스투데이 #뉴스ZIP #뉴스꾹 #오늘이뉴스 #자막뉴스
ㅤ
ⓒ MBC & iMBC 무단 전재, 재배포 및 이용(AI학습 포함)금지",2026-05-24T01:00:19Z,220479,5166
IyvkmUxyxYU,"[자막뉴스] 암 투병 중 은행 갔다가 ""어?!""..여지 없이 발동한 그 남자의 '촉' (2023.08.30/MBC뉴스)",MBCNEWS,"#항암치료 #3년차 #순경 ⓒ MBC&iMBC 무단 전재, 재배포 및 이용(AI학습 포함)금지",2023-08-30T01:56:50Z,1292450,21433
O5Qso2Rlxt0,"""자식 문제라‥부모 심정이 과했다"" 변호사 학부모, 뒤늦은 사과 (2023.11.27/뉴스데스크/MBC)",MBCNEWS,"얼마 전 수능에서 부정행위로 적발된 수험생의 학부모가 
시험감독을 한 교사의 학교까지 찾아가 폭언을 한 일이 있었죠.
이 학부모는 현직 변호사이자 대형학원의 강사인 것으로 드러났는데요.
뒤늦게 사과문을 올리면서도 자녀가 부정행위를 
저지르지 않았다는 뜻을 굽히지 않았습니다.

https://imnews.imbc.com/replay/2023/nwdesk/article/6547757_36199.html


#수험생 #학부모 #시험감독 ⓒ MBC&iMBC 무단 전재, 재배포 및 이용(AI학습 포함)금지",2023-11-27T11:35:01Z,194564,2929
bPKl_xJDREQ,The Horrors I Saw at Korean Private Schools | Informer,VICE,"An English teacher reveals the horrors of working at a notorious Hagwon school in South Korea, where staff and students are overworked to the point of breaking.

The conditions are so bad that many teachers choose to “midnight run” - disappear in the night with no warning. After dealing with sexual harassment, constant CCTV monitoring, and verbal abuse, she decided to share her ordeal with the world.  

Watch more from this series: 

The Secret Hotel Sex Parties of the Mega-Rich 
https://www.youtube.com/watch?v=AXyzDxxQRSA&t=30s 

What the Gambling Industry Doesn’t Want You To Know
https://www.youtube.com/watch?v=ABj7peI_R2M  

I Was Sold At A Slave Market
https://www.youtube.com/watch?v=VHPFdTZp7Dw 

Click here to subscribe to VICE: http://bit.ly/Subscribe-to-VICE

About VICE:
The Definitive Guide To Enlightening Information. From every corner of the planet, our immersive, caustic, ground-breaking and often bizarre stories have changed the way people think about culture, crime, art, parties, fashion, protest, the internet and other subjects that don't even have names yet. Browse the growing library and discover corners of the world you never knew existed. Welcome to VICE.

Connect with VICE:
Check out our full video catalog: http://bit.ly/VICE-Videos
Videos, daily editorial and more: http://vice.com
More videos from the VICE network: https://www.fb.com/vicevideo
Click here to get the best of VICE daily: http://bit.ly/1SquZ6v
Like VICE on Facebook: http://fb.com/vice
Follow VICE on Twitter: http://twitter.com/vice
Follow us on Instagram: http://instagram.com/vice

The VICE YouTube Network:
VICE: https://www.youtube.com/VICE
MUNCHIES: https://www.youtube.com/MUNCHIES 
VICE News: https://www.youtube.com/VICENews
VICELAND: https://www.youtube.com/VICELANDTV
Broadly: https://www.youtube.com/Broadly
Noisey: https://www.youtube.com/Noisey
Motherboard: https://www.youtube.com/MotherboardTV 
VICE Sports: https://www.youtube.com/NOC
i-D: http://www.youtube.com/iDmagazine 
Waypoint: https://www.youtube.com/WaypointVICE

#Vice #Informer #Korea",2022-05-22T15:00:15Z,3533265,71645
0DcHuMbZjDM,뛰는 경찰에 나는 사기꾼..잡을 사람이 없다? (뉴스토리) / SBS,SBS 뉴스,"고향 친구들의 뒤통수를 제대로 친 사기꾼. 손 놓은 경찰 대신 그를 쫓아 잡아낸 피해자.
이들 사이엔 어떤 사연이 있는 걸까?
SBS 뉴스토리에선 사기 공화국이라 부를 만큼 사기꾼이 들끓는 대한민국의 현실을 심층 분석했습니다.    

#사기 #경찰 #뉴스토리 #SBS뉴스 #범죄
#SBS뉴스 #8뉴스 #실시간 으로 만나 보세요
라이브 뉴스 채널 SBS 모바일24

▶SBS 뉴스로 제보해주세요
홈페이지: https://news.sbs.co.kr
애플리케이션: 'SBS 뉴스' 앱 설치하고 제보
카카오톡: 'SBS 뉴스'와 친구 맺고 채팅
페이스북: 'SBS 뉴스' 검색해 메시지 전송
이메일: sbs8news@sbs.co.kr
문자:  #　누르고 6000 
전화: 02-2113-6000

▶SBS 뉴스 채널 구독하기 : https://n.sbs.co.kr/youtube
▶SBS 뉴스 라이브 : https://n.sbs.co.kr/live

Copyright Ⓒ SBS. All rights reserved. 무단 전재, 재배포 및 AI학습 이용 금지",2024-09-20T12:29:20Z,586705,3111
O-Se7PIdReE,"""역성장"" 뉴스 익숙했는데.. 소비·증시·수출 '대반전' [뉴스.zip/MBC뉴스]",MBCNEWS,"00:00 수출·소비가 끌고, 증시도 밀었다‥3분기 GDP 1.2% 깜짝 성장 (2025.10.28/뉴스데스크/MBC)
02:36 소비 회복·수출 호조로 2분기 경제 0.7% 성장 (2025.09.03/뉴스외전/MBC)
03:05 '최악' 내수에 수출마저‥'마이너스' 성장 충격 (2025.04.25/뉴스25/MBC)
05:29 '계엄' 이후 성장률 '곤두박질'‥""앞이 안 보여"" (2025.01.24/뉴스투데이/MBC)

#소비쿠폰 #국내증시 #내수경제
#MBC #뉴스 #뉴스데스크 #MBC뉴스 #뉴스투데이 #뉴스ZIP #뉴스꾹 #오늘이뉴스 #자막뉴스

ㅤ
ⓒ MBC & iMBC 무단 전재, 재배포 및 이용(AI학습 포함)금지",2025-10-29T00:16:42Z,279765,6877
VpFO15Lykl8,데이트폭력인가 교제살인인가 - 스트레이트 156회 | 다시 보는 스트레이트,탐사기획 스트레이트,"#스트레이트 #데이트폭력 #연인간폭력 #교제살인 #스토킹 #이준석 #장혜영 

[스트레이트 156회 방송(2021.12.19) - 데이트폭력인가 교제살인인가]

- '살인죄'가 아니다?
- 유명무실 신변보호
- '반의사불벌'의 함정
- 성별과 무관한가?
- 교제 폭력, 해외는?

◇ 스트레이트 156회 풀영상 다시보기 → https://youtu.be/MFvAbcybkto",2022-10-06T09:00:15Z,26004,934
mGKQaIUvd2Q,그알 엔딩 요정! 허민숙 '국회 입법조사관'님 모셨습니다 | 그알저알 EP.54,그것이 알고싶다,"#그것이알고싶다 #그알저알 #허민숙박사

국회입법조사처 입법조사관
허민숙 박사님과 함께하는 그알저알 54번째 시간!

듣기만 해도 생소한 직업 '국회 입법조사관'!
모든 궁금증 다 풀어드립니다☆

여성학 전문가 허민숙 박사님이 보는
젠더폭력 관련 법의 허점은?",2022-08-18T10:00:25Z,224196,5086
uOnVQKzfbZI,[사사건건] 진화하는 최근 스토킹 범죄…집착→살인의 전조 증상은? / KBS 2026.03.17.,KBS News,"▶ 출연

배상훈 / 프로파일러, 우석대 경찰행정학과 겸임교수

▶ 주요 내용

- '전자발찌' 40대 남성, 20대 옛 애인 살해 혐의 체포
- 범행 동기는?
- 피해자, 스토킹 등 혐의로 다섯 차례 경찰 신고…조치는?
- 경찰, 피의자에 100m 이내 접근금지 조치
- 왜 '스토킹 대응용 전자발찌' 부착 안 했나?
- '구조 요청' 스마트 워치 줬는데…왜 못 막았나?
- 다른 성범죄로 '전자발찌'…피해자 스마트 워치로는 파악 불가능?
- 전자발찌 착용한 채 범죄 저질러도 가중 처벌 안 된다?
- 최근의 스토킹 범죄 양상은?
- 피의자, 처벌 두려워하지 않고 추가 범행?
- 스토킹이 살인으로 이어지는 위험 신호는?
- 평범한 갈등으로 보이지만 실제론 위험 신호?
- 스토킹 범죄 전조 증상은?
- 현재의 스토킹 범죄 관리 중 보완 필요한 부분은?

▣ 제보하기
◇ 카카오톡 : 'KBS제보' 검색
◇ 전화 : 02-781-1234
◇ 홈페이지 : https://goo.gl/4bWbkG
◇ 이메일 : kbs1234@kbs.co.kr

Copyright ⓒ KBS. All rights reserved. 무단 전재, 재배포 및 이용(AI 학습 포함) 금지

#스토킹 #범죄 #성범죄 #전자발찌 #경찰 #스마트워치 #배상훈",2026-03-17T09:20:01Z,20172,304
oUzwAwTJn_E,헌정사상 처음 군대가 국회 안으로..근접 영상 공개 '충격' #뉴스다 / JTBC News,JTBC News,"0:00 JTBC 특집 다큐｜계엄, 윤석열과 망상의 시간 (25.12.3 특집 다큐) 

※ JTBC News '뉴스다'는 '다' 모은 뉴스의 의미로, 정치·경제·사회·국제 등 시청자들의 다양한 관심사를 모아 전달하는 큐레이션 콘텐트입니다.

📌 시리즈 더 보기 https://youtube.com/playlist?list=PL3Eb1N33oAXhsGVRH6QUWoGk3q7PnhjtT

📢 지금, 이슈의 현장을 실시간으로!
☞JTBC 모바일라이브 시청하기 https://www.youtube.com/@jtbc_news/streams

☞JTBC유튜브 구독하기 (https://www.youtube.com/user/JTBC10news)
☞JTBC유튜브 커뮤니티 (https://www.youtube.com/user/JTBC10news/community)

#JTBC뉴스 공식 페이지 https://news.jtbc.co.kr

페이스북 https://www.facebook.com/jtbcnews
X(트위터) https://twitter.com/JTBC_news
인스타그램 https://www.instagram.com/jtbcnews

☏ 제보하기 https://news.jtbc.co.kr/report
방송사 : JTBC (https://jtbc.co.kr)",2025-12-04T00:49:29Z,800785,16782
BIKjKHpnXBs,[PD수첩 10분 컷] 고위 검사의 처남은 어떻게 마약 수사를 피했을까?_MBC 2023년 11월 28일 방송,MBC PD수첩,"제작 : MBC 시사교양국
진행 : 오승훈 아나운서

✔시대의 정직한 목격자, MBC PD수첩 (화요일 밤9시)
✔PD수첩 본방을 놓쳤다면? 유튜브로 핵심을!
✔PD수첩 유튜브 공식계정 https://goo.gl/9tgdwM
✔PD수첩 본방을 다시보고 싶다면?
   iMBC : https://bit.ly/2ELLAyh
   WAVVE : https://bit.ly/2EXiZq5

#PD수첩 #연예인 #검사 #재벌 #마약 #수사 #합법 #불법 #제보 #제보자 #로펌",2023-11-29T08:30:02Z,304019,8515
hZ9TsUtu9lk,"증언대 섰던 전 시장 비서, 왜 중요?…이재명 대표와 4분 통화 녹음 들어보니 / SBS / 편상욱의 뉴스브리핑",SBS 뉴스,"[편상욱의 뉴스브리핑]

인터뷰를 인용보도할 때는 프로그램명 'SBS 〈편상욱의 뉴스브리핑〉'을 정확히 밝혀주시기 바랍니다. 저작권은 SBS에 있습니다.

■ 방송 : SBS 〈편상욱의 뉴스브리핑〉 월~금 (14:00~16:00)
■ 진행 : 편상욱 앵커
■ 대담 : 김기흥 대통령실 전 부대변인, 서용주 더불어민주당 전 상근부대변인, 윤춘호 SBS 논설위원
--------------------------------------------
● '이재명 음성파일' 공개 후폭풍

김기흥 / 대통령실 전 부대변인
""민주, 문제 제기하면 스피커 공격…본질 흐려""

서용주 / 더불어민주당 전 상근부대변인
""위증교사 확정할 수 있는 새로운 내용 없어""

※ 자세한 내용은 동영상으로 확인하실 수 있습니다.

(SBS 디지털뉴스편집부)

☞더 자세한 정보
https://news.sbs.co.kr/y/?id=N1007688127
 
#SBS뉴스 #뉴스브리핑 #이재명 

▶SBS 뉴스 채널 구독하기 : https://n.sbs.co.kr/youtube 

♨지금 뜨거운 이슈, 함께 토론하기(스프 구독) : https://premium.sbs.co.kr

▶SBS 뉴스 라이브 : https://n.sbs.co.kr/youtubeLive , https://n.sbs.co.kr/live 

▶SBS 뉴스 제보하기
홈페이지: https://n.sbs.co.kr/inform 
애플리케이션: 'SBS뉴스' 앱 설치하고 제보 - https://n.sbs.co.kr/App 
카카오톡: 'SBS뉴스'와 친구 맺고 채팅 - https://pf.kakao.com/_ewsdq/chat 
페이스북: 'SBS뉴스' 메시지 전송 - https://www.facebook.com/sbs8news 
이메일: sbs8news@sbs.co.kr 
문자 # 누르고 6000 
전화: 02-2113-6000 

홈페이지: https://news.sbs.co.kr/ 
페이스북: https://www.facebook.com/sbs8news 
트위터: https://www.twitter.com/sbs8news
카카오톡: https://pf.kakao.com/_ewsdq
인스타그램: https://www.instagram.com/sbsnews

Copyright Ⓒ SBS. All rights reserved. 무단 전재, 재배포 및 AI학습 이용 금지",2024-06-18T06:36:45Z,290799,3727
-FNIAzYLCQA,"Will Australia's social media ban for under-16s work? - The Global Story podcast, BBC World Service",BBC World Service,"Why are Australian teens being kicked off social media?

Click here to subscribe to our channel 👉🏽 https://bbc.in/3VyyriM

Australia will ban children under the age of 16 from using social media, after its parliament approved the world's strictest laws. Tech companies could be fined up to A$50m ($32.5m; £25.7m) if they don't comply. But as many parents know, keeping teenagers off social media is a challenge. So, can a ban like this really work? And how might it be implemented?

In this episode, Lucy Hockings speaks to the BBC's cyber correspondent Joe Tidy and our correspondent in Australia, Katy Watson.

0:00 Introduction & social media as a parent
3:03 What is Australia proposing?
5:28 What do young Australians think it?
6:10 Teens as content creators
7:47 Potential dangers of social media
9:40 Research into impact of social media
12:01 What are the arguments in Australia?
13:33 View from an online safety expert
14:10 How could the ban be enforced?
16:50 What are the other concerns over the ban?
17:36 Could tech companies do more?
18:31 What tech firms think about the ban
19:38 Do Australians think it will succeed?

Watch more episodes of The Global Story here 👉🏽 https://www.youtube.com/playlist?list=PLz_B0PFGIn4dvK8UQS79GwGLDl94Z3gkt 
 
You can listen to more episodes of The Global Story here. Making sense of the news with our experts around the world. Insights you can trust, Monday to Friday, from the BBC 👉🏽 https://www.bbc.co.uk/programmes/w13xtvsd/episodes/downloads 

Thumbnail credit: Getty Images
----------------
This is the official BBC World Service YouTube channel. 
If you like what we do, you can also find us here:
Instagram 👉🏽 https://www.instagram.com/bbcworldservice
Twitter 👉🏽 https://twitter.com/bbcworldservice
Facebook 👉🏽 https://facebook.com/bbcworldservice
BBC World Service website 👉🏽 https://www.bbc.co.uk/worldserviceradio

Thanks for watching and subscribing!
#BBCWorldService #WorldService #socialmedia #socialmediaban #australia #smartphones",2024-12-14T13:00:00Z,1335123,10170
HYcujfJvrTs,"""합의 안 해줘?"" 또 교제 살인…일주일 새 4명 사망 / SBS / 뉴브사탐",SBS 뉴스,"[편상욱의 뉴스브리핑]

인터뷰를 인용보도할 때는 프로그램명 'SBS 〈편상욱의 뉴스브리핑〉'을 정확히 밝혀주시기 바랍니다. 저작권은 SBS에 있습니다.

■ 방송 : SBS 〈편상욱의 뉴스브리핑〉 월~금 (14:00~16:00)
■ 진행 : 편상욱 앵커
■ 대담 : 백기종 공인탐정연구원장, 신정은 SBS 뉴스브리핑부 기자
--------------------------------------------

● '제2의 김레아' 사건?

신정은 / SBS 뉴스브리핑부 기자
""경북 구미서도 '교제 살인'…여성 사망·여성 어머니 중상""
""경찰, 여성 신고에 '안심 3종 세트' 설치·순찰 강화했지만 참변""
""급증하는 '거절 살인'…교제 살인 현황 파악도 잘 안 돼""

백기종 / 공인탐정연구원장
""피해 여성, 이전에도 스토킹 신고 3차례…결국 참변""
""피의자, 스토킹 범죄 가해자 교정 프로그램도 이수""
""'강압적 통제' 행위, 교제 살인 전조 증상…사전에 전문가와 상담·대비해야""

※ 자세한 내용은 동영상으로 확인하실 수 있습니다.

(SBS 디지털뉴스편집부)


☞더 자세한 정보
https://news.sbs.co.kr/y/?id=N1007868471
 

#SBS뉴스 #교제 #살인 #애인 #연인 #사망

▶SBS 뉴스 채널 구독하기 : https://n.sbs.co.kr/youtube 

♨지금 뜨거운 이슈, 함께 토론하기(스프 구독) : https://premium.sbs.co.kr

▶SBS 뉴스 라이브 : https://n.sbs.co.kr/youtubeLive , https://n.sbs.co.kr/live 

▶SBS 뉴스 제보하기
홈페이지: https://n.sbs.co.kr/inform 
애플리케이션: 'SBS뉴스' 앱 설치하고 제보 - https://n.sbs.co.kr/App 
카카오톡: 'SBS뉴스'와 친구 맺고 채팅 - https://pf.kakao.com/_ewsdq/chat 
페이스북: 'SBS뉴스' 메시지 전송 - https://www.facebook.com/sbs8news 
이메일: sbs8news@sbs.co.kr 
문자 # 누르고 6000 
전화: 02-2113-6000 

홈페이지: https://news.sbs.co.kr/ 
페이스북: https://www.facebook.com/sbs8news 
X(구:트위터): https://www.twitter.com/sbs8news
카카오톡: https://pf.kakao.com/_ewsdq
인스타그램: https://www.instagram.com/sbsnews

Copyright Ⓒ SBS. All rights reserved. 무단 전재, 재배포 및 AI학습 이용 금지",2024-11-11T07:05:27Z,199727,3547
uvdHzReIGw4,"현직 부장판사, '재판 거래' 뇌물 혐의로 구속영장 청구 (2026.03.19/뉴스데스크/MBC)",MBCNEWS,"현직 부장판사가 고교 동문인 변호사로부터 금품을 받고 재판 청탁을 들어준 혐의로 구속영장이 청구됐습니다.

해당 부장판사는 금품을 건넨 변호사가 맡은 사건에 대해 여러 차례 감형 판결을 내린 걸로 드러났는데요. 

https://imnews.imbc.com/replay/2026/nwdesk/article/6808820_37004.html

#판사 #재판거래 #뇌물 #공수처
#MBC #뉴스 #뉴스데스크 #MBC뉴스 #뉴스투데이
ㅤ
ⓒ MBC & iMBC 무단 전재, 재배포 및 이용(AI학습 포함)금지",2026-03-19T11:43:55Z,546092,12740
2ewK9OXaoGo,코르셋을 벗은 여성과 입은 여성 [끝간사람] (1/4),세계일보,"* 출연자에 대한 모욕성 댓글은 발견 즉시 삭제하겠습니다.

2018년 한차례 열풍을 일으켰던 ‘탈코르셋 운동’.

사회관계망서비스(SNS)에 ‘화장품 버리기 인증’ 등이 올라오는 빈도나 관련 논문과 서적이 발간되는 수는 예전만 못하지만, 탈코르셋 운동을 단순히 ‘한때 유행했던 현상’으로 볼 수는 없습니다.

탈코르셋 운동의 정의는 여성에게 사회적으로 강요된 미적 기준에서 탈피하자는 것이기 때문입니다. ‘여성은 여성스럽게 꾸며야 한다’는 인식이 남아 있는 한, 운동의 존재 의의도 유지될 것입니다.

탈코르셋을 둘러싼 논쟁도 현재진행형입니다.

‘자신이 원해서 꾸미는 여성에게도 탈코르셋을 강요한다’, ‘머리를 짧게 자르고 화장을 안 함으로써 오히려 남성성을 따라가는 것 아니냐’는 비판은 운동이 한창일 때부터 지금까지도 이어지고 있습니다.

특히 탈코르셋 운동으로 짧은 머리가 페미니스트의 상징처럼 자리잡은 만큼 최근에는 머리를 짧게 자른 유명인들이 ‘남성을 혐오하는 극단적 페미니스트 아니냐’는 논란에 휘말리기도 했습니다.

◆ ‘탈코르셋 대변자’ 페미니스트 셜리

이 같은 논쟁을 깊게 살펴보기 위해 세계일보 영상팀은 ‘탈코르셋 대변자’로 공연화(29) 대전휴먼라이브러리 대표를 선정했습니다. 공 대표는 충남대학교 대학원 여성젠더학과에 재학 중인 인물입니다.

한때 긴 머리와 화장을 했었다는 그는 약 3년전부터 탈코르셋을 실천하고 있습니다. ‘페미니스트 셜리’라는 유튜브 채널을 통해 자신의 생활상을 공유하며 탈코르셋 운동을 알리는 활동도 하고 있습니다.

유튜브 활동을 하면서 ‘못생겼다’, ‘남자 같다’는 외모 비하를 당하고 있지만, 공 대표는 “여성에게 ‘네가 예쁘지 않으면 가치가 없어’라고 얘기하는, 여성 혐오에 기반한 공격이라는 것을 알기 때문에 상처 받지 않는다”고 말했습니다.

이어 “탈코르셋을 해서 심기에 거슬린다는 이유로 공격을 받는다고 생각하면 더더욱 운동을 확장시킬 필요가 있다고 느낀다”며 “여성이 남성이 원하는 모습을 하지 않더라도 편하게 살아갈 수 있는 사회를 만드는 데 기여하고 싶다”고 덧붙였습니다.

◆ ‘탈코르셋 비판’ 리나의 일상

‘탈코르셋 비판 측’으로 섭외한 리나(30)씨는 ‘리나의 일상’ 채널을 운영하는 유튜버입니다.

탈코르셋 운동을 촉발시켰던 배리나 씨의 책 ‘나는 예쁘지 않습니다’를 쓰레기통에 버리는 영상을 만들어 2년여 전 유명세를 탄 인물입니다.

리나 씨는 유튜브 채널에 자신의 일상을 올리는 한편 현재까지도 탈코르셋 등 페미니즘 의제에 대해 비판 목소리를 내고 있습니다.

엘리트 바이올린 교육을 받았던 리나 씨는 유년 시절 누구보다 꾸밈을 강요 받았다고 합니다. 그럼에도 탈코르셋 운동을 비판하는 이유는 “탈코르셋 운동가들이 사회생활을 하기 위한 기본적인 자기 관리조차 ‘꾸밈노동’이라며 한심하게 치부하기 때문”이라고 말했습니다.

몸매가 부각되는 옷을 입고 영상에 나온다는 이유로 다수 여성한테서 성희롱과 욕설, 비하를 당한 것도 탈코르셋 비판에 나선 이유라고 합니다. 리나 씨는 “남성에게 잘 보이고 싶어서 꾸미든 자기 만족으로 꾸미든 여성의 주체적인 선택이 존중받을 수 있는 사회가 여성 인권이 진보한 사회라고 생각한다”고 강조했습니다.

◆ 두 여성의 입을 통해 고찰하는 ‘탈코르셋’

끝간사람 탈코르셋 편 첫 영상에는 공 대표와 리나 씨의 각기 다른 일상을 담았습니다.

탈코르셋과 관련해 두 사람과 생각이 달라도 그들을 한 인간으로 지켜보자는 취지입니다.

‘긴 머리와 화장한 얼굴’로 대표되는 여성의 모습을 거부한 여성과 대중에게 아름다운 모습을 보이고자 적극적으로 자신을 꾸미는 여성, 두 인물의 일상에는 어떤 차이가 존재할까요.

#탈코르셋 #페미니스트셜리 #리나의일상 #페미니즘 #페미니스트 #안티페미 #반페미

""세상을 보는 눈, 글로벌 미디어""
▶ 세계일보유튜브 구독하기 http://goo.gl/15RyKK
* 공식 홈페이지 http://www.segye.com
* 공식 페이스북 https://www.facebook.com/segyetimes/",2021-10-08T09:15:00Z,43406,659
EZWFRZ8_wI0,"[자막뉴스] ""난 카이스트..당신 어디까지 배웠어요?""..유치원 교사 통화 폭로에 '경악' (2023.08.04/MBC뉴스)",MBCNEWS,"#유치원 #교사 #학부모 ⓒ MBC&iMBC 무단 전재, 재배포 및 이용(AI학습 포함)금지",2023-08-05T23:23:27Z,1286610,18954
k2cmSw7vpPI,남혐 여혐 실컷 하세요 | 페미질,천설희,"문제를 인지하고 직시하는 것과
문제를 혐오하고 미워하는 것은
하늘과 땅 차이입니다.


중요 구간 나눔
00:00 이야기
06:09 내가 여자를 존중하는 이유들 시작
09:28 실패한 로멘티스트가 낫다
10:49 젊은 날의 시시비비
11:58 우리는 사랑의 증거들
12:58 자존감에 대한 중요한 인식!!

#mz세대 #자존감 #연애 #남녀관계",2022-12-18T10:02:00Z,25754,821
3HmcwhAMmAo,성착취 당한 10대 여고생의 일기(Diary of a teenage girl who was sexually exploited) [Wanderer] | 씨리얼 사회탐구,씨리얼,"평범했던 17세 여고생이
성매매 현장에서 직접 쓴 이 일기는 
아동·청소년 성매매의 ‘드러나지 않는 진실’을 말하고 있습니다. 

아이들에게 좋은 방향을 설정해주지 못하고
어떻게든 그 친구들을 이용해서 
어른의 쾌락을 느끼려고 하는 사회,
과연 건전한 사회일까요?

그 어른들에게 이용당한 아동과 청소년을
범죄자로 보는 사회는 그렇다면, 어떤 사회일까요?

이미 일본을 제외한 미국, 캐나다, 영국, 스웨덴 등은 
아청법을 개정해 성매수자와 알선업자만 처벌을 받을 수 있도록 하고 있습니다.

아이들을 보호해 주기보다는 
더 나락으로 떨어트리는 아청법은 개정되어야 합니다. 

이를 위해 십대여성인권센터는 2011년부터 묵묵히 투쟁 중입니다. 
바로, 저희가 소개해 드리는 세 번째 단체입니다.

아래 링크에 댓글을 달아주시는 것만으로도 그들을 후원할 수 있다고 합니다.
함께, 더 좋은 사회를 만들어 나가봅시다. 

🤜  http://bit.ly/함께하기_십대여성인권센터

#원더러 #Wanderer

-

씨리즌의, 씨리즌에 의한, 씨리즌을 위한
씨리얼 '구독'하고! 더 많은 곳에서도 많이 많이 퍼묵퍼묵! :-)

인스타그램: https://www.instagram.com/creal.official
페이스북: https://www.facebook.com/creal20/",2018-11-06T12:00:01Z,713262,11639
oDxWuXdLL6A,내가 모르던 부모님의 인생을 책으로 접한다면,씨리얼,"""저는 솔직히 오늘 아침에도 책을 찾으면서 보고 정말 펑펑 울고 나왔어요”
""엄마는 집에서 청소하시고, 밥하시고, 낮잠도 주무시고, 편하시겠다고 생각했는데, 정말 그와 반대로 어머니도 자신의 삶을 추구하고 계셨고 그런 부분을 원하셨던 걸 자서전을 통해 알게 되었어요”

내가 모르던 부모님의 인생을 책으로 접한다면 어떤 기분일까요. 아버지가 돌아가신 후 아버지에 대해, 우리 가족에 대해 아는 것이 하나도 없다는 것에 충격을 받아서 프로젝트를 시작했다는 정대영 대표. 그리고 ""모든 가정의 책장에 부모님의 자서전이 꽂히는” 그런 순간을 위해서 일을 한다는 이민섭 대표. 부모님이 직접 쓴 자서전을 만드는 '뭉클스토리'. 엄마와 아빠가 주인공인 세상 단 하나뿐인 책을 만드는 그들의 이야기를 영상에 담았습니다.

ㅡ

씨리즌의, 씨리즌에 의한, 씨리즌을 위한 
씨리얼 '구독'하고! 더 많은 곳에서도 퍼묵퍼묵🥣 

인스타그램: https://www.instagram.com/creal.official 
페이스북: https://www.facebook.com/creal20/",2018-06-20T06:00:02Z,16862,361
g5STchALAMM,"선생님 숨지자 쏟아진 충격 증언..""어떤 왕국 같은 게 있었어요"" [뉴스.zip/MBC뉴스]",MBCNEWS,"00:00 [단독] 갑자기 숨진 고교 교사‥""학생 성폭력"" 의혹 있었다 (2023.04.13/뉴스데스크/MBC)  
02:07 [단독] ""나도 성폭력 피해자"" 잇따르는 증언‥""어떤 왕국 같은 게 있었다"" (2023.04.13/뉴스데스크/MBC)  

#교사 #성폭력 #고등학교 ⓒ MBC&iMBC 무단 전재, 재배포 및 이용(AI학습 포함)금지",2023-04-15T23:52:26Z,5397538,26431
1yVIau79Lkc,유치원 갔더니 내 딸이 핑크공주가 되어버렸다 | 씨리얼 사회탐구,씨리얼,"“미디어에 다양한 색을!” “아이들에게 다양한 삶을!” 왜 아들 딸 옷이랑 장난감은 핑크 분홍색과 블루 파란색 선택지밖에 없는 걸까요? 남자아이 여자아이 장난감, 육아 아이템은 왜 초록색, 노란색은 잘 쓰지 않는 거고요. 시크릿쥬쥬 같은 아동 애니메이션에 나오는 주인공들 모습은 어떤지 생각해보셨는지.

미디어가 아이들에게 더 넓은 세상 이야기를 전해주길 바라는 부모들이 있습니다. 모두 육아 전쟁 속에서 바쁜 일상을 보내고 있지만, “핑크 노 모어(pinknomore.org)”라는 캠페인으로 혐오와 차별이 담긴 미디어를 거부하는 운동을 진행하고 있습니다. 아이들이 성별에 얽매이지 않고 나답게 자라나길 바라는 부모들의 솔직하고 현실적인 고민은 무엇이었을까요. 

ㅡ

씨리즌의, 씨리즌에 의한, 씨리즌을 위한 
씨리얼 '구독'하고! 더 많은 곳에서도 퍼묵퍼묵🥣 

인스타그램: https://www.instagram.com/creal.official 
페이스북: https://www.facebook.com/creal20/",2019-12-24T12:00:13Z,448859,9807
UHtkdL5ngnA,[여의도튜브] 안창호함 태평양횡단 '무력시위'에 캐나다 60조 사업 수주 '청신호' / 머니투데이방송,MTN 머니투데이방송,"대한민국의 독자 기술로 건조된 3000톤급 잠수함, 도산안창호함이 새로운 역사를 썼습니다. 한국-캐나다 해군 연합협력훈련에 참가해 태평야을 횡단하는 모습을 증명해 호평을 받은 건데요. 

지난 3월 진해항을 출발한 도산안창호함은 한국 잠수함 역사상 처음으로 태평양을 횡단해 지난 24일(현지시간), 캐나다 서부 빅토리아 에스퀴몰트 해군기지에 입항했습니다. 편도 거리만 무려 1만 4000km에 달하는 대장정을 무사히 마친 것입니다.

아나운서: 김나윤
영상콘텐츠: 김수진 
기사콘텐츠: 김나윤
기획: 강인형
총괄: 정미경 
제작: MTN 머니투데이방송

#대한민국 #캐나다 #잠수함 #한화오션 #현대중공업

*광고 및 비즈니스 문의 : shorts@mtn.co.kr",2026-05-25T07:30:22Z,44972,1100
s8n7P3aijKk,판도라의 상자 낙태!!! 집요하게 묻는 파트너 대처법. 질첵언니의 행복한 카운슬링,질첵언니,"■질첵언니 구독하러가기 → http://reurl.kr/1A52D952DE

안녕하세요. '질첵언니' 권소영원장 입니다.

궁금하신 의료 정보를 아래 주소로 보내주시면, 
향후 온라인 진료 소재로 반영하겠습니다. 

■ Instagram    : @dr_so_young
■ E-mail           : rizgn@iriz.co.kr
■ 카톡친구 ID :강남리즈산부인과

#진료기록 #임신 #판도라의상자",2022-01-24T09:00:19Z,20305,194
gKInIToiSJ0,"[자막뉴스] 엄마 살해하고 ""난 촉법이야!""..'자신만만' 중학생의 최후 (2024.11.05/MBC뉴스)",MBCNEWS,"#촉법소년 #존속살해 #대법원ㅤ
#MBC #뉴스 #뉴스데스크 #MBC뉴스 #뉴스투데이 #뉴스ZIP #뉴스꾹 #오늘이뉴스 #자막뉴스
ㅤ
ⓒ MBC & iMBC 무단 전재, 재배포 및 이용(AI학습 포함)금지",2024-11-05T02:14:26Z,4319787,43503
rFSYaUZQ9h4,"[자막뉴스] ""내가 안 죽였어..옮기기만 했어"" ""나만 불쌍"" 정유정 육성 공개 (2023.09.26/MBC뉴스)",MBCNEWS,"#정유정 #또래살인 #현장음성 ⓒ MBC&iMBC 무단 전재, 재배포 및 이용(AI학습 포함)금지",2023-09-26T07:18:53Z,892725,4742
FbI6vEerwHU,남자들은 왜 성매매를  할까?,너나나나 You Same Me,"""난 돈을 줬잖아! 내가 공짜로 했어?""
철수의 친구가 말하는 철수들의 뇌구조!

_
너나나나X전북여성인권지원센터",2018-03-17T04:37:35Z,355724,16287
-NzJAU4_Wmk,(ENG SUB) 그동안 몰랐던 세계 전통 속 여성혐오 ｜ All about misogyny in the world,PRAN-프란,"세계 각국의 여성들은 어떤 삶을 살고 있을까요? 벨기에, 터키, 스리랑카, 중국, 슬로바키아 여성들을 만나 다양한 국가의 전통 속에 숨어 있는 여성혐오에 대해 들어봤습니다. 
※ 영어, 프랑스어, 터키어 자막이 준비돼 있습니다. 자막을 켜고 감상해 주세요:)
※ 자막 실수가 있어 영상을 거듭 재업로드합니다ㅠ!!! 댓글로 알려주신 구독자님 정말 감사합니다ㅠ!!!


더 나은 세상을 향한 따뜻한 시선, 
유튜브, 페이스북, 인스타그램, 트위터에서 만나요❣️
☞ 프란 유튜브 구독하기 ☞ https://www.youtube.com/channel/UC7axXR_NHflEt0A5Y7AfX_A
☞ 프란 인스타그램 팔로잉 ☞
https://www.instagram.com/pran__official/ 
☞ 프란 트위터 팔로잉 ☞
https://twitter.com/pran__official
☞ 프란 페이스북 좋아요 ☞
https://www.facebook.com/PRAN.issue/

#프란 X #AIESEC (OVER HER TEARS)

*OVER HER TEARS
- Facebook: https://www.facebook.com/OverHerTears/
- Instagram: https://www.instagram.com/over.her.tears/?hl=ko",2018-08-30T09:14:14Z,15609,1263
qb_CeZ4r6U8,저는 남자 페미니스트 입니다,내 이름은 오춘삼,,2025-07-04T11:15:06Z,611391,12278
jixwO_r0wWU,"[시선집중] '이대남=극우' 아니다! '일상의 광장화' 위해 공론장 필요 - 유승민 작가[6분집중], MBC 250610 방송",MBC 라디오 시사,"※ 〈김종배의 시선집중〉 방송 화면 인용 시, 출처를 잘 보이는 크기의 자막으로 다음과 같이 명시해주시기 바랍니다. 
- MBC 라디오 〈김종배의 시선집중〉 2025년 6월 10일 방송

| 출연 : 유승민 작가

#청년남성연대 #극우 #이대남 #연대 #이준석 
#시선집중 #MBC라디오 #김종배
#유승민 #작가 #6분집중 #이슈브리핑
#시선집중 #김종배의시선집중 #김종배시선집중 #김종배
#MBC라디오 #MBC #시사라디오 #뉴스

| 김종배의 시선집중 홈페이지 |
http://www.imbc.com/broad/radio/fm/look/",2025-06-10T00:46:02Z,5899,298
YCPTstdAydA,이제는 지역보다 ‘세대’와 ‘성별’? 21대 대선 표심은 어디로 / 오그랲 / 비디오머그,비디오머그 - VIDEOMUG,"어느새 다음 주로 대선이 다가왔습니다. 원래였다면 2027년 3월에 실시되었어야 할 대선이었지만, 윤석열 대통령이 탄핵되면서 조기 대선을 맞이하게 되었죠. 이른 대선을 맞이하여 오그랲도 선거 이야기를 준비해 봤습니다.

선거와 함께 풀어낼 수 있는 다양한 데이터들이 있겠지만, 오늘은 선거권을 갖고 있는 유권자들의 세대 이야기가 주인공입니다. 전체 유권자 가운데 가장 규모가 많은 4050 세대의 이야기는 다른 곳에서도 많이 다루어지는 만큼 오늘 오그랲에서는 2030 젊은 세대와 6070 노년 세대에 집중해서 풀어보겠습니다.

(취재 : 안혜민, 영상취재 : 강동철, 편집 : 이기은, 디자인 : 안준석, 인턴 : 박건우·배주연, 제작 : 디지털뉴스제작부)

00:00 📊오프닝
00:56 📊또다시 찾아온 '장미 대선'... 유권자 86% ""반드시 투표""
03:01 📊2030 성별로 갈라진 20대 대선, 이번에도 이어질까?
05:04 🔗쇼츠로 유세에 나선 후보들
06:17 📊늙어가는 대한민국, 2030 넘어선 6070

✔신뢰할 수 있는 재미, 비디오머그 VIDEOMUG

참고자료
- 제21대 대통령 1차 유권자의식조사 | 중앙선거관리위원회
- 제20대 대통령선거 투표율 분석 결과 | 중앙선거관리위원회
- 고령층의 계엄에 대한 태도 | EAI 워킹페이퍼
- 86세대와 세대 효과의 종언: 1992-2022 대선 분석 | EAI 워킹페이퍼
- 청년 젠더 갈등: 이념 갈등을 뛰어넘어 한국 정치의 새로운 균열선 될까? | EAI 스페셜리포트
- 주민등록 인구통계 | 행정안전부
- YouTube Data API | Google Cloud

#비디오머그 #대선 #투표 #대통령선거 #VMG #오그랲

♨지금 뜨거운 이슈, 함께 토론하기(스프 구독) : https://premium.sbs.co.kr

▶비디오머그 채널 구독하기 : https://n.sbs.co.kr/mugTube
▶Homepage : https://videomug.co.kr
▶Facebook : https://www.facebook.com/videomug
▶Twitter : https://twitter.com/videomug_sbs

Copyright Ⓒ SBS. All rights reserved. 무단 전재, 재배포 및 AI학습 이용 금지",2025-05-28T12:01:05Z,1418971,8742
UhM_SZnaofI,"비상 계엄 다음날, 역사 선생님이 계엄령을 설명한 방법",씨리얼,"12월 3일 밤 10시 27분, 윤석열 대통령이 긴급 브리핑을 통해 ‘비상계엄’을 선포했습니다. 1979년 이후 45년 만에 내려진 계엄령이었습니다. 

-국회와 지방의회, 정당의 활동과 정치적 결사, 집회, 시위 등 일체의 정치활동을 금한다.
-모든 언론과 출판은 계엄사의 통제를 받는다. 
-사회 혼란을 조장하는 파업, 태업, 집회 행위를 금한다.
-전공의를 비롯하여 파업 중이거나 의료 현장을 이탈한 모든 의료인은 48시간 내 본업에 복귀하여 충실히 근무하고 위반시 계엄법에 의해 처단된다. 

반국가세력을 '일거에 척결’하기 위한 계엄령 발동. 군사정권 시대에나 볼법한 표현이 쓰인 계엄 포고령이 발령되었습니다. 이어 계엄군이 국회 진입을 시도했고, 헬기가 국회 상공으로 향했습니다. 국회의원들과 기자들은 국회에 들어가기 위해 담을 넘었고, 시민들과 보좌진들은 계엄군의 국회 진입을 힘을 다해 막았습니다. 

도무지 현실 같지 않았던 12월 3일 밤, 여러분은 어떤 밤을 보내셨나요?  씨리얼팀은 그날 밤 '도저히 가만히 있을 수 없어서' 뭐라도 했던 사람들을 만나보았습니다. 

국회가 위험하다는 말을 듣고서 짐을 싸서 막으러 나간 시민들. 밤새워 아이들에게 이 상황을 설명할 수업자료를 밤새 만든 선생님. 이들은 어떤 마음으로 그 밤을 보냈을까요? 지금 바로 영상으로 만나 보세요.

#계엄령 #윤석열 

🤍'씨리즌'이 되어주세요!  
우리 함께, 세상을 조금씩 더 좋아지게 만들어봐요
▶씨리얼 멤버십 가입: https://www.youtube.com/channel/UCqRHncabshHQm_8t2SuMUrA/join

틱톡: https://www.tiktok.com/@creal.official
인스타그램: https://www.instagram.com/creal.official
페이스북: https://www.facebook.com/creal20
카카오톡 채널: https://pf.kakao.com/_xbxlles
트위터: https://twitter.com/Creal_kor",2024-12-06T03:00:20Z,162983,4779
T4SFYJM4Euw,닿기만 해도 성추행?…판결도 무시하고 남성 직원 징계 / JTBC 사건반장,JTBC News,"성추행 누명을 쓰고 억울한 징계를 받았다는 공기업 직원의 '제보'가 들어왔습니다. 경찰과 검찰, 민사 재판까지 모두 무혐의로 결론났지만 회사에서는 여전히 징계를 유지하고 있다는 ‘주장’입니다. 어떻게 된 일인지 알아봅니다.

▶ 시리즈 더 보기 https://www.youtube.com/playlist?list=PL3Eb1N33oAXijbwnIWKJbTgzfn0_Qwf3a

📢 지금, 이슈의 현장을 실시간으로!
☞JTBC 모바일라이브 시청하기 https://www.youtube.com/@jtbc_news/streams

☞JTBC유튜브 구독하기 (https://www.youtube.com/user/JTBC10news)
☞JTBC유튜브 커뮤니티 (https://www.youtube.com/user/JTBC10news/community)

#JTBC뉴스 공식 페이지 https://news.jtbc.co.kr

페이스북 https://www.facebook.com/jtbcnews
X(트위터) https://twitter.com/JTBC_news
인스타그램 https://www.instagram.com/jtbcnews

☏ 제보하기 https://news.jtbc.co.kr/report
방송사 : JTBC (https://jtbc.co.kr)",2025-11-19T13:17:40Z,271322,2152
jLWBdjpc-pM,"""또 진흙탕 싸움 시작됩니다"" 작심한 듯 쏟아내자 '실시간 채팅 폭발'..'마지막 대선 TV 토론' 하이라이트 (현장영상) / SBS",SBS 뉴스,"대선을 일주일 앞두고 정치 분야를 주제로 마지막 TV 토론에서 4명의 후보가 치열하게 맞붙었습니다.

2시간 동안의 '대통령 선거 3차 TV 토론'에서 화제 혹은 논란이 된 장면을 압축 정리했습니다.

(구성 : 진상명 / 영상편집 : 이혜림 / 제작 : 디지털뉴스편집부)

00:00 시작
01:02 주제1. 정치 양극화 해법?
05:18 주제2. 정치 개혁 어떻게?
09:45 주제3. 외교 안보 정책은?
 
#대선토론 #대선토론3차 #3차토론 #대선토론하이라이트 #토론회 #뉴스 #실시간 

Copyright Ⓒ SBS. All rights reserved. 무단 전재, 재배포 및 AI학습 이용 금지",2025-05-27T22:01:36Z,2376625,17543
WwayyC5XcLg,Ep.1 인공지능이 가져온 삶의 변화 | 국제앰네스티X국가인권위,Amnesty Korea,"인공지능의 발전에 놀라워하는 와중에, 인공지능은 어느 새 우리 삶 속 깊숙이 자리잡고 있습니다. 
인공지능을 참고자료와 도구로써만 사용하는 것을 넘어 훨씬 많이 의존하게 된 경우도 있고, 이미 채용과 같은 과정에서 인공지능이 내리는 결정을 적용받는 사람도 있습니다.   
인공지능을 주로 사용하는 입장과, 인공지능에 적용을 받는 입장 사이에서 우리 각자는 어디에 서있게 될까요? 또 나의 일상에서 예측 가능한 인공지능의 영역은 어디까지인지, 미처 예측하지 못했지만 인공지능이 작용하고 있거나 예정인 영역은 무엇이 있을지 생각해봅니다. 

앰네스티는 국가인권위원회와 공동으로 교육영상 ""청소년과 함께 하는- 인공지능과 인권""을 3편으로 제작하였습니다.  
두 사람의 대화 형식으로 구성된 영상은 아래의 세 가지 주제로 나뉘어 있으며, 각 편의 마지막 부분에는 더 논의해보면 좋을 문제들을 제시하여 수업이나 모임 등에서 영상을 보고 간단한 토론을 진행할 수 있도록 구성하였습니다. 

1️⃣ 인공지능이 가져온 삶의 변화
2️⃣ 인공지능은 편견이 없을까?
3️⃣ 인공지능이 인권을 침해한다고?
💬대담자: 장여경(정보인권연구소 상임이사), 예슬(초등학생) 

2026년 1월 22일, 정부가 시행하는 「인공지능 발전과 신뢰 기반 조성 등에 관한 기본법」과 정책에 대해서도 인권의 눈으로 찬찬히 살펴보면서, 해당 법안에 인공지능의 위험성을 통제하고 사업자의 책임성을 강화할 장치가 있는지, 또 인공지능의 영향을 받는 사람들의 권리 보호와 피해 구제 방안이 있는지 여부와, 우리는 법을 어떻게 보완해갈 수 있을지 더 풍성한 토론을 이어갈 수 있길 바랍니다. 
본 영상이 교육과 일상의 여러 자리에서 인공지능에 대한 논의를 시작하는데 길잡이가 되길 바랍니다.",2026-01-12T07:02:00Z,401,18
2I_DBkrHeXs,"""여성도 징병 못할 이유 없지만… 軍은 남녀평등 실현 도구 아니다"" [포스트잇+]/ 와이퍼",YTN star,"""국방부가 여성 징병이 필요하다고 판단하면 지체없이 여성들을 군에 보내야 하고, 그게 아니라면 징집할 필요가 없습니다. 군 복무는 사회적 합의로 결정할 문제가 아니니까요. 어떤 나라가 전투 준비와 전쟁을 사회적 합의로 합니까?""
[육군 소령 출신 이지훈 변호사]

'국가 안보상 필요하다면 여성도 징병하지 못할 이유가 없다.' 최근 이슈가 된 여성 징병제에 대해 이지훈 변호사는 명쾌한 논리로 말했습니다. 지난 2004년 입대해 14년간 육군 법무관으로 복무한 소령 출신 예비역이라 소신을 밝히는 데 거침이 없었습니다. 

""군은 전쟁에 대비해 존재하는 만큼 태생적으로 남성중심적이고 보수적인 조직""일 수밖에 없다면서 ""군대를 남녀평등 실현의 장으로 만들거나 사회 문제가 된 이슈들을 군에 접목하는 건 굉장히 위험하다""고 강조했습니다.   

아울러 여성 징병제에 관해 국방부가 ""국민적 공감대 형성을 통한 사회적 합의 등을 종합적으로 고려해야 한다""고 밝힌 것은 문제를 방관하는 태도라고 비판했습니다. 

이 변호사는 또 ""병역 의무처럼 특별하고 완벽한 희생은 없다""며 ""국가가 개인의 소중한 시간과 노동력을 사용한 만큼 합당한 보상이 이뤄져야 한다""고 설명했습니다. 

그러면서도 ""국가에서 다시 나를 부른다면 당연히 군에 가야 하겠지만, 지금 재입대하는 꿈을 꾼다면 아마 잠에서 깨서 소리를 지를 것""이라고 덧붙였습니다. 

누구보다 군을 잘 아는 이지훈 변호사가 말하는 여성 징병제에 대한 주요 인터뷰 내용은 다음과 같습니다. 

- 여성 징병제에 대해 어떻게 생각하나?
= 이 문제가 군사적 필요성 때문에 제기된 건 전혀 아니라고 생각해요. 여성 징병제는 남녀평등 차원이나 충동적 감정으로 해결할 문제가 아니라 국가 안보와 군사적 필요성에 따라 면밀히 판단해야 합니다. 

- 국방부가 사회적 합의 등을 고려해야 한다고 밝혔는데?
= 여성 징병을 사회적 합의로 결정할 수는 없어요. 지금 사회적 합의가 없다고 군 복무를 안 할 수 없는 거잖아요. 국방부가 국가 안보상 필요하다고 판단하면 당연히 여성도 군에 가야 합니다. 만약 그게 아니라면 앞으로도 여성을 징병할 필요는 없는 거고요. 군의 존재 이유는 전쟁이고, 전쟁을 사회적 합의에 따라 할 수는 없습니다. 우리 안보 상황에 비춰 여성이 군에 필요한지, 필요하다면 어느 정도가 적정한지 국방부가 책임 부서로서 입장을 밝히지 않는 건 사태를 방관하는 겁니다. 

- 한국여성정책연구원에서 여성 50% 이상이 징병에 찬성한다는 설문조사를 발표하기도 했는데?
= 놀라운 수치인데, 저한테 만약 질문했다면 징집에 동의하지 않았을 겁니다. 저는 9주간 군사 훈련을 받았고, 14년 동안 육군 법무관으로 복무했습니다. 군에서 자유가 억압되고 집단으로 살아야 하는 그 자체가 저한테는 굉장히 큰 고통이었습니다. 
그리고 남성과 여성은 분명히 신체적 차이가 있습니다. 군대는 태생적으로 남성중심적이고 보수적인 조직이며, 그게 불가피하다고 생각합니다. 그래서 군대를 남녀 평등을 실현하는 장으로 만들거나 사회에서 문제가 된 이슈들을 군에 접목하는 건 굉장히 위험합니다. 

- 군 복무는 의무이지 보상의 대상이 아니라는 주장에 대해? 
= 굉장히 위험한 국가주의적 발상입니다. 헌법에 따라 국방 의무는 모든 국민에게 부여되지만, 징집은 병역법에 따라 남성에게만 부과되는, 특별하고 완벽한 희생입니다. 그럼 당연히 정당한 보상을 해줘야겠죠. 국가가 공공 이익을 위해 개인의 소중한 시간과 노동력을 사용한 거니까요. 우리는 자본주의 사회에 살고 있기 때문에 모든 가치는 금전적으로 환산할 수 있습니다. 그래서 월급을 인상하거나 전역 시 일시금을 주는 방법 등을 적극적으로 고려해야 한다고 생각합니다.


제작: YTN 권민석 기자(minseok20@ytn.co.kr)
         YTN PLUS 정원호PD(gardenho@ytnplus.co.kr)
         YTN PLUS 함초롱PD(jinchor@ytnplus.co.kr)

#와이퍼 #포스트잇 #징병제",2021-05-14T09:15:25Z,228967,2183
BlqacP2b0os,"근무 태도 지적하자 매장 폐업 시킨 '아르바이트생', 결국… / SBS / 뉴블더",SBS 뉴스,"백화점 매장에서 일하던 한 아르바이트생이 점주에게 불만을 품고, ""직원이 불친절하다""면서 남자 친구 이름으로 '가짜 민원'을 넣는 일이 있었습니다.

결국 이 가짜 민원 글 영향으로 본사가 매장과 계약 연장을 거절한다고 통보했고, 매장은 결국 문을 닫았습니다.

인천의 한 백화점에 입점한 가방 브랜드 매장에서 근무하던 아르바이트생 A 씨, 지난해 7월, 점주가 A 씨에게 근무 태도 등을 지적하자 사표를 냈습니다.

고객 불만이 3번 이상 접수되면 본사와의 계약 연장에서 불이익을 받을 수 있단 점을 알고 있던 A 씨는 앙심을 품고, 퇴사 당일 해당 백화점 홈페이지에 남자 친구의 이름으로 가짜 민원 글을 올렸습니다.

""직원이 아이스크림만 먹으면서 응대도 하지 않고 쳐다만 봤다""는 내용이었습니다.

이어 8월에는 또다시 남자 친구의 이름으로 ""염색을 한 직원은 기본 교육이 필요하다"", ""아웃렛도 아니고 백화점에서 직원 관리가 이렇냐"" 등의 글을 올렸습니다.

이런 글이 지속적으로 올라오자, 해당 매장은 브랜드 본사로부터 계약 연장 거절 통보를 받았고 결국 폐업했습니다.

이 아르바이트생은 결국 범행이 들통나서 업무방해 혐의로 재판에 넘겨졌는데요.

재판부는 A 씨의 죄질이 좋지 않다면서 징역 8개월에 집행유예 2년을 선고했습니다.

(영상편집 : 문이진)


☞더 자세한 정보
https://news.sbs.co.kr/y/?id=N1007896753

☞[뉴블더] 기사 모아보기 
https://news.sbs.co.kr/y/t/?id=10000000332
 

#SBS뉴스 #근무 #알바생 #매장 #폐업

▶SBS 뉴스 채널 구독하기 : https://n.sbs.co.kr/youtube 

♨지금 뜨거운 이슈, 함께 토론하기(스프 구독) : https://premium.sbs.co.kr

▶SBS 뉴스 라이브 : https://n.sbs.co.kr/youtubeLive , https://n.sbs.co.kr/live 

▶SBS 뉴스 제보하기
홈페이지: https://n.sbs.co.kr/inform 
애플리케이션: 'SBS뉴스' 앱 설치하고 제보 - https://n.sbs.co.kr/App 
카카오톡: 'SBS뉴스'와 친구 맺고 채팅 - https://pf.kakao.com/_ewsdq/chat 
페이스북: 'SBS뉴스' 메시지 전송 - https://www.facebook.com/sbs8news 
이메일: sbs8news@sbs.co.kr 
문자 # 누르고 6000 
전화: 02-2113-6000 

홈페이지: https://news.sbs.co.kr/ 
페이스북: https://www.facebook.com/sbs8news 
X(구:트위터): https://www.twitter.com/sbs8news
카카오톡: https://pf.kakao.com/_ewsdq
인스타그램: https://www.instagram.com/sbsnews

Copyright Ⓒ SBS. All rights reserved. 무단 전재, 재배포 및 AI학습 이용 금지",2024-12-03T07:05:00Z,3839730,18315
STYBy3VdNGU,"2026년 5월 25일 매일경제 1면…트럼프 ""이란과 협정 최종 확정 남아"" [아침&매일경제]",MBN News,"[출연자]
김상일 정치평론가
김광삼 변호사
서양호 시사평론가
김기흥 국민의힘 미디어대변인

#MBN #MBN아침앤매일경제 #민지숙앵커 #이란 #트럼프 #전쟁 #휴전 #호르무즈 #개방 #협상 #반도체 #수출 #성과급 #실업 #쉬었음청년 #스타벅스 #5.18 #불매 #선거 #조롱 #혐오 #일베 #커뮤니티 #이재명


Copyright MBN. All rights reserved.
무단 전재, 재배포 및 AI학습 이용 금지

☞ MBN 유튜브 구독하기  ☞ https://goo.gl/6ZsJGT
📢 MBN 유튜브 커뮤니티 https://www.youtube.com/user/mbn/community?disable_polymer=1

MBN 페이스북 http://www.facebook.com/mbntv
MBN 인스타그램 https://www.instagram.com/mbn_news/",2026-05-25T02:07:22Z,1017,16
SxfhE3CpV5o,가수·정치인도 '펑펑'…캔에 이 얼굴 넣은 1위 맥주 추락 / SBS 8뉴스,SBS 뉴스,"〈앵커〉

미국에서 가장 많이 팔려온 맥주를 두고, '불매 운동'이 벌어졌습니다. 회사가 휘청일 만큼 실제 매출도 크게 줄었는데요. 이 일의 시작은 한 트랜스젠더에게 맥주 협찬을 한 거였습니다.

뉴욕 김범주 특파원이 소식 전하겠습니다.

〈기자〉

[키드 락/미국 록 가수 : 내 의견을 최대한 명확하고 간결하게 말해보도록 하죠.]

미국의 한 보수 성향 록가수가 SNS에 올린 영상입니다.

[와다다다......]

버드 라이트 맥주 캔을 보수의 상징인 소총으로 쏴서 터트립니다.

이런 일들은 지난봄, 이 광고가 나오면서 시작됐습니다.


[딜런 멀버니/트랜스젠더 인플루언서 : 제가 여자가 된 지 365일 된 걸 축하하면서, 버드 라이트가 저한테 최고의 선물로 맥주캔에 제 얼굴을 넣어서 보내줬어요.]

고객층을 넓히려고 유명 트랜스젠더에게 협찬을 했는데, 기존 고객층인 보수 남성층 중심으로 반발하며 불매 운동으로 이어졌습니다.

맥주 캔을 압착기에 넣어서 터트리는 일반인부터, 공연장에서 맥주를 받아서 내팽개치는 대중가수에,

[닉 슈로워/미주리주 상원의원 : 이 버드 맥주, 당신들이나 드세요.]

공처럼 던져주는 정치인까지, 보이콧이 게임처럼 번졌습니다.

그 결과 지난 2분기에 버드 라이트는 매출이 25% 줄면서 20년 넘게 지켜온 미국 1위 자리를 멕시코 맥주에게 내줬습니다.

3대 소매 업체 중 하나인 타깃도 다양한 성 정체성을 지지한다는 행사를 열었다가, 다른 경쟁자들과 다르게 매출은 10%, 주가는 20% 떨어졌습니다.

문제는 이런 소매업체나, 맥주회사가 힘들어지는 정도에서 일이 끝나지가 않는다는 겁니다.

이 논쟁 때문에 미국 곳곳에서 지금 범죄까지 이어지고 있습니다.

성소수자를 지지한다는 뜻에서 무지개 깃발을 내걸었던 가게 주인이 총에 맞아서 숨지는 사건까지 벌어졌습니다.

[섀년 디커스/지역 경찰서장 : 이케구치(살해범)은 무지개 깃발을 찢었고 피해자에게 혐오를 담은 비난을 퍼부었습니다.]

미국에서는 내년 대선을 앞두고 정치세력들이 갈등요소들을 더 부추기는 상황이어서, 이런 충돌이 가라앉기는 힘들 전망입니다.

(영상취재 : 이상욱, 영상편집 : 최은진)


☞더 자세한 정보
https://news.sbs.co.kr/y/?id=N1007349892
 

#SBS뉴스 #8뉴스 #미국 #맥주 #불매운동 #트랜스젠더 #협찬

▶SBS 뉴스 채널 구독하기 : https://n.sbs.co.kr/youtube 

♨지금 뜨거운 이슈, 함께 토론하기(스프 구독) : https://premium.sbs.co.kr

▶SBS 뉴스 라이브 : https://n.sbs.co.kr/youtubeLive , https://n.sbs.co.kr/live 

▶SBS 뉴스 제보하기
홈페이지: https://n.sbs.co.kr/inform 
애플리케이션: 'SBS뉴스' 앱 설치하고 제보 - https://n.sbs.co.kr/App 
카카오톡: 'SBS뉴스'와 친구 맺고 채팅 - https://pf.kakao.com/_ewsdq/chat 
페이스북: 'SBS뉴스' 메시지 전송 - https://www.facebook.com/sbs8news 
이메일: sbs8news@sbs.co.kr 
문자 #누르고 6000 
전화: 02-2113-6000 

홈페이지: https://news.sbs.co.kr/ 
페이스북: https://www.facebook.com/sbs8news 
트위터: https://www.twitter.com/sbs8news
카카오톡: https://pf.kakao.com/_ewsdq
인스타그램: https://www.instagram.com/sbsnews

Copyright Ⓒ SBS. All rights reserved. 무단 전재, 재배포 및 AI학습 이용 금지",2023-09-16T11:47:12Z,1722969,9673
RaQP7F9aU1s,"[여의도튜브] 트럼프 ""서둘 것 없다"" vs 이란 ""핵은 논의대상 아냐"" 맞서 / 머니투데이방송",MTN 머니투데이방송,"전 세계가 촉각을 곤두세우고 있는 가운데 미국과 이란 간의 전쟁을 멈출 종전 양해각서, MOU 체결이 임박했다는 보도들이 쏟아졌지만 완전한 휴전협상 타결까지는 시간이 걸릴 것으로 보입니다.

미국 매체 악시오스에 따르면 당초 마코 루비오 국무장관은 ""몇 시간 안에 좋은 소식이 있을 것""이라며 기대감을 높였으나, 24일 돌연 신중한 태도로 돌아섰습니다. 루비오 장관은 ""핵 문제는 냅킨 뒤에 끄적이며 72시간 만에 처리할 수 있는 일이 아니다""라며 최종 합의까지 시간이 더 필요함을 시사했습니다.  

아나운서: 김나윤
영상콘텐츠: 김수진 
기사콘텐츠: 김나윤
기획: 강인형
총괄: 정미경 
제작: MTN 머니투데이방송

#미국 #이란 #휴전 #협상 #호르무즈

*광고 및 비즈니스 문의 : shorts@mtn.co.kr",2026-05-25T09:30:31Z,4680,237
Yq5-gR10feM,해서는 안되는 기도가 있다?? 군인들이 하는 식사에 대한 불편한 기도,정훈장교TV,"감사하는 마음은 좋은 것입니다.
그러나 감사를 강제하는 것은 옳지 않습니다.
오랜 세월 감사를 강제당했던 사람들이 있습니다.
정훈장교가 알아봤습니다.

-------------------------------------------------------------------------------------------

📢BGM
★SEED - Conflict
➤https://youtu.be/WHnc-LOtCHk
➤나눔뮤직 - https://tv.naver.com/v/9561092

-------------------------------------------------------------------------------------------

정훈장교는
방역 규칙을 준수하며 안전하게 편집을 진행했습니다.

-------------------------------------------------------------------------------------------

#부실급식 #군대 #식단 #감사 #기도 #임오군란",2021-12-18T08:00:11Z,1117,12
jkNOr38S_JI,첫 ㅈ위는 언제 해봤어요?,오구오구 OGUOGU,"#오구라유나 #오구오구

------------------

▶ 오구라유나 인스타그램
https://www.instagram.com/ogura_yuna/
------------------

비즈니스 메일
📧 5959info@scompanys.com",2025-07-01T10:01:25Z,1722266,14234
4uCznFPqcHE,뷰티 유튜버가 화장을 지운 이유... '나는 예쁘지 않습니다' / 비디오머그,비디오머그 - VIDEOMUG,"키 163cm에 몸무게 96kg의 유튜버 배리나가 지난 6월 영상 하나를 공개했습니다. '나는 예쁘지 않습니다'라는 제목의 이 영상에서 뷰티 유튜버로 활동해온 그녀는 화장을 지우고 탈코르셋을 선언합니다. 이 영상은 조회수가 500만에 육박할 정도로 큰 화제가 되고 있습니다.

뷰티 유튜버가 화장을 지운 이유... '나는 예쁘지 않습니다' / 비디오머그

✔신뢰할 수 있는 재미, 비디오머그 VIDEOMUG

#비디오머그 #VIDEOMUG

▶비디오머그 채널 구독하기 : https://n.sbs.co.kr/mugTube
▶Homepage : https://n.sbs.co.kr/videomug
▶Facebook : https://www.facebook.com/videomug
▶Twitter : https://twitter.com/videomug_sbs",2018-11-16T11:04:57Z,1566301,17426
JfTuOplIOUs,아 브라 갖다 브라~! 우리들의 탈브라 이야기,경향TV,"여성의 가슴을 가리라고 하는 사회, 가린 것(브래지어)도 가리라고 하는 사회. 이런 사회에서 탈브라를 ‘감행’하고 있는 여성들의 이야기를 통해, 우리는 ‘브래지어를 하지 않을 권리’에 대해 이야기해보고자 한다. 

〈취재 장은교 기자 indi@kyunghyang.com
제작 이바미 인턴 PD bamilee@kyunghyang.com
유명종 PD yoopd@kyunghyang.com〉

#탈브라 #불화자 #브래지어

경향신문 홈페이지 http://www.khan.co.kr/

경향신문 페이스북 https://www.facebook.com/kyunghyangshinmun

경향신문 트위터 https://twitter.com/kyunghyang

스포츠경향 홈페이지 http://sports.khan.co.kr/ 

스포츠경향 페이스북 https://www.facebook.com/sportkh

스포츠경향 트위터 https://twitter.com/sportskh",2019-06-14T21:00:02Z,329947,1153
K4Gh1U61Em4,탈코르셋이 망할 수 밖에 없는 불편한 진실,시사건건,"탈코르셋 운동에 균열이 생기고 있습니다. 

그 불편한 진실을 이야기했습니다. 

트위치 생방송
https://www.twitch.tv/holsbro

뉴스읽어주는남자 재생목록
https://www.youtube.com/playlist?list=PLtmT25E8sruqNJ5DJ1sLVPFDelO8IZpCz",2019-03-24T07:56:21Z,3922,123
J0jURtSyOsE,오구라유나가 뽑은 최고의 업계 배우는?,오구오구 OGUOGU,"#오구라유나 #시즌2 #배우 

업계 사람만 아는 비밀을 알려줄게
유나가 알려주는 초특급 동료들의 정보!
이건 몰랐을 걸!!!
------------------
▶ 오구라유나 인스타그램
https://www.instagram.com/ogura_yuna/
------------------

비즈니스 메일
📧 5959info@scompanys.com",2024-08-19T09:00:13Z,802014,7840
RcwCsd4O638,남자에 미쳐서 과거를 후회하고 코르셋 조이는 논란의 유튜버?! ㄷㄷ ,지컨,"🥵질문 수위도 답변 수위도 정말 매콤하다!
아 맞다 치즈들 제가 곧 팬미팅이란 걸 합니다...
💖https://epimofficial.com/24/?idx=155💖
당장 이번주 토요일이라 진짜 얼마 안 남았는데요!
오셔서 함께 소소하지만 따뜻한 토크 나눠 봐요 ☕️
와 주신다면 서로에게 잊을 수 없는 추억이￼ 될 거예요 
선물도 웃음도 많이 챙겨 드릴게요 😊🫶",2025-10-28T09:00:46Z,332135,
wj1f5YGs-gg,n번방 터뜨린 기자지망생 불꽃은 결국 어디로 취업했을까? | 씨리얼 사회탐구,씨리얼,"n번방 사건을 처음으로 세상에 알린 추적자 불꽃. 대학교 과 선후배 사이입니다. 여느 평범한 한국 대학생처럼 '취업 스펙'을 위해 뭉친 그들은, 취재 공모전에 나가기 위해 구글링을 시작한 지 불과 1시간만에 아주 끔찍한 것을 마주해버렸습니다. n번방. 믿을 수 없어 관련 단어를 아무리 검색해봐도 보도된 내용은 없었습니다.

둘은 다음 날 바로 경찰에 신고를 했고, 잠입과 채증을 통해 수사를 돕기 시작합니다. 탄탄한 취재를 바탕으로 기사를 써내려갔고 공모전에서 우수상을 거머쥐었습니다. 하지만 세상은 무반응이었습니다. 두어 달 뒤 한겨레가 기성언론으로서는 처음으로 취재에 뛰어들었을 때, 경찰을 계속해서 돕고 있던 둘은 주요 멤버들이 검거되기 시작했다는 사실을 이미 알고 있었습니다. 

지지부진했던 공론화 과정 속에서 결국 불꽃은 상세한 n번방 추적기를 국민일보란 기성 언론을 통해 다소 적나라하게 내보였습니다. 그러자 사람들과 언론은 반응했습니다. 그제야 미친듯이 인터뷰 요청이 쏟아지기 시작했고, 사람들은 비로소 디지털성범죄라는 단어를 가볍지 않게 보기 시작했습니다. 여론이 달라지자 꿈쩍도 않던 법도 바뀌었습니다. 이에 따라 박사 조주빈과 갓갓 문형욱 등 주요 인물은 무거운 형벌을 받을 것으로 예상됩니다. 연이은 n번방 특종과 사회변화로, 한겨레와 국민일보는 작년 한 해 기자상을 휩쓸었습니다.

이러한 일련의 과정 속에서 불꽃 둘의 인생은 계획과는 좀 다르게 흘러갑니다.
분명 언론사 지망생이었는데 기자와 PD한테서 끝없이 질문을 받고, 주문을 받고, 상처도 받습니다.
기사는 쓰고 싶은데, 자꾸만 누군가를 직접 돕고도 싶어집니다.

과연 대학생 기자단 불꽃의 취업은 어떻게 되었을까요?


ㅡ

씨리즌의, 씨리즌에 의한, 씨리즌을 위한 
씨리얼 '구독'하고! 더 많은 곳에서도 퍼묵퍼묵🥣 

인스타그램: https://www.instagram.com/creal.offic​​ial
페이스북: https://www.facebook.com/creal20/​​
트위터: https://twitter.com/Creal_kor",2021-03-05T13:03:00Z,210882,10344
HSwQ4itMC2c,"""어차피 못 잡아"" 조롱하더니 심판받자 '덜덜' 급기야.. [뉴스.zip/MBC뉴스]",MBCNEWS,"00:00 ""사냥하듯 범행""‥서울대 N번방 주범 징역 10년 (2024.10.30/뉴스데스크/MBC)
02:12 [단독] '피해자 최소 12명' 서울대에서 집단 성범죄‥피의자 모두 '서울대' (2024.05.20/뉴스데스크/MBC)

#서울대N번방 #딥페이크 #텔레그램 #디지털성범죄
#MBC #뉴스 #뉴스데스크 #MBC뉴스 #뉴스투데이 #뉴스ZIP #뉴스꾹 #오늘이뉴스 #자막뉴스

ⓒ MBC & iMBC 무단 전재, 재배포 및 이용(AI학습 포함)금지",2024-11-03T08:42:33Z,1145376,16037
F0JTxj_0J4U,좌빨들과의 전화데이트... 2부 하악❤,신 남성연대,"월 1천원 정기후원하기
1877-0419 
온라인 신청 : url.kr/nbkk7z

#윤석열 #탄핵 #반대 #집회 #광화문
남성연대 알람어플(무료)이 출시되었습니다. 플레이스토어 '남성연대' 검색
https://play.google.com/store/apps/details?id=org.androidtown.newmanpower

남성연대 공식계좌

196201-04-280975
국민 (주)신남성연대

남성연대 공식카페
https://cafe.naver.com/manpowernew

인스타그램 : inkyu.bae
https://instagram.com/inkyu.bae

공식연락처 010 4500 3435

자발적 구독료
196201-04-284692 국민 배인규

언제 입이 막혀버릴지 모르는 상황입니다.
번거로우시더라도 꼭 모여주시길 바랍니다. 감사합니다.",2025-02-02T12:21:21Z,223357,17391
sRFF64dEWC8,"[풀영상] 당신도, 페미니즘이 불편하신가요? KBS 20220622",KBS 다큐공작소,"일반인 출연자에 대한 과도한 비방과 악성 댓글은 문제가 될 수 있으니 삼가주시기 바랍니다

페미니스트 4인이 말하는 페미니즘에 대한 오해와 이해
페미니즘이란 제가 세상에 말하는 언어..
인신비하밖에 못하는 게 안타깝다고 생각이 들어요..

#페미니즘 #페미니스트 #kbs #다큐 #토크",2022-06-22T10:36:21Z,372039,1481
D2X2KX8WtFM,여성 권익 증진이 남녀갈등을 조장한다고 말하는 이들에게 | 위근우 대중문화 칼럼니스트 | 여성혐오 가짜뉴스 역차별 | 세바시 1262회,세바시 강연 Sebasi Talk,"✻ 강연자의 강연 소개 : '혐오'가 만연한 시대를 살아가고 있습니다. 타당한 분노는 건전합니다. 하지만 잘못된 편견을 조장하는 콘텐츠나, 허위정보에 속아서는 안됩니다. '여성혐오'하면 흔히 거론되는 이야기들을 다시 한번 되짚어 봤습니다. 남녀갈등을 조장하는 것은 정말 무엇일까요?

✻ 위근우 강연자의 강연 섭외는 이 번호로 문의주세요! 👉🏻 02-2652-2102
✻ 강연 영상이 올라올 때마다 보고 싶다면 지금 클릭(알람설정)!  👉🏻 http://bit.ly/2odEydm 
✻ 가장 빠른 세바시 강연회 신청 https://apply.sebasi.co.kr
✻ ⭐️ 더 깊은 공부, 세바시 클래스 https://class.sebasi.co.kr
✻ 세바시 홈페이지에서 강연회와 연사들의 다양한 강의를 만나보세요! 👉🏻 http://www.sebasi.co.kr
🔥 세바시 멤버십에 가입하세요. 더 깊고 유용한 강연 콘텐츠를 만날 수 있습니다  http://bit.ly/2URQKU4

페이스북 페이지 | http://www.facebook.com/sebasi15
인스타그램 | http://www.instagram.com/sebasi15/
카카오스토리 | http://story.kakao.com/ch/sebasi

✻ 세바시 강연 콘텐츠의 저작권은 ‘(주)세상을바꾸는시간15분’에 있습니다. 영상 및 오디오의 불법 다운로드 및 재업로드, 재가공 등의 행위는 법적으로 금지되어 있습니다.",2020-10-30T10:15:11Z,115444,5045
mJXeb5iHSAg,"스토킹, 교제 살인을 막을 수 있는 세 가지 질문 | 허민숙 입법조사관 [뉴스 지나갑니다 ep22]",씨리얼,"이틀에 한 명의 여성이 연인이나 배우자에 의해 죽음을 맞습니다.
왜 미련하게 폭력적 상황에서 벗어나지 못해? 헤어지면 되잖아? 
이렇게 생각하는 사람들도 있죠.
비극을 거슬러 올라가다 보면 범죄를 피할 수 없었던 이유가 보입니다.
대체 무엇이 문제였던 것이고 어떻게 해결할 수 있을지
이 문제를 오랫동안 연구해온 허민숙 국회 입법조사관과 이야기 나눴습니다.

🤍'씨리즌'이 되어주세요!  
우리 함께, 세상을 조금씩 더 좋아지게 만들어봐요
▶씨리얼 멤버십 가입: https://www.youtube.com/channel/UCqRHncabshHQm_8t2SuMUrA/join

틱톡: https://www.tiktok.com/@creal.official
인스타그램: https://www.instagram.com/creal.official
페이스북: https://www.facebook.com/creal20
카카오톡 채널: https://pf.kakao.com/_xbxlles
트위터: https://twitter.com/Creal_kor",2026-04-03T09:45:56Z,141039,10322
fsdt6DfIXqA,성범죄 교사 90% 가중처벌 피했다 - 뉴스타파,뉴스타파 Newstapa,"교사가 자신이 근무하는 학교의 학생에게 성범죄를 저질렀을 경우 법에 의해 가중처벌을 받습니다. 그런데 실제 재판 결과를 분석해보니 성범죄 교사 10명 중 9명이 가중처벌을 피한 것으로 드러났습니다. 사법부가 학생 보호 의무를 어기고 성범죄를 저지른 교사들에게 '솜방망이 처벌'을 내렸다는 지적이 나옵니다.
뉴스타파-세명대 보도기획안 공모전에 선정된 '스쿨미투우먼파이터' 팀의 보도입니다.

👉 더 상세한 내용을 기사로 확인하세요 : https://newstapa.org/article/Yj9bi

※Music source : Habi Music 
#성범죄 #교사 #스쿨미투 #뉴스타파 #newstapa #탐사보도 #진실 #비영리 #독립언론

👉 뉴스타파는 광고와 협찬없이 회원들의 후원금으로만 운영됩니다. 뉴스타파에 힘을 보태주세요 : https://newstapa.org/donate_info",2022-06-20T10:01:47Z,10840,1381
nMKp0JQ63oA,They Laughed While Junko Furuta Suffered for 44 Days — Where Are They Now?,Dark Asia with Megan,"💜FOLLOW  MEGAN💜

🟪Tik Tok
https://www.tiktok.com/@darkasiawithmegan
🟪Instagram
- Shorts, Preview etc: 
https://www.instagram.com/darkasiawithmegan/
- Personal Account: 
https://www.instagram.com/leemeganida/
🟪Facebook 
https://www.facebook.com/darkasiameganlee/

💜SEND STORY IDEAS💜 
Darkasiawithmegan@gmail.com 

#truecrime #korea #crimestory",2025-05-04T08:24:03Z,932993,28411
7eYJQqKFSyo,연애하기 어려운 사회! 그 해결책은 남자끼리 연애를...♥(?) 말하는대로 2회,JTBC Entertainment,"'여자'가 연애하기 어려운 사회에서는
'남자'도 연애하기 어려울 수밖에 없다!!
남녀 간의 연애 갈등을 근본적으로 해결하기 위한 방법!
여자를 제거하고 남자끼리 연애를...♥ (숨겨왔던 나의~♪)

JTBC Youtube channel communicating with fans faster
View more videos & informations ☞

▶ official     : http://www.jtbc.co.kr
▶ youtube   : http://www.youtube.com/jtbcentertainment
▶ facebook : https://www.facebook.com/JTBClove
▶ twitter     : https://twitter.com/jtbclove",2016-09-28T13:20:09Z,285220,10140
WGMgp8sup0w,The Nth Room case: The Making of a Monster [Documentary on online sex crime in Korea],KST by The Korea Times,"This documentary film is supported by the Judith Neilson Institute's Asian Stories project, in collaboration with Hong Kong's South China Morning Post, Indonesia's Tempo magazine, the Philippine Center for Investigative Journalism, and Manila-based ABS-CBN.

In July, 2019, two college students who call themselves ""Team Flame"" first broke the story of the ""Nth room,"" a massive digital sex crime case where perpetrators blackmailed women including underage girls into performing sexually explicit acts on camera, with thousands of users paying in cryptocurrency to watch.

What Team Flame started off ― an investigation into distribution channels of illicit, hidden-camera videos in the hope of submitting it to a journalism exhibition ― ended up revealing a nationwide scandal in Korea that horrified the public.

Interactions among those involved in the digital sex crime-ring first began on social media services such as Twitter before conversations were moved to Telegram ― an encrypted messaging app. All of the exploitative videos were then distributed by chat room operators on Telegram to paid-up members. The number of users of the Nth Room and the ""Doctor's Room,"" where the sexually abusive content was uploaded, may have numbered anywhere between the tens of thousands to more than a quarter of a million.

Meanwhile, we're witnessing a similar phenomenon in other countries around the world ― sexual exploitation being transformed into a lucrative business ― with the advent of high-speed networks and sophisticated digital devices.

""There was also an incident in Hong Kong that was very similar to the Nth room case. We got a request from the authorities there asking us how the videos got taken down and deleted, so we shared everything we knew with them. There will be circumstances that are unique to each country, but the crime is fundamentally similar in nature,"" Seo Seung-hui, director of the Korea Cyber Sexual Violence Response Center, told The Korea Times.

Numerous Chinese-language chat rooms similar to the Nth room were also found on Telegram. ""We've gained access to four of those chat rooms which are clearly abusive, and one of them has over 30,000 users, and there are thousands more in the other ones,"" Team Flame said.

""Videos being circulated in those chat rooms included sexually-exploitative videos from the Nth room as well as others that appeared to have been filmed in China. There were thousands, tens of thousands of illicit videos being shared and distributed.""

To delve deeper into the evolving digital sex crime cases in Korea and across Asia, The Korea Times has been collaborating with four media organizations ― the South China Morning Post in Hong Kong, Tempo in Indonesia, and the Philippine Center for Investigative Journalism and ABS-CBN in the Philippines ― on a special investigation into this issue over the last seven months.

This hour-long documentary explains what happened in the Nth room chat rooms, how girls fell prey to the perpetrators, and how the digital world and social media platforms provide an optimal environment for online sex offenses to take place. We will also be looking into how similar cases are being seen in other Asian countries, and how ― and which ― social media platforms have become a central hub for criminals in Korea, China, Japan and other parts of Asia.

#digitalsexcrime #Nthroom #AsianStory",2021-06-04T08:28:24Z,551250,12828
yEN0bu8EoQY,까칠 남녀 - 2018 페미니즘- 당신도 페미니스트인가요?_#002,EBSCulture (EBS 교양),"공식 홈페이지 : http://home.ebs.co.kr/gender/main
  2018 페미니즘- 당신도 페미니스트인가요?,

우리 사회에서 페미니즘이 연일 화제가 되면서 논란이 끊이질 않고 있다. 한국 사회 페미니즘 열풍과 더불어 페미니즘으로 불러오는 성 평등에 대한 이야기도 논의해 본다.

사회적 문제로 대두되고 있는 성차별 이슈!

유쾌하고 솔직한 목소리로 이야기하는 국내 최초의 젠더 토크쇼,

▶For more videos visit us at http://home.ebs.co.kr/gender/main

▶Subscribe to the EBS Channel here :
http://www.youtube.com/subscription_center?add_user=EBSCulture

▶Check out what we're up to elsewhere:
- http://gplus.to/EBSCulture",2018-01-22T10:09:34Z,134604,556
9GNmfVnZEAY,"(Kor, Hi, Jpn) 왜 어떤 아름다움은 불편할까요? | 임현주 MBC 아나운서@임아나 채널  | 외모 다이어트 자존감 넥타이 안경 | 세바시 1227회",세바시 강연 Sebasi Talk,"👇🏻청각 장애인을 위한 수어통역 버전 영상은 링크를 통해 시청하실 수 있습니다. 
https://youtu.be/2HxANSeWM9k

✻ 이 강연은 한국양성평등교육진흥원의 제작지원을 받았습니다.
✻ 강연자의 강연 소개 : 나를 아름답고 돋보이게 만들어준다고 생각했던 것들이 어느날 나를 옥죄게 느껴진 적 있으신가요? 그동안 너무나 익숙하고 당연해서 나에게 다른 선택권이 있다고 생각하지 못했던 건 아닐까요? 그런데 각자 선택할 자유가 있다면 왜 어떤 아름다움은 불편하게 느껴질까요? 타인의 기대와 시선에서 한결 자유로워지며 나만의 아름다움을 찾아가는 과정에 대해 이야기 하고자 합니다.

✻ 임현주 강연자의 강연 섭외는 이 번호로 문의주세요! ☞ 02-2652-2102
✻ 강연 영상이 올라올 때마다 보고 싶다면 지금 클릭(알람설정)!  ☞ http://bit.ly/2odEydm 
✻ 가장 빠른 세바시 강연회 신청 https://apply.sebasi.co.kr
✻ ⭐️ 더 깊은 공부, 세바시 클래스 https://class.sebasi.co.kr
✻ 세바시 홈페이지에서 강연회와 연사들의 다양한 강의를 만나보세요! ☞ http://www.sebasi.co.kr
🔥 세바시 멤버십에 가입하세요. 더 깊고 유용한 강연 콘텐츠를 만날 수 있습니다  http://bit.ly/2URQKU4

페이스북 페이지 | http://www.facebook.com/sebasi15
인스타그램 | http://www.instagram.com/sebasi15/
카카오스토리 | http://story.kakao.com/ch/sebasi

✻ 세바시 강연 콘텐츠의 저작권은 ‘(주)세상을바꾸는시간15분’에 있습니다. 영상 및 오디오의 불법 다운로드 및 재업로드, 재가공 등의 행위는 법적으로 금지되어 있습니다.

💻 한국어/힌디어 자막 : 세바시 열린번역크루 3기ㅣ홍세인님
💻 한국어 자막 검수 : 세바시 열린번역 크루 | Yukiko Hara (anne_yukiko@naver.com)
💻 일본어 자막: 세바시 열린번역 크루 | Yukiko Hara (anne_yukiko@naver.com)
💻 Japanese Subtitle : Yukiko Hara (anne_yukiko@naver.com)

✻ '열린번역 프로젝트'는 세바시의 좋은 강연을 외국어로 번역하여 세계로 알리는 프로젝트입니다. 세상을 바꾸는 의미있는 강연들을 세계인들에게 전하는 일을 통해 한국의 좋은 컨텐츠를 해외로 알리는 일에 동참할 수도 있고, 프로젝트를 함께하는 이들과의 네트워크의 일원이 될 수도 있습니다.

영어, 중국어, 일어, 불어 등 모든 언어로 참여가 가능하며, 번역이 힘든 경우 한글자막 작업에만 참여하시는 것도 큰 힘이 됩니다. 외국인의 경우 외국어 번역의 감수자로도 참여할 수 있습니다. 세바시의 강연을 세계로 알리는 '오픈번역 프로젝트'에 동참하세요!

✻ Open Translation Project : Make this great speech with your Language with passionate Koreans!",2020-09-01T09:15:12Z,97372,2066
zGghfKiwfD4,이대남 이대녀 [풀영상] | 창 408회 (KBS 23.03.07),KBS시사,"2022 대선 후 1년,  20대의 생각은 어떻게 달라졌을까요?
이념과 성향이 다른 20대 남녀 6명이 함께 여행을 떠났습니다.

한 번도 경험해보지 못한 시사기획 창, '이대남 이대녀'편에서
이들의 고민과 갈등, 그리고 위로를 확인해보시길 바랍니다.

대통령 선거를 치른 지 1년이 지났습니다. 사람마다 느낌이 다르겠지만, 저는 '뭐야, 벌써 1년이라고?' 싶네요. 지난해 3월 9일 실시된 20대 대선,  여러분은 가장 먼저 어떤 게 떠오르시나요?

지난 대선엔 여러모로 전례 없는 현상이 많이 나타났죠. 거대 양당 후보 모두 '0선' 의원이었고, '적폐 청산'이나 '경제 민주화' 같은 거대 담론도 찾기 힘들었습니다. 이른바 '북풍'의 위세는 예전 같지 않았으며, 득표율 차이도 박정희-윤보선 대결 이후 가장 근소했습니다.

그리고 또 하나, 20대 대선 때 가장 주목받은 세대가 있습니다. 대선 1년 후이자, 총선 1년 전 준비한 이번 주 시사기획 창, 그들을 만났습니다. 아니, 정확히는 그들과 여행을 다녀왔습니다. 20대 남녀 6명과 함께요.

■ 이념과 지역이 아닌, '성별'이 가른 선거

지난해 지상파 3사의 대선 출구조사 결과를 보면 20대 남성과 20대 여성의 엇갈린 지지가 눈에 띕니다.  20대 남성의 58.7%는 윤석열 후보를, 36.3%는 이재명 후보를 지지했고, 반대로 20대 여성은 58%가 이재명 후보를, 33.8%가 윤석열 후보에게 투표했다고 답했습니다.

적어도 투표소를 찾은 20대 남성은 윤석열 후보를, 20대 여성은 이재명 후보를 더 많이 지지한 겁니다. 이는 다른 세대에서는 찾기 힘든 '20대' 유권자의 특징이고, 지난 19대 대선(문재인)과 18대 대선(박근혜) 때엔 나타나지 않았던, '지금' 20대 유권자의 특징입니다.

이념(진보·보수)이나 지역(영 ·호남)이 아닌 성별에 따라 지지가 엇갈린 이 현상은 사실 대선 이전 재작년 4.7 재보궐 선거 때부터 도드라졌고, 정치권과 언론의 열렬한 관심을 불러 모았죠. '그들은 왜?'라는 질문은, 그래서 많이 들었습니다. 지금 궁금한 건 '여전히?'입니다.

■ ""시사기획 창에서 20대 남녀를 모집합니다""

20대 남성, 20대 여성의 솔직한 이야기를 들으려면 어떻게 해야 할까. 딱딱한 방송국 스튜디오를 피해야 한다는 점은 명확했습니다. 20대 남자 셋, 20대 여자 셋과 함께 하는 2박 3일 여행의 시작입니다.

여론조사 전문기관인 한국리서치와 함께, 이른바 '이대남 이대녀' 현상에 관해 이야기를 나눌 20대 남녀를 모집했습니다. 5배수인 30명 신청을 받아 3배수 18명 면접 인터뷰를 진행했고, 직업과 정치 성향, 페미니즘에 대한 태도 등이 상이한 6명을 최종 선발했습니다.

나모와 말티즈, 무이, 정고, 해달, 초코파이 서로 다른 여섯 명은 그렇게 만났습니다.  

■ '20대'라는 공통점과 '남녀'라는 차이

20대 남성과 20대 여성이 엇갈리는 현상 이면에는 오랜 세월 켜켜이 쌓인 20대 남녀 갈등이 자리합니다. '갈라치기'도 두 그룹 사이에 어느 정도 틈이 있어야 가능한 법입니다.

6명과 함께 한 여행에서도 여전히 그 틈을 확인할 수 있었습니다. 여성가족부 폐지 논란과  '남녀, 누가 차별받느냐'는 질문, 페미니즘을 대하는 태도 등에서요. 그리고 그 차이는 익명 '카톡방'에서 더 날 서게 드러났습니다.

하지만 동시에 그들은 20대로서 느끼는 불안과 스트레스, 몇 번의 선거를 거치며 쌓인 정치권과 언론을 향한 피로감에 공감했습니다. 얼굴을 마주하자 비로소 '남녀'라는 차이에 가려있던 '20대'의 공통점이 보였다고, 그들은 입을 모았습니다.

비단 6명의 이야기가 아닙니다. 전국 성인남녀 천2백 명 대상 KBS·한국리서치 설문조사에서도 지금 대한민국을 사는 20대 남녀의 생각을 엿볼 수 있습니다. 한 번도 경험해보지 못한 시사기획 창 '이대남 이대녀'편, 안 보면 모릅니다. 봐야 압니다.

#20대 대선 #벌써1년 #이대남 #이대녀 #20대남자 #20대여자 #젠더갈등 #남녀갈등 #차별 #혐오 #페미니즘 #페미니스트 #나모 #말티즈 #무이 #정고 #해달 #초코파이 #캠핑 #봐야 압니다
 
취재기자 : 강나루
촬영기자 : 이재섭
영상편집 : 이종환
자료조사 : 이란희
조연출 : 진의선
그래픽 디자인 : 서동주 안승배

방송일시 : KBS 1TV 2023년 3월 7일(화) 밤 10시

'시사기획 창' 홈페이지 https://program.kbs.co.kr/1tv/news/sisachang/pc/index.html
유튜브 https://www.youtube.com/channel/UCEb31RoX5RnfYENmnyokN8A
페이스북 https://www.facebook.com/changkbs
WAVVE '시사기획 창' 검색",2023-03-07T13:00:09Z,527349,7880
itk5BjARJKU,Korea’s Worst Victim-Blaming Case | Miryang Group Assault,Dark Asia with Megan,"Hello everyone, and welcome to Dark Asia with Megan, this is Megan Lee who will be telling you notorious true crime cases and unsolved mysteries of Asia. 

If you are huge fan of true crime, make sure you subscribe to my channel!!

Today's episode is about a 14-year-old girl who was gang-raped by at least 44 high-school boys in Miryang, 2004. Listener discretion advised.

#truecrime #truecrimeasia #miryangrapecase #koreasexcrime",2022-08-17T23:51:22Z,3366839,58084
42UKZmG0sr8,Crushed to Death Just for Being Late to School｜Ryoko Ishida Case,Dark Asia with Megan,"🌎Get an exclusive 15% discount on Saily data plans! Use code darkasia at checkout. Download Saily app or go to https://saily.com/darkasia ⛵

💜FOLLOW  MEGAN💜

🟪Tik Tok
https://www.tiktok.com/@darkasiawithmegan
🟪Instagram
- Shorts, Preview etc: 
https://www.instagram.com/darkasiawithmegan/
- Personal Account: 
https://www.instagram.com/leemeganida/
🟪Facebook 
https://www.facebook.com/darkasiameganlee/

💜SEND STORY IDEAS💜 
Darkasiawithmegan@gmail.com 

#truecrime #korea #crimestory",2025-07-23T16:07:35Z,1049912,33682
OCN-dd5J1lE,Resistance through no sex: The 4B movement in South Korea | DW Documentary,DW Documentary,"The 4B movement in South Korea represents one of the most radical rejections of patriarchy to date: no sex, no dating, no marriage, no children.

For years, the image of young women in Seoul's nightlife was characterized by mini-skirts, makeup, and a 'cute' demeanor. Now, more women are adopting short hair, baggy pants, and loose shirts as a statement of independence. Meanwhile, marriage and birth rates in South Korea have hit historic lows. Socioeconomic factors play a role – but for many women, it’s a conscious rejection of patriarchal norms – still deeply embedded in South Korean society. The movement has also sparked backlash from many South Korean men, who often reject even moderate forms of feminism, which remains highly stigmatized. A report by Caroline Bergmann.

#documentary #dwdocumentary #dwdocs #reporter #southkorea #4bmovement 
______

DW Documentary gives you knowledge beyond the headlines. Watch top documentaries from German broadcasters and international production companies. Meet intriguing people, travel to distant lands, get a look behind the complexities of daily life and build a deeper understanding of current affairs and global events. Subscribe and explore the world around you with DW Documentary.

Subscribe to: ‬
⮞ DW Documentary (English): https://www.youtube.com/dwdocumentary 
⮞ DW Documental (Spanish): https://www.youtube.com/dwdocumental 
⮞ DW Documentary وثائقية دي دبليو (Arabic): https://www.youtube.com/dwdocarabia
⮞ DW Documentary हिन्दी (Hindi): https://www.youtube.com/dwdochindi
⮞ DW Doku (German): https://www.youtube.com/dwdoku

For more visit: http://www.dw.com/en/tv/docfilm/s-3610
Follow DW Documentary on Instagram: https://www.instagram.com/dwdocumentary/
Follow DW Documental on Facebook: https://www.facebook.com/dwdocumental

We kindly ask viewers to read and stick to the DW netiquette policy on our channel: https://p.dw.com/p/MF1G",2025-05-25T16:00:28Z,961087,25913
cYuFnDyARBw,"(Kor, Chi) 차별은 비용을 치른다 | 손아람 작가 | 까칠남녀 강의 강연 영상 듣기 말하는대로 | 세바시 848회",세바시 강연 Sebasi Talk,"✻ 손아람 강연자의 강연 섭외를 원하시면 세바시팀 홈페이지로 문의해주세요. https://speaker.sebasi.co.kr/speaker/397
✻ 세바시 강연이 올라올 때마다 보고 싶다면 지금 바로 구독하세요 : https://goo.gl/V88B4Z (구독 링크 클릭!)
✻ 종모양 알림 설정 누르셔야 알림이 갑니다 :)

강연자의 강연 소개 : 
요즘 남성들은 ‘역차별’에 대한 이야기를 많이 합니다. 바로 이 주제에서 시작해 보겠습니다. 여러분은 어떻게 생각하시나요? 남자가 받는 역차별이란 것이 존재한다고 생각하십니까? 보통 남성들이 받는 역차별로 거론되는 것은 이런 것이 있습니다. “왜 남자만 군대를 가? 왜 남자만 힘든일을 해? 왜 남자만 돈을 더 써야해? 성평등을 원한다고? 그러면 군대부터 가!” 라고요. 과연 이것이 역차별일까요? 그렇다면 이런 차별을 만든 것은 누구일까요? 우리 사회를 가르는 역차별에 대해 이야기 합니다. 

세바시 페이스북 페이지 | http://www.facebook.com/sebasi15
세바시 카카오스토리 | https://story.kakao.com/ch/sebasi
세바시 오디오클립 | https://audioclip.naver.com/channels/315

✻ 한국어 자막 : 북경연합번역동아리 청춘 3기 | 김서현 (kshksh222@naver.com)
✻ 중국어 자막 : 북경연합번역동아리 청춘 3기 | 김서현 (kshksh222@naver.com)
✻ 중국어 자막 검수 : 북경연합번역동아리 청춘 3기 石景孺 (2822831374@qq.com)

✻ 세바시 강연 콘텐츠의 저작권은 ‘(주)세상을바꾸는시간15분’에 있습니다. 영상 및 오디오의 불법 다운로드 및 재업로드, 재가공 등의 행위는 법적으로 금지되어 있습니다",2017-11-20T09:00:02Z,482828,26426
qxpADsuaTWM,A shocking Japanese college club created to gang assault girls｜Super Free Incident,Dark Asia with Megan,"Today's case is another appalling and heartbreaking case about victims of sexual assault. For all the survivors out there, your experiences do not define you, and your voice and truth hold immense power! Remember to find strength and support on your path to recovery.🙏
Stay safe, everyone!! And never hesitate to stand up against injustice. Together, we can make a difference in creating a safer, more supportive world for all.💜

💜FOLLOW  MEGAN💜

🟪Tik Tok
https://www.tiktok.com/@darkasiawithmegan
🟪Instagram
- Shorts, Preview etc: 
https://www.instagram.com/darkasiawithmegan/
- Personal Account: 
https://www.instagram.com/leemeganida/
🟪Facebook 
https://www.facebook.com/DarkAsiawithMegan

💜SEND STORY IDEAS💜 
Darkasiawithmegan@gmail.com 

#truecrime #korea #crimestory",2024-01-09T09:08:03Z,1380815,32893
wtE9cbwaBnE,Why ‘ordinary men’ commit violence against women,Channel 4 News,"The trial of Gisèle Pelicot shocked France - a case so disturbing it forced a national reckoning about consent, complicity, and the terrifying ordinariness of the men accused.

[Subscribe to our Substack newsletter: https://channel4news.substack.com/subscribe]

But as the world continues to confront the vast scale of abuse linked to billionaire financier Jeffrey Epstein, it raises a deeper question: are these crimes the work of monsters, or do they reveal something far more disturbing about power, entitlement, and men?

In today’s episode of the Fourcast, Jackie Long was joined by French philosopher Manon Garcia, whose latest book, Living With Men, reflects on what she witnessed while observing Gisèle Pelicot's trial.

-------

Get more news at our site - https://www.channel4.com/news/ 

Subscribe to our Substack newsletter: https://channel4news.substack.com/subscribe

Follow us:
TikTok - https://www.tiktok.com/@c4news
Instagram - https://www.instagram.com/channel4news/
Twitter - https://twitter.com/Channel4News
Facebook - https://www.facebook.com/Channel4News/",2026-02-16T07:00:43Z,266895,12764
9En5_6GmW08,"처음 공개하는 이야기, 구혜선이 뛰어내리자마자 들었던 생각 | 구혜선 배우 | 금잔디, 동기부여, 부정의힘 | 세바시 2080회",세바시 강연 Sebasi Talk,"구혜선 | 배우

강연 소개 : 안녕하세요, 구혜선입니다. 다들 저를 특별하다고 하지만 전 제 시간을 잃고 방황하던 평범한 사람이었어요. 화려한 성공 뒤에 찾아온 공허함, 그리고 무수한 실패와 세상의 부정 속에서 오히려 저를 지탱해 준 뜻밖의 힘은 무엇이었을까요? 사회의 시계가 아닌 저만의 속도로 걷게 된 솔직한 이야기, 지금 세바시에서 확인해 보세요.

타임라인)
00:00 하이라이트
00:35 강연자소개
02:30 배우는 기다리는 직업이에요
03:29 비밀리에(?) 진행된 구혜선의 창작
07:00 지금의 구혜선을 만든 부정의 힘
09:53 구혜선이 추구하는 인생의 방향
12:10 죽고 싶은 순간이 있었어요
14:40 구혜선의 자작시

✻ 이 강연 영상은 도봉구청 선인봉홀의 장소 지원을 받아 제작되었습니다.
--------------------------
구혜선 강연자 강연 섭외 문의 👉🏻 https://bit.ly/sebasi_speakers
세바시 소식 & 강연회 신청 👉🏻 https://linktr.ee/sebasi
협찬/콘텐츠 구매 문의 👉🏻 sebasi@sebasi.co.kr
💰 세바시 멤버십 가입(후원 서포터즈) 👉🏻  https://www.youtube.com/channel/UCgheNMc3gGHLsT-RISdCzDQ/join

🎁 [세바시 스토어] 좋은 생각처럼, 좋은 제품도 삶을 바꿉니다 👉🏻 https://sebasistore.com/
📙 [세바시 인생질문] 질문만 따라가면 완성되는 나만의 자서전 👉🏻 https://bit.ly/sebasi_books

홈페이지 👉🏻 https://www.sebasiland.com
인스타그램 👉🏻 https://www.instagram.com/sebasi15
페이스북 👉🏻 https://www.facebook.com/sebasi15
스레드 👉🏻 https://www.threads.com/@sebasi15

✻ 한국어 자막 : 북경연합번역동아리 청춘 6기 이윤우님 (ss1441401@gmail.com)
✻ 중국어 자막 : 북경연합번역동아리 청춘 6기 이윤우님 (ss1441401@gmail.com)
✻ 중국어 검수 : 북경연합번역동아리 청춘 6기 牛浩宇님 (1141127810@qq.com)

세바시 강연 콘텐츠의 저작권은 ‘(주)세상을바꾸는시간15분’에 있습니다. 영상 및 오디오의 불법 다운로드 및 재업로드, 재가공 등의 행위(AI학습 포함)는 법적으로 금지되어 있습니다",2026-02-27T09:00:12Z,311598,7806
2ZbP07vpt6U,"결국 사과한 동탄 경찰, 감춰진 사건의 진실 (f.허민숙 입법조사관)",[팟빵] CRIME,"#실화 #동탄 #경찰 

나와 가족에게도 일어날 수 있는 친밀한 관계에 의한 범죄
[이처럼 친밀한 살인자] 도서 구매 링크: https://han.gl/bTWy2

자막 오류 : 06:52 2025년 사건을 2015년으로 오기했습니다. 양해 부탁드립니다. 

－ 영상에는 AI 영상을 비롯한 재연이 포함되어 있습니다.
－  더 많은 프로파일링 컨텐츠를 원하시면 아래 링크로 오세요. 
       https://m.podbbang.com/channels/11168
－  문의: crime@podbbang.com",2026-03-03T07:00:06Z,297662,4795
ql-JWAneeyw,취재가 시작되니 비로소 잘못을 고치는 국가 기관들… 스토킹 피해자 된 여성 기자가 직접 밝히는 참담한 현실 ㅣ 이슈전파사 곽아람 스페셜 5월 22일 방송,한국일보(hankookilbo.com),"✔유튜브 스트리밍 안내 ㅣ 매주 월~금 오후 6시
✔협찬 및 광고문의 ㅣ yskit@hankookilbo.com
✔유튜브 구독하기 ㅣ @thehankookilbo  

✔출연
진행 : 김지은 (이슈전파사 사장)
패널 : 곽아람 (조선일보 기자)

✔제작
기획 : 김주영
PD : 김용식 · 김광영 · 박채원
AD : 남현아 · 전세현
디자인 : 전세희
구성 : 박지연

Copyright ⓒ 한국일보. All rights reserved. 무단 전재, 재배포 및 AI 데이터 활용 금지.",2026-05-23T11:30:21Z,1531,141
Nxd9bhSEBMI,'어쩌다 부모는 싫다' 요즘 애들이 결혼 안하는 이유│결혼 안 하는 걸까 못하는 걸까?│#결혼 #비혼 #출산 #저출산 #인구감소 #인생 #MZ세대│다큐프라임│#골라듄다큐,EBSDocumentary (EBS 다큐),"※ 이 영상은 2023년 1월 16일에 방송된 ＜다큐프라임 - 저출생 보고서 - 인구에서 인간으로 1부 선택＞의 일부입니다.

＜저출생 보고서 - 인구에서 인간으로＞는 2021년 7월부터 기획을 시작해 사례자 140여 명 취재, 일 년의 촬영 기간을 거쳐 대한민국 출산 세대의 현주소를 집요하게 파헤쳤다.

결혼과 출산이 선택이 된 MZ 세대, 인구 밀도가 높을수록 줄어드는 출산율, 일이 정체성이 된 요즘 워킹맘들의 육아까지, 저출산 현상에 새롭고 다양한 관점을 제시한다. 

또한 국내 대표 인구학자 조영태 교수, 이철희 교수, 미래학자 서용석 교수를 비롯한 국내외 저명한 학자와 전문가들의 자문으로 현상 분석의 깊이를 더한다. 

프리젠터로 방송인이자 통역사인 안현모가 출연하여 해외 석학 인터뷰는 물론 결혼 7년 차이자 출산 경계선에 선 여성으로서 임신과 출산에 대한 현실적인 고민을 전한다. 

어쩌다 대한민국은 세계에서 가장 아이를 낳지 않는 나라가 된 것일까? 방대한 취재와 자료 분석을 통한 새로운 시각으로 써내려간 ‘저출생 보고서’로 그 질문에 대한 답을 찾고자 한다.

‘선택’은 결혼과 출산이 필수가 아니라 선택인 MZ세대의 이야기다. 결혼과 출산에 대한 ‘요즘 애들’의 생각은 어떨까? 달라진 가치관과 그에 따른 다양한 삶의 선택들을 소개한다.

✔ 프로그램명 : 다큐프라임 - 저출생 보고서 - 인구에서 인간으로 1부 선택
✔ 방송 일자 : 2023.01.16

#골라듄다큐 #다큐프라임 #MZ세대 #저출산 #결혼 #출산 #한국 #사회",2023-01-27T10:09:49Z,1149260,11061
yO-ZqRmNAG0,"""엄마..빨리 앞으로 와줘"" 재판받다 뒤집어진 이유 [뉴스.zip/MBC뉴스]",MBCNEWS,"""살기위해 죽였다"" | 스트레이트 336회 (26.04.05)

#스트레이트 #데이트폭력 #거제ㅤ 
#MBC #뉴스 #뉴스데스크 #MBC뉴스 #뉴스투데이 #뉴스ZIP #뉴스꾹 #오늘이뉴스 #자막뉴스
ㅤ
ⓒ MBC & iMBC 무단 전재, 재배포 및 이용(AI학습 포함)금지",2026-04-11T01:30:50Z,860941,8850
qPIEdFxVsrg,"""무서워서 연애 못해""…교제 폭력 우려에 '안전 이별' 대행까지 / SBS / 뉴블더",SBS 뉴스,"최근 교제 폭력 사건이 잇따르고 있습니다.

올해 들어서 4월까지만 해도 교제 폭력으로 경찰에 붙잡힌 가해자가, 4천400명에 달했을 정도인데요.

그런데 이중에 구속된 건 82명에 불과한 걸로 나타났습니다.

비율로 따지면 겨우, 1.87%입니다.

[유족에게 할 말 없습니까? (죄송합니다.)]

이달 초, 명문대 의대생이 서울 강남역 인근 건물 옥상에서 여자친구를 살해했습니다.

지난달 경남 거제에서는 20대 남성이, 몰래 원룸 비밀번호를 누르고 들어가 전 여자친구를 폭행해 숨지게 하는 일이 있었습니다.

모두 이별을 통보받았다는 등의 이유에서 시작된 교제 폭력이, 강력 범죄로 이어진 거였습니다.

최근, 이런 교제 폭력이 문제가 되면서 안전 이별을 해주는 대행업체까지 속속 등장하고 있을 정도로 사회적 우려가 커지고 있습니다. 

실제로 올해 넉 달간 교제 폭력으로 접수된 신고는 2만 6천 건에 달했고, 4천395명이 검거된 걸로 나타났습니다.

한 달에 1천 명 꼴로 붙잡힌 셈입니다.

하지만 구속까지 가는 경우는 미미합니다.

올해 구속된 피의자는 고작 82명뿐, 비율로는 1.87%입니다.

2019년부터 5년 동안 검거된 교제 폭력 피의자 5만 명의 구속 비율은 2.21%였는데, 올해 더 감소한 겁니다.

교제 폭력의 경우 반의사불벌죄인 폭행과 협박이 대부분인데, 연인 관계다 보니 처벌을 원치 않는 경우가 많다는 게 경찰 측의 설명입니다.

한편, 이런 교제 폭력 범죄로 검거되는 피의자들은 해마다 늘고 있는데요.

지난 2019년 9천800여 명에서, 그다음 해 소폭 감소했다가 꾸준히 늘면서 지난해에는 1만 4천 명에 육박했습니다.

(영상편집 : 문이진)


☞더 자세한 정보
https://news.sbs.co.kr/y/?id=N1007661637

☞[뉴블더] 기사 모아보기 
https://news.sbs.co.kr/y/t/?id=10000000332
 

#SBS뉴스 #뉴블더 #폭행

▶SBS 뉴스 채널 구독하기 : https://n.sbs.co.kr/youtube 

♨지금 뜨거운 이슈, 함께 토론하기(스프 구독) : https://premium.sbs.co.kr

▶SBS 뉴스 라이브 : https://n.sbs.co.kr/youtubeLive , https://n.sbs.co.kr/live 

▶SBS 뉴스 제보하기
홈페이지: https://n.sbs.co.kr/inform 
애플리케이션: 'SBS뉴스' 앱 설치하고 제보 - https://n.sbs.co.kr/App 
카카오톡: 'SBS뉴스'와 친구 맺고 채팅 - https://pf.kakao.com/_ewsdq/chat 
페이스북: 'SBS뉴스' 메시지 전송 - https://www.facebook.com/sbs8news 
이메일: sbs8news@sbs.co.kr 
문자 #누르고 6000 
전화: 02-2113-6000 

홈페이지: https://news.sbs.co.kr/ 
페이스북: https://www.facebook.com/sbs8news 
트위터: https://www.twitter.com/sbs8news
카카오톡: https://pf.kakao.com/_ewsdq
인스타그램: https://www.instagram.com/sbsnews

Copyright Ⓒ SBS. All rights reserved. 무단 전재, 재배포 및 AI학습 이용 금지",2024-05-27T07:41:57Z,19091,273
5FOC-0P0UMw,"목줄을 끊으려는 여성들에게(To Women Breaking Shackles) - The Korean Feminist Movement: ""Tal-Corset""",K-Feminist 촬,"Korean women are actively practicing the 6B 4T movement. ""Tal-Corset"" is one of the 4Ts, representing a feminist movement that rejects societal norms of femininity imposed on women.

""Ebbs and Flows"" Kevin MacLeod/""Cottages"" Kevin MacLeod/""Farm"" Kevin MacLeod/""Manor"" Kevin MacLeod/""Northern Glade"" Kevin MacLeod/""Overheat"" Kevin MacLeod/""Peace of Mind"" Kevin MacLeod/""Relaxing Piano Music"" Kevin MacLeod (incompetech.com)
Licensed under Creative Commons: By Attribution 4.0 License
http://creativecommons.org/licenses/by/4.0/",2024-12-18T08:45:00Z,532559,51008
PtnQK89YTVw,"아기전면책장 추천! 심플룸, 루나스토리, 파라노마, 양지가구 비교",찐템찾기연구소,"이 포스팅은 쿠팡 파트너스 활동의 일환으로, 이에 따른 일정액의 수수료를 제공받습니다.

5위 : 심플룸 틸팅 전면 책장 아기 유아 어린이 아이 키즈, 오크+화이트, 틸딩전면책장
금액 : 49500원
제품링크 : https://link.coupang.com/a/d1PrK1teyO

4위 : 루나스토리 아동용 슬림 거실 전면책장, 크림, 3단
금액 : 64000원
제품링크 : https://link.coupang.com/a/d1Pm75puNg

3위 : Paradoma 회전 책장 책꽂이 360도 대용량 거실책장 서재 원목 원형 책장, 3단, 흰색
금액 : 39900원
제품링크 : https://link.coupang.com/a/d1Pm3lYxCC

2위 : Paradoma 회전 책장 책꽂이 360도 대용량 거실책장 서재 원목 원형 책장, 4단, 흰색
금액 : 49900원
제품링크 : https://link.coupang.com/a/d1PmYFXP4K

1위 : 양지가구 전면책꽂이, 연두, 4단
금액 : 39150원
제품링크 : https://link.coupang.com/a/d1PmTVBObQ



#쇼핑 #생활용품 #내돈내산 #언박싱 #제품리뷰 #가성비템 #추천템 #유튜브쇼핑 #인기상품 #솔직리뷰",2026-05-25T00:39:44Z,1,0
H_UCGo-pwWE,죽어도 안 바뀌는 법을 먹고 자란 N번방 (ENG SUB) | 씨리얼 사회탐구,씨리얼,"청와대 국민 청원이 생긴 이래, 최다 동의를 받은 청원. 바로 ‘N번방 사건’과 관련된 청원입니다. 사실 디지털 성범죄가 이번에 처음 드러난 것도 아닌데, 우리는 왜 이렇게까지 분노했을까요?

지난 20여 년 동안, 수많은 성범죄 사건들을 파헤쳐왔던 조진경 십대여성인권센터 대표는 이렇게 말합니다. “이번 텔레그램 사건은 당연히 터질 게 터진 거죠.”

예상 가능한 범죄였다면 충분히 막을 수 있었을 텐데, 왜 못했을까요? 긴 역사 속에서 꾸준히 반복되어온 여성의 성적 대상화. 이것은 단순한 호기심이나 욕구나 아닙니다. 더 이상의 성착취가 허락되지 않기를 바라며, 그동안 사회가 외면했던 피해자들을 돕고 계신 두 분을 만났습니다. 조진경 대표와 더라이트하우스법률사무소의 서혜진 변호사. 이들은 이번 사건을 두고, 어떤 이야기를 할까요?

#n번방은_판결을_먹고_자랐다 #Nth_room

ㅡ

씨리즌의, 씨리즌에 의한, 씨리즌을 위한 
씨리얼 '구독'하고! 더 많은 곳에서도 퍼묵퍼묵🥣 

인스타그램: https://www.instagram.com/creal.official 
페이스북: https://www.facebook.com/creal20/",2020-04-03T13:15:00Z,77892,5628
L691qyuoONU,자식 때문에 페미니즘 공부하는 엄마들을 모아보았다,씨리얼,"페미니즘을 공부하는 엄마들을 만났습니다. 주기적으로 만나서 책을 읽고 생각을 나눈다는 이 모임. 페미니즘과 엄마, 누군가에게는 이 두 단어의 조합이 생소하게 들릴 수도 있겠습니다. 하지만 엄마들 개인의 삶을 위해서도 페미니즘은 필요했고, 자식을 위해서도 필요한 공부였다고 합니다.

내 아이는 나와 같은 좌절을 느끼지 않도록, 내 아이가 누군가에게 상처를 입히지 않도록. 그리고 서로 존중하며 사는 방법을 찾기 위해서 말입니다.

처음부터 쉽지만은 않았다고 합니다. 여성혐오와 가부장제 속에서 자랐기 때문에, 끊임없이 허물고 다시 세우는 과정을 반복하고 있는, 페미니즘을 공부하는 엄마들. 만나보았습니다.

-
씨리얼 '구독'하고! 더 많은 곳에서도 소통해요 :) 

인스타그램: https://www.instagram.com/creal.official/
페이스북: https://www.facebook.com/creal20/",2018-09-11T08:06:04Z,157622,8254
rkWe3cfdPpk,왜 남자는 해도 되고 여자는 안돼? [나불편 ep.3],교보문고,"남자 연예인은 귀여운(?) 철부지인데,
여자 연예인은 무개념?
이번엔 예능을 깐다..!
요즘 예능 안에 교묘하게 숨어있는 '차별'의 시선을 파헤친다..!!

평소 불편했던 것들을 혼자가 아닌 함께 얘기해보는 시간
프로 불편러들의 톡쏘는 수다 [나만 불편해?]

* 출연 - 칼럼니스트 위근우
* 기획/제작/편집 - 교보문고

#미우새 #오민석 #기안84 #김건모 #토니 #미운우리새끼 #나혼자산다 #밥은먹고다니냐 #예능 #김슬기 #성현아 #남자 #여자 #가부장제 #어머니 #모성애 #모에화 #미화 #연예인 #불편 #위근우 #차별 #프로불편러 #교보문고",2020-03-04T06:48:57Z,142317,27383
sa6SU6XtlSY,[레이바 EP5] #미투 기사 악플 읽기,스브스뉴스 SUBUSUNEWS,"""몇 년 전에 있었던 성폭행 사건 가지고
이제 와서 얘기하는 여자들은 무슨 심보냐?""

✔ SBS가 '자신있게' 내놓은 자식들!

- 스브스뉴스 링크 -
Facebook : https://www.facebook.com/subusunews
홈페이지 : http://news.sbs.co.kr/news/subusuNews.do?plink=GNB&cooper=SBSNEWS",2018-03-12T13:00:03Z,219107,16860
S7e8C7fwwkg,제발 애 낳지 마세요 [아주다양한문제들],오마르의 삶,애 안 낳아서 인생 망한 사람은 아무도 없습니다,2020-05-07T08:56:36Z,2404800,96388
_kTVkpDqwhs,저출산이 문제란 말에 여자들이 공감 안 가는 이유 ...  | 세탁소의 여자들 #3,닷페이스,"여성의 몸은 지금까지 어떻게 국가의 필요에 의해 통제되어 왔을까?
✔ 닷페이스는 닷페피플의 힘으로 영상을 만듭니다 👉 https://dotf.kr/2I1nzsu


***

✔︎ 닷페이스의 작업을 응원하고 싶다면 닷페이스를 후원해주세요. 
 👉 https://dotf.kr/2I1nzsu

닷페피플은 세상에 대한 애정을 가지고 우리의 현실을 정면으로 마주하고, 선입견이 깨지는 것을 두려워하지 않으며, 그 현실이 더 나아질 수 있도록 우리와 함께 이야기하는 사람들입니다.

✔︎ 닷페이스 영상 번역에 기여해주시겠어요? 이렇게 하시면 됩니다
👉[http://bit.ly/닷페번역가되기]

이 영상의 자막 작업에 기여해주시면 더 많은 사람들이 볼 수 있습니다. 한국어 또는 어떤 언어도 괜찮습니다.

✔︎ 닷페이스를 만나는 다양한 방법
인스타그램 [https://www.instagram.com/dotface_off...]
홈페이지 [https://www.dotface.kr]",2018-10-03T10:00:08Z,292524,9878
VFVEkeNgFlI,"[100분토론] 남혐vs여혐, 혐오 수위는 왜 높아져갈까? (2018. 7. 24.)",MBC 100분 토론,"백분토론 레전드 토론을 다시 본다!
[2018년 7월 24일 방송]

[공지]
- 매주 화요일밤 11시 30분 100분토론 유튜브 채널과 imbc를 통해 실시간 방송을 시청하실 수 있습니다.",2021-08-06T09:15:02Z,38647,178
L5aECsy-GzA,디지털성폭력 N년차 피해자가 신분세탁을 선택한 이유 | 씨리얼 사회탐구,씨리얼,"한 디지털성폭력 피해자가 있습니다. 그리고 그의 이야기를 들어주는 또 다른 성폭력 피해 생존자가 있습니다. 두 사람에게 펼쳐진 진솔한 대화의 자리. 이들의 이야기를 통해 디지털성폭력 피해자의 일상과 구체적인 피해 경험을 들여다보고자 합니다. 과연 우리는 어떤 대화를 통해 상처를 꺼내어 마음의 회복을 향해 나아갈 수 있을까요? 

#디지털성범죄 #성범죄 #성폭력피해연대자들의고백
ㅡ

씨리즌의, 씨리즌에 의한, 씨리즌을 위한 
씨리얼 '구독'하고! 더 많은 곳에서도 퍼묵퍼묵🥣 

인스타그램: https://www.instagram.com/creal.official 
페이스북: https://www.facebook.com/creal20/",2020-09-29T12:00:04Z,400373,8631
yB0q7qWH2RA,"대체 페미니즘이 뭐길래? | 페미니즘 이야기, 그 첫 번째",마이너 리뷰 갤러리,"마이너 리뷰 갤러리의 책 [오타쿠의 욕망을 읽다] 판매중!
교보문고
https://product.kyobobook.co.kr/detail/S000212465638
알라딘
https://www.aladin.co.kr/shop/wproduct.aspx?ItemId=334885176
예스24
https://www.yes24.com/Product/Goods/125122400
----------------------------------------------------------------------------------------
댓글로 가급적 혐오발언이 안 오가기를 바랍니다.
여러분들은 본인의 사상을 
선한 말로 이야기 할 정도의 지성은 있잖아요?

그렇습니다. 페미니즘 이야기.
현재 한국, 더 나아가서 세계를 뒤흔들고 있지만
논의보다는 혐오에서 벗어나지 못하는 그 이야기.
제 채널에서 한 번 해보도록 하죠

저도 사실 좀 걱정되긴 합니다.
내가 조금이라도 틀리면 '냄져 수준'이 될 것이고
내가 조금이라도 편향되면 '남페미 수준'이 되겠죠

이번 영상은 페미니즘의 태동과 역사
그리고 현재의 페미니즘이 어떤 형태인지
아주 아주 간략하게 설명한 영상입니다.

하지만, 딥한 이야기는 거의 하지 않았죠
중간 중간 리버럴, 안티포르노, 립스틱 등등의
좀 더 세밀한 페미니즘의 구분 얘기를 했지만
이번 영상에서는 하나하나 설명해봐야 오해만 살 것 같아서
페미니즘을 대충 하나의 무언가처럼 말했습니다

'혐오'에만 집중한 저번 젠더갈등 영상에 비해서
페미니즘이라는 사상을 다루게 된 이번 시리즈는
저도 아주 굉장히 섬세하게 이야기하려고 합니다.
다만, 제 기준에서 도저히 말도 안된다고 생각하는
'가부장적 페미니스트'라는 인간들에 대한 비판만은 넣었죠.

저는 개인적으로 래디컬 페미니즘에도
한 50%정도는 동의하는 편입니다
약자에게 무해한 구조는 없다고 생각하기 때문에...
그러니 제 말은 철저한 중립이라고 볼 수 없습니다
이 점 염두에 두시고 수용하시기 바라요.


하지만, 페미니즘에 동의 못하는 많은 사람들은
'요즘 시대에 가부장제의 유산이 어디있는가?'
'이미 성평등은 충분히 이루어지지 않았는가?'
라는 생각을 가지고 있을 것이며

그런 젊은 세대에 대해 페미니스트들은
'본인들이 수혜자임을 모르고 말하는가?'
'여성들만이 선택적 가부장제를 하는 것이 아닌
남성들도 선택적 가부장제를 추구하지 않는가?'
등의 갈등이 남아 있겠죠.

또한, 저 같은 성해방주의자들에게
현 페미니즘은 부르카를 씌우는 것 같이
강압적이고, 성에 대한 엄숙주의를 고수하고 있는 듯 보입니다.
특히, 한국의 주류 페미니즘은
제가 성리학 페미니즘이라고 비꼬듯이
남성의 성욕을 성폭력과 동일하다는 듯 보고 있죠.

저는 립스틱 페미니즘을 지지하는만큼
한국의 주류 페미니즘에 대해 몹시 비판적인 입장입니다
이 점도 염두에 두시고 수용하시기 바라요
저는 결코 중립적 입장이 아닙니다.

페미니즘에 대해서 혐오를 파먹고
갈등 위에서 기생하는 말들은 많지만

단순한 사건사고와 조롱으로 점철되고
예민한 주제라는 말로 토의조차 못하게 된
'페미니즘'에 대해서 자기 의견을 개진할 수 있는
남을 비웃지 않고 억압하지 않는 장이 있었으면 했습니다.

이 댓글까지 다 읽어주신 여러분들께 감사합니다.",2021-08-30T02:37:35Z,180165,4639
gGVosWv_EsE,77-year-old pervert tricks young women into becoming 'God's bride'｜Sex cult JMS｜True Crime Korea,Dark Asia with Megan,"Hello everyone, and welcome to Dark Asia with Megan.

I'm Megan Lee and I bring you the most notorious true crime cases and unsolved mysteries of Asia. If you are a huge fan of true crime, make sure you subscribe to my channel!

#truecrime #korea #crimestory #JMS #Netflix #inthenameofgod",2023-03-14T13:32:30Z,464178,10647
AbN25aFygww,"""여자는 남자 말에 대꾸하지마"" 혐오 표현이 학교 내 놀이 문화? (자막뉴스) / SBS",SBS 뉴스,"안양의 한 고등학교 체육대회, 사진 속 두 학생이 성차별적 문구가 적힌 피켓을 들고 있습니다.

남녀 성역할 고정관념을 담은 해당 사진이 SNS에서 퍼지면서 많은 비판을 받았고 결국 지역 의회에 민원까지 제기됐습니다.

[학부모 : 너무 놀랐어요. 저런 용어나 이런 걸 10대 아이들이 쓸 수 있다는 게 너무 놀랍고.]

[학부모 : 왜 이런 말을 하죠? 내​​​​가 살던 시대하고는 너무 많이 다른 것 같아요.]

논란은 겉잡을 수 없이 커져 학교 측은 학교장 명의의 안내문까지 내놓았습니다.

[고등학교 재학생 : 자연스럽게 어느 순간부터 이제 아이들 사이에서 그런 말들이 장난이나 밈으로 활용이 되더라고요. 아이들 말로는 커뮤니티에서 시작이 됐다고 하더라고요.]

문제가 된 이 피켓 속 내용은 이른바 '계집 신조'라 불리는 여성 혐오 문구 중 일부로 한 인터넷 커뮤니티에서 만들어 졌습니다.

['계집 신조'. '계집'이라는 단어도 충격이고.]

익명성에 가려져 일부 인터넷 커뮤니티에서 만들어진 부적절한 표현들이 그냥 지나친 장난으로 포장되면서 학교 현장으로 나온 겁니다.

[고등학교 재학생 : 이게 주류 문화가 돼버려서 커뮤니티를 하지 않아도 그냥 사용하는 학생들이 되게 많아요.]

온라인에서 정확한 의도나 출처도 모르는 채 오프라인으로 나와버린 이런 부적절한 표현들이 남녀를 떠나 점점 다양한 사회적 차별과 혐오를 강화하는 도구로 쓰이는 겁니다.

[고등학교 재학생 : 이제 여학생들도 남학생들이 많이 말하니까 그걸 장난이라고 생각해서 자기들(여학생)도 그런 말들을 한다든가 그런 거를 좀 많이 봤던 것 같아요.]

특히 이런 혐오 표현이 학교 교실 내에 스며드는 경우 더 큰 사회적 문제로 이어질 수 있습니다.

[권일남/명지대학교 청소년 지도학과 교수 : 청소년기에 이와 같은 잘못된 그런 사고방식이 규정됐을 경우에는 데이트 폭력이라든지 또는 무차별 어떤 행동들 이런 잘못된 행동들이 그대로 나타날 개연성이 크기 때문에 청소년기에 이러한 문제를 좌시해선 안 된다고 보입니다.]

전문가들은 어떤 표현이 혐오를 담고 있으며 학생들의 교실 문화가 이후 얼마나 사회를 병들게 할 수 있는지 교육계를 포함한 사회 전반의 적극적인 대응과 노력이 필요하고 말합니다.

(취재 : 전수빈, 영상편집 : 김수영, 인턴 : 최석훈, 디자인 : 김보경, 제작 모닝와이드3부)


☞더 자세한 정보
https://news.sbs.co.kr/y/?id=N1008134151

☞[뉴스영상] 기사 모아보기 
https://news.sbs.co.kr/y/t/?id=10000000121
 

#SBS뉴스 #뉴스영상 #학교 #성차별 #남녀차별 #갈등 #여성혐오 

▶SBS 뉴스 채널 구독하기 : https://n.sbs.co.kr/youtube 

♨지금 뜨거운 이슈, 함께 토론하기(스프 구독) : https://premium.sbs.co.kr

▶SBS 뉴스 라이브 : https://n.sbs.co.kr/youtubeLive , https://n.sbs.co.kr/live 

▶SBS 뉴스 제보하기
홈페이지: https://n.sbs.co.kr/inform 
애플리케이션: 'SBS뉴스' 앱 설치하고 제보 - https://n.sbs.co.kr/App 
카카오톡: 'SBS뉴스'와 친구 맺고 채팅 - https://pf.kakao.com/_ewsdq/chat 
페이스북: 'SBS뉴스' 메시지 전송 - https://www.facebook.com/sbs8news 
이메일: sbs8news@sbs.co.kr 
문자 # 누르고 6000 
전화: 02-2113-6000 

홈페이지: https://news.sbs.co.kr/ 
페이스북: https://www.facebook.com/sbs8news 
X(구:트위터): https://www.twitter.com/sbs8news
카카오톡: https://pf.kakao.com/_ewsdq
인스타그램: https://www.instagram.com/sbsnews

Copyright Ⓒ SBS. All rights reserved. 무단 전재, 재배포 및 AI학습 이용 금지",2025-06-11T13:00:15Z,31001,520
-9pAnKMFDeA,대한민국에서 여성으로 산다는 건? 장안의 화제 '이지혜 게임' 직접 해봤다!,스브스뉴스 SUBUSUNEWS,"이 게임 명절 때 가족끼리 하면 분위기 참 좋을듯^~^
여러분도 해보세요 ㅋㅎㅋㅎ

#본격_밥상엎기 #장안의화제게임 #이지혜게임

✔ SBS가 '자신있게' 내놓은 자식들!

- 스브스뉴스 링크 -
Facebook : https://www.facebook.com/subusunews
홈페이지 : http://news.sbs.co.kr/news/subusuNews.do?plink=GNB&cooper=SBSNEWS",2017-12-29T07:57:05Z,449764,13220
7BkLJuyDevs,[Weekly 인문학] 페미니즘이 뭔데요? 인문학으로 배우는 페미니즘,오마이스쿨,"페미니즘은 어디서부터 어떻게 발전해왔을까요?

현대 사상가들의 이론을 파헤치며, 
페미니즘에 대한 궁금증을 풀어보는 시간

🔎 [사회과학을 바탕으로 바라보는 페미니즘] 빠르게 훑어보기!
(00:40) 페미니즘의 종류 ① 자유주의 페미니즘
(01:46) 페미니즘의 종류 ② 맑스주의 페미니즘
(03:29) 페미니즘의 종류 ③ 급진적 페미니즘
(05:45) 남성성 강화의 조건 : 리스크 테이킹(risk taking)
(07:59) 페미니즘의 종류 ④ 에코 페미니즘
(09:08) 시몬 드 보부아르
(09:28) 여성 해방론과 진화 심리학의 논쟁
(13:20) ‘성(性)’에 대한 문화 인류학적 시각
(16:00) 보부아르와 사르트르

-

[세상을 바꿀 현대 사상가들] 수강하기!
(웹) http://www.ohmyschool.org/
(모바일) https://m.ohmyschool.org/",2022-02-18T09:00:06Z,181673,2865
8UK6tbQklvY,이 여성이 바다 위에서 먹은 알약의 정체는? | 세탁소의 여자들 #2,닷페이스,"산부인과 의사가 배를 몰고 바다로 나갔다. 낙태를 돕기 위해. 
✔ 닷페이스는 닷페피플의 힘으로 영상을 만듭니다 👉 [http://bit.ly/닷페피플]


***

✔︎ 닷페이스의 작업을 응원하고 싶다면 닷페이스를 후원해주세요. 
 👉[http://bit.ly/닷페피플]

닷페피플은 세상에 대한 애정을 가지고 우리의 현실을 정면으로 마주하고, 선입견이 깨지는 것을 두려워하지 않으며, 그 현실이 더 나아질 수 있도록 우리와 함께 이야기하는 사람들입니다.

✔︎ 닷페이스 영상 번역에 기여해주시겠어요? 이렇게 하시면 됩니다
👉[http://bit.ly/닷페번역가되기]

이 영상의 자막 작업에 기여해주시면 더 많은 사람들이 볼 수 있습니다. 한국어 또는 어떤 언어도 괜찮습니다.

✔︎ 닷페이스를 만나는 다양한 방법
인스타그램 [https://www.instagram.com/dotface_off...]
홈페이지 [https://www.dotface.kr]",2018-10-01T11:13:11Z,290086,8399
Mvn_TwAwf34,"[PEOPLE] Women's views on feminism,MBC 다큐스페셜 20190729",MBClife,"Women's views on feminism
[MBC Documetary Special] 20190729",2019-07-29T15:38:22Z,265370,698
dE_6PnByKgo,A High School Girl Was Murdered and Sealed in Concrete | Gimhae Case,Dark Asia with Megan,"Hello everyone, and welcome to Dark Asia with Megan.

I'm Megan Lee and I bring you the most notorious true crime cases and unsolved mysteries of Asia. If you are a huge fan of true crime, make sure you subscribe to my channel!

#truecrime #korea #crimestory",2022-12-17T04:55:05Z,1884551,56352
eLf4b-vZqYE,가정 폭력 가해자들이 '때릴 수 있는' 이유,닷페이스,"가해자들이 왜 폭력을 행사하냐고요? 🤔
""때릴 수 있으니까 때리는 것뿐이에요. 끝""

폭력은 '선택적인' 행동이에요. 약자에게만 가는. 

세이브더칠드런코리아 강연 ""인문학으로 바라본 ‘체벌’이야기"" 중에서

닷페이스 구독하기!  https://goo.gl/KnRiYf

닷페이스는 밀레니얼 세대를 위한 새로운 상식을 만드는 미디어입니다. 

[닷페이스를 만나는 다양한 방법!]
페이스북 : https://goo.gl/7YChqN
피키캐스트 : https://goo.gl/aa4KL2
트위터 : https://goo.gl/5zPsLx

Dotface Global Channel  : https://goo.gl/SaSvTn",2017-12-08T06:52:38Z,73733,2920
WvX4hDBkFiE,"(Kor, Chi) 최초공개 자이언티의 고백, 자기비하의 끝에서 배운 나를 사랑하는 법 | 자이언티 뮤지션, 스탠다드프렌즈 대표 | #연민 #성장 #가수 | 세바시 1993회",세바시 강연 Sebasi Talk,"자기 미움을 자기 사랑으로 바꾼 힘 | 세바시 1993회
자이언티 뮤지션, 스탠다드프렌즈 대표

강연 소개
자이언티는 오랫동안 자신을 미워하며 살아왔습니다.

무대 위의 모습이 싫어 선글라스를 쓰고,
목소리가 마음에 들지 않아 벽을 내리치던 날도 있었습니다.
완벽하지 않은 자신이 못견디게 싫어서
더 멋지고 좋아보이는 것들로 자신을 감추어 왔습니다.

그런 그가 마침내 마주한 단어, 연민.
자기 연민은 그를 살리고, 세상을 바라보게 했습니다.
그리고 그는 처음으로 자신을 사랑할 수 있게 되었습니다.

당신은 지금, 당신을 사랑하고 있나요?
혹시 자신이 싫다면, 이제 사랑할 준비가 된 건지도 모릅니다.
자이언티의 고백이 나를 사랑하는 여정의 시작이 되길 바랍니다.


✻ 이 강연은 시몬스 침대에서 제작지원 해주셨습니다
--------------------------
자이언티 강연자 강연 섭외 문의 👉🏻 https://speaker.sebasi.co.kr
세바시 소식 & 강연회 신청 👉🏻 https://linktr.ee/sebasi
협찬/콘텐츠 구매 문의 👉🏻 sebasi@sebasi.co.kr

📙 세바시 인생질문 책 구입하기
🌟 4권(신간) 👉🏻 https://bit.ly/3W66qAs
3권 👉🏻  https://bit.ly/3UuNZ7W
2권 👉🏻 https://bit.ly/4hu8rzq
1권 👉🏻 https://bit.ly/4fpUHnB
(위 링크는 쿠팡 파트너스 링크로, 이에 따른 일정액의 수수료를 세바시가 제공받습니다)

인스타그램 👉🏻 https://www.instagram.com/sebasi15
페이스북 👉🏻 https://www.facebook.com/sebasi15
홈페이지 👉🏻 https://www.sebasi.co.kr

✻ 한국어 자막 : 북경연합번역동아리 청춘 5기 김성희님 (starksh9063@naver.com)
✻ 중국어 자막 : 북경연합번역동아리 청춘 5기 김성희님 (starksh9063@naver.com)
✻ 중국어 검수 : 북경연합번역동아리 청춘 5기 王子依님 (202320108046@bfsu.edu.cn)

세바시 강연 콘텐츠의 저작권은 ‘(주)세상을바꾸는시간15분’에 있습니다. 영상 및 오디오의 불법 다운로드 및 재업로드, 재가공 등의 행위(AI학습 포함)는 법적으로 금지되어 있습니다",2025-07-07T09:00:06Z,909692,29588
pdLHk6SZPIo,"🍲 지도앱 없이, 체력도 없이 음식 배달 하기 🎂ㅣ EP.26ㅣ텤도 없는 것들",킅킅킅,"🍰텤도 없는 것들! 이번엔 테크없이 배달하기🍗

배달 앱도 없이
지도 앱도 없이
체력도 없이 배달 강행군에 나선다!

본격 무테크 라이프 [텤도 없는 것들]


[KT 닷컴 쿠폰팩]
KT 닷컴에서 핸드폰 개통 시
2년간 인기 제휴사 쿠폰을 매달 증정!
네이버페이, 배달의 민족, GS25등 다양한 혜택을 누리세요!

🥰 ‘KT 닷컴 쿠폰팩’ 더 알아보기
: https://kt.com/9u0w
- 자세한 내용은 kt.com 참조

- '킅킅킅' 구독하기 ▶ https://www.youtube.com/@channelktktkt?sub_confirmation=1

© KT Original Series

#곽범 #김원훈 #이재율 
※ 본 채널은 욕설, 비방, 인신공격 등 커뮤니티 가이드라인을 위반하는 댓글에 대해 사전 고지 없이 삭제 및 차단 조치를 취할 수 있습니다",2026-05-22T09:00:02Z,124740,601
WzLBg9xpsfM,"(Kor, Eng, Jp)페미니스트와 사이좋게 지내는 법 | 손희정 '페미니즘 리부트', '성평등' 저자 | 행복 평등 페미 여혐 | 세바시 1009회",세바시 강연 Sebasi Talk,"✻ 손희정 작가의 강연 섭외는 세바시 홈페이지로 문의주세요! ☞ http://sebasi.co.kr/speaker/554

✻ 강연 영상이 올라올 때마다 보고 싶다면 지금 클릭!  ☞ http://bit.ly/2odEydm (종모양 알림을 꼭 누르세요)

✻ 강연자의 강연 소개 : “저는 페미니스트입니다.” 5년 전만 해도 어디에 가서 이렇게 말을 하면 사람들 반응이 좀 시원찮았어요. “뭐라고? 페미니스트? 헐...” 이런 느낌이었지만, 요즘에는 그런 반응을 보이지는 않습니다. 다른 많은 분들도 스스로 페미니스트임을 이야기하시지요.하지만 우리 사회가 이제 말하기 시작한 젊은 여성 페미니스트들에 대해 심각하게 오해하고 두려워하는 것은 아닌가 걱정이 되기도 합니다. 페미니스트는 정말 나쁜 여자인 걸까요? 페미니스트는 어떤 사람들인지, 그리고 어떻게 그들과 사이좋게 지낼 수 있을지 이야기합니다.

-----------------------------------

✻ セバシ－世の中を変える時間15分 第1009回「フェミニストと親しくなる方法」ソン・ヒジョン(慶熙大学 学術研究教授) #幸せ #平等 #フェミニスト #女性蔑視

「私はフェミニストです」5年前まではどこに行ってもこのように言うといい反応はありませんでした。最近はそうではありません。多くの人が自らをフェミニストだと言っています。しかし韓国社会が若い女性フェミニストについて大きな誤解をして恐れているのではないかと心配しています。フェミニストは本当に悪い女性なのでしょうか。フェミニストはどんな人でどのように親しくなれるのか話します。 

セバシ講演コンテンツの著作権は「㈱世の中を変える時間15分」が所有しています。映像及び音声の不法ダウンロード、再アップロード、再加工等の行為は法的に禁じられています。

-----------------------------------

✻ 한글 자막 : Yukiko Hara (anne_yukiko@naver.com)
✻ 일본어 자막 : Yukiko Hara (anne_yukiko@naver.com)

-----------------------------------

✻ 세바시 홈페이지에서 강연회와 연사들의 다양한 강의를 만나보세요! ☞ http://www.sebasi.co.kr

세바시 페이스북 페이지 | http://www.facebook.com/sebasi15
세바시 인스타그램 | http://www.instagram.com/sebasi15/
세바시 카카오스토리 | http://story.kakao.com/ch/sebasi


✻ 세바시 강연 콘텐츠의 저작권은 ‘(주)세상을바꾸는시간15분’에 있습니다. 영상 및 오디오의 불법 다운로드 및 재업로드, 재가공 등의 행위는 법적으로 금지되어 있습니다",2018-12-10T09:00:08Z,190243,2167
G2OFnCfqGf8,"EP04. 페미니스트와 남성, 친구가 될 수 있을까? | 앰네스티 특별기획 시리즈",Amnesty Korea,"*편집상의 이유로 재업로드합니다.

남성과 여성 중에 더 우월한 쪽이 있다고 생각해?
여성과 남성 모두에게 페미니즘이 필요한가?

제작          ㅣ 국제앰네스티 한국지부
기획 연출 ㅣ 홍혜민 PD, 정한솔 작가
촬영 편집 ㅣ 도비즈 스튜디오
출연          ㅣ 강혜원, 장서윤

안녕하세요, 국제앰네스티 한국지부입니다. 영상 시청 후, 아래 링크를 통해 여러분의 소중한 의견을 남겨주세요! 감사합니다. :)

▶ 영상 평가하러 가기 https://forms.gle/y2Rfk5LLJfUgJhbP7",2021-11-18T05:53:43Z,33665,118
V-986gyFiKI,짧은 머리에 20대인 비혼주의 여성?…페미니스트도 결혼할까 | #밀실,중앙일보,"“처음엔 페미니스트가 이상한 사람인 줄 알았어요.”

엄마 페미니즘 탐구모임 '부너미'를 만든 계기를 묻자 이성경씨가 이렇게 답했다. 약 3년 전만 하더라도 이씨 역시 페미니즘에 관심이 없었다고 한다. 
 
그러던 이씨는 2017년『82년생 김지영』을 읽고 주인공이 자신을 닮았다고 생각했다. 남편과 한 직장을 다니다가, 바로 옆자리에서 일하다 결혼·출산 후 일을 그만뒀기 때문이다.
 
책을 읽은 후 이씨는 “돌봄 노동에 전념하고 있는데, 돈을 벌지 않는다는 이유만으로 ‘외벌이 가정’으로 불리는 게 싫다”고 남편에게 털어놨다. 
 
이때 남편은 “당신이 페미니스트야 뭐야?”라고 물었다고 한다. 남편의 물음에 이씨는 페미니즘이 도대체 뭔지 제대로 알아봐야겠다는 생각이 들어 『빨래하는 페미니즘』 등 관련 책을 읽었고, 비슷한 고민을 나누고자 같은 해 12월 부너미를 만들었다. 

구독 ▶ https://bit.ly/2MoRauS

#밀실 #페미니스트 #비혼주의
+--------------------------------------------------------------------------------+ 

◈ 중앙일보 공식 채널 ◈

- 페이스북 : https://www.facebook.com/joongang/
- 인스타그램 : https://www.instagram.com/joongangilbo
- 트위터 : http://www.twitter.com/joongangilbo
- 유튜브 : https://goo.gl/DyGoPC
- 네이버 TV : http://tvcast.naver.com/joongangsisa
- 네이버포스트 : https://goo.gl/eeYh4k

당신이 원하는 뉴스,
중앙일보 채널과 함께하세요.

+--------------------------------------------------------------------------------+",2020-01-15T21:00:07Z,113627,384
m-o4psmnF_8,[20대 연구소] 왜 20대 여성은 페미니즘을 이야기하나?(full ver.),KBS 그날 그곳에 있었습니다,"20대 연구소, 두번째 이슈로는 20대 평범한 여성들의 이야기를 들어봤습니다.
다양한 논의는 환영하나, 인신공격은 자제해주시기 바랍니다.
앞으로 다양한 의견들을 나눌 예정이오니, 의견 남겨주시면 감사하겠습니다:)

19. 2. 13. 오늘밤 김제동 中

월화수목 밤 11시 KBS1TV 채널 9번, myK, Youtube, Facebook 라이브
📢 오늘밤 김제동 유튜브 구독하기 (http://bitly.kr/NmDNy)
✍ 오늘밤 김제동 유튜브 커뮤니티 (http://bitly.kr/thcBr)

▶ 공식 홈페이지 http://program.kbs.co.kr/1tv/culture/tonight/
▶ 공식 페이스북 https://www.facebook.com/tonightkjd/
▶ 공식 트위터 https://twitter.com/tonightkjd

▶ 공식 페이스북 메시지 보내기 m.me/tonightkjd
▶ 제보 및 의견 : tonightkjd@gmail.com",2019-02-16T02:00:03Z,16581,156
DOuv8Uc53Qo,"(Kor, Eng, Jpn) 페미니스트로 행복하게 살기 | 치마만다 응고지 아디치에 '보라색 히비스커스' 저자 | 행복 평등 페미니즘 | 세바시 1083회",세바시 강연 Sebasi Talk,"✻ 유튜브 자막 기능을 켜시면 한글 자막을 보실 수 있습니다
✻ 강연 영상이 올라올 때마다 보고 싶다면 지금 클릭(알람설정)!  ☞ http://bit.ly/2odEydm 

문학과 사회, 패션을 넘나드는 세계적인 인플루언서이자 문제적 작가 치마만다 응고지 아디치에가 세바시 무대에 섰습니다. 아디치에의 세바시 강연 출연은 지난 8월 영연방 작가상과 허스턴 라이트 기념상 수상작인 '보라색 히비스커스'의 한국 출간을 계기로 성사되었습니다. 

그동안 '아메리카나', '숨통', '태양은 노랗게 타오른다' 등으로 성별과 국경을 넘어 폭넓게 열렬한 지지를 받으며 천재적인 작가라는 찬사를 들어 왔던 그녀는, 아프리카가 낳은 스타 강연자이자 페미니즘 운동가이자 에세이스트이기도 합니다. 특히 '엄마는 페미니스트'로 국내에서 큰 공감과 사랑을 받은 바 있고, 대표작 중 하나인 '우리는 모두 페미니스트가 되어야 합니다'는 스웨덴 청소년들의 필독서이기도 합니다. 

이번 세바시 강연은 페미니스트는 물론 인권과 성 평등에 관한 이슈를 공부하거나 궁금해하는 모든 분이 반드시 시청해야 할 명강연입니다. 

✻ 세바시 콘텐츠의 A 부터 Z까지 누릴 수 있는 유튜브 멤버십 http://bit.ly/2URQKU4
✻ 가장 빠른 세바시 강연회 신청 https://apply.sebasi.co.kr
✻ 세바시 홈페이지에서 강연회와 연사들의 다양한 강의를 만나보세요! ☞ http://www.sebasi.co.kr

세바시 페이스북 페이지 | http://www.facebook.com/sebasi15
세바시 인스타그램 | http://www.instagram.com/sebasi15/
세바시 카카오스토리 | http://story.kakao.com/ch/sebasi

✻ 세바시 강연 콘텐츠의 저작권은 ‘(주)세상을바꾸는시간15분’에 있습니다. 영상 및 오디오의 불법 다운로드 및 재업로드, 재가공 등의 행위는 법적으로 금지되어 있습니다

＊セバシ講演コンテンツの著作権は「㈱世の中を変える時間15分」が所有しています。映像及び音声の不法ダウンロード、再アップロード、再加工等の行為は法的に禁じられています。

-----------------------------------------------------------------------------------------------------------------
Living Happily as a Feminist

World-renowned influencer and problematic writer, Chimamanda Ngozi Adichie, who crosses literature, society, and fashion, took the stage in Sebasi. Adichie's appearance in Sebasi's lecture took place in August with the publication of ""Purple Hibiscus,"" the winner of the Commonwealth Writers' Award and the Hurston Wright Memorial Award, in Korea. She has been praised as a genius writer with wide support across gender and borders for ""Americanah,"" ""The Thing Around Your Neck,"" and ""Half of a Yellow Sun,"" and is also a star lecturer, feminist activist, and essayist born in Africa. In particular, ""Dear Ijeawele, or A Feminist Manifesto in Fifteen Suggestions"" has been greatly sympathized and loved in Korea, and one of the representative works, ""We Must All Be Feminists,"" is also a must-read by Swedish teenagers. This Sebasi lecture is a must-see lecture for feminists as well as anyone who studies or wonders about human rights and gender equality issues.

* English subtitle : 세바시 열린번역 크루 2기, 신민경 (kayla000328@snu.ac.kr) 
-----------------------------------------------------------------------------------------------------------------
セバシ－世の中を変える時間15分 第1083回
「フェミニストとして幸せになる方法」チママンダ・ンゴズィ アディーチェ(Chimamanda Ngozi Adichie, 作家) #幸福 #平等 #フェミニズム

文学,社会,ファッションを超えた世界的なインフルエンサーで作家であるチママンダ・ンゴズィ アディーチェ氏は『アメリカーナ』『なにかが首のまわりに』『半分のぼった黄色い太陽』などで性差別と国境を超えた幅広い熱烈な支持を得て天才的な作家だと言われています。
彼女はアフリカが生んだ名講師でフェミニズム運動家でエッセイストでもあります。
韓国でも共感を呼び,代表作『男も女もみんなフェミニストでなきゃ』はスウェーデンで青少年の必読書になりました。
フェミニストだけでなく人権と性平等に関する話題を学んだり知りたい全ての人に見てもらいたい講演です。  

* Japanese Subtitles : Yukiko Hara (anne_yukiko@naver.com)  

'열린번역 프로젝트'는 세바시의 좋은 강연을 외국어로 번역하여 세계로 알리는 프로젝트입니다. 세상을 바꾸는 의미있는 강연들을 세계인들에게 전하는 일을 통해 한국의 좋은 컨텐츠를 해외로 알리는 일에 동참할 수도 있고, 프로젝트를 함께하는 이들과의 네트워크의 일원이 될 수도 있습니다.

영어, 중국어, 일어, 불어 등 모든 언어로 참여가 가능하며, 번역이 힘든 경우 한글자막 작업에만 참여하시는 것도 큰 힘이 됩니다. 외국인의 경우 외국어 번역의 감수자로도 참여할 수 있습니다. 세바시의 강연을 세계로 알리는 '오픈번역 프로젝트'에 동참하세요!

Open Translation Project : Make this great speech with your Language with passionate Koreans!",2019-09-04T09:05:34Z,38351,1543
oYu-OXyMEk4,"Women drugged, filmed by K-pop stars? What really happened in the Burning Sun Club｜True Crime Korea",Dark Asia with Megan,"Hello everyone, and welcome to Dark Asia with Megan.

I'm Megan Lee and I bring you the most notorious true crime cases and unsolved mysteries of Asia. If you are a huge fan of true crime, make sure you subscribe to my channel!

#truecrime #korea #crimestory #burningsun",2023-05-24T08:49:26Z,424619,12031
7FURpcE-JzE,"남성 페미니스트, 행복하세요? [히포시토크-1]",여성신문TV,"남성 페미니스트 4인의 수다 1편 입니다. 
출연 :   
- 서한영교 작가 : '두 번째 페미니스트' 저자 
- 이한 '남성과 함께하는 페미니즘' 활동가
- 최주헌 서울대학교 여성주의학회 '달' 회원 
- 박정훈 오마이뉴스 기자 : '친절하게 웃어주면 결혼까지 생각하는 남자들' 저자

히포시(HeForShe)캠페인은 성차별적인 현실을 바꾸기 위해 남성들의 지지와 동참을 촉구하는 운동이다. 2014년 유엔여성이 시작한 글로벌 캠페인이다. 국내에서는 여성신문이 2015년 히포시 코리아운동본부를 만들어 캠페인을 주도하고 있다.

* 히포시코리아운동본부 : http://www.heforshekr.com
* 히포시코리아 소개영상 : https://www.youtube.com/watch?v=BaxVi1o2Vqw

📌 
여성신문 http://www.womennews.co.kr/ 
여성신문 페이스북 https://www.facebook.com/wnewskr 
여성신문 트위터 https://twitter.com/wnewskr

문의: 여성신문TV 담당자 (press1@womennews.co.kr)

#히포시 #HeForShe #남성페미니스트",2019-11-06T07:20:42Z,2624,50
SGjJnFNRlN0,[악마의 대리인] 여자는 안 해? 숙직은 남자만? 여성 공무원 숙직에 대한 찬반토론,엠빅뉴스,"정부 부처와 광역지자체 등 69곳 가운데 90% 이상은 남성만 숙직을 한다고 합니다. 여성 직원도 숙직을 해야 할까요? 입사동기 기자 두 명이 찬성과 반대 역할을 제비뽑기로 정해 토론을 해봤습니다. 누가 더 설득력 있는지 지켜보시죠!

#여성공무원_숙직 #여자_숙직 #악마의_기자들 #서울시_숙직 #여성_당직 #양성평등",2019-02-15T12:32:29Z,153337,1057
UkSL7oyX_48,[드랍더이슈] 트랜스젠더🏳‍🌈를 쫓아낸 페미니스트? 숙대서 트랜스젠더가 쫓겨난 진짜 이유 (feat. 타이미) / YTN, YTN,"숙명여대 신입생으로 합격한 트랜스젠더 여성이
결국 입학을 포기했단 뉴스, 본 적 있으시죠?

하지만 트랜스젠더 여성을 숙대서 쫒아낸 사람들이
보수단체도, 종교도, 교육부도 아닌 
페미니스트였단 사실 알고 계신가요?

숙대서 트랜스젠더가 쫒겨난 진짜 이유!
오늘 래퍼🎤 타이미와 함께 드랍더이슈에서 알려드립니다. 

제작 : 전혜원PD(one@ytnplus.co.kr)
안용준PD(dragonjun@ytnplus.co.kr)

▶ 기사 원문 : https://www.ytn.co.kr/_ln/0134_202011131507023338
▶ 제보 안내 : http://goo.gl/gEvsAL, 모바일앱, social@ytn.co.kr, #2424

▣ YTN 유튜브 채널 구독 : http://goo.gl/Ytb5SZ

ⓒ YTN & YTN plus 무단 전재 및 재배포금지",2020-11-13T06:16:15Z,227962,2820
aOYwJjO_V_M,까칠 남녀 - 2018 페미니즘- 당신의 페미니즘을 찾아서_#003,EBSCulture (EBS 교양),"공식 홈페이지 : http://home.ebs.co.kr/gender/main
  2018 페미니즘- 당신의 페미니즘을 찾아서,

세대를 뛰어넘은 페미니즘 이야기! 산골 어르신들의 '농촌 까칠 토크'와 이현재 교수, 손아람 작가와 함께 하는 &lt;페미니즘 프리토크&gt; 진정한 소통의 장을 준비했다. 

사회적 문제로 대두되고 있는 성차별 이슈!

유쾌하고 솔직한 목소리로 이야기하는 국내 최초의 젠더 토크쇼,

▶For more videos visit us at http://home.ebs.co.kr/gender/main

▶Subscribe to the EBS Channel here :
http://www.youtube.com/subscription_center?add_user=EBSCulture

▶Check out what we're up to elsewhere:
- http://gplus.to/EBSCulture",2018-01-29T10:11:49Z,185169,1705
2BPxHzUeVkg,[책꼽문] 최초로 페미니즘 사상을 정립한 사람은?,사람사는세상노무현재단 RohMoohyunFoundation,"※위 방송은 코로나19 안전 방역수칙을 준수해 촬영하였습니다※

- 권김현영 여성현실연구소 소장
- 박정훈 오마이뉴스 기자

노무현재단은 후원회원 한분 한분이 보내주시는 소중한 후원금으로 운영됩니다. 
여러분의 후원이 세상을 바꾸고, 대한민국의 미래를 만들어갑니다.
　
 ◎ 사람사는세상 노무현재단 공식 SNS
홈페이지  http://www.knowhow.or.kr
후원안내  1688-0523

페이스북 https://www.facebook.com/rmoohyun
인스타그램 https://www.instagram.com/rohmoohyunf...
유튜브 https://www.youtube.com/c/사람사는세상노무현재단
트위터 https://twitter.com/RohFoundation
노무현사료관 http://archives.knowhow.or.kr",2021-11-23T04:00:01Z,6504,432
FWPAsbNrsuU,Wife or Monster? Upset Wife Can Be Dangerous: Korea's Most Notorious Psycho Woman｜Go Yujeong,Dark Asia with Megan,"💜FOLLOW  MEGAN💜

🟪Tik Tok
https://www.tiktok.com/@darkasiawithmegan
🟪Instagram
- Shorts, Preview etc: 
https://www.instagram.com/darkasiawithmegan/
- Personal Account: 
https://www.instagram.com/leemeganida/
🟪Facebook 
https://www.facebook.com/darkasiameganlee/

💜SEND STORY IDEAS💜 
Darkasiawithmegan@gmail.com 

#truecrime #korea #crimestory",2025-02-25T11:59:51Z,699976,14823
gMpFERW-L1g,[자막뉴스] 트럼프에 가차없는 직격... 신랄한 일침 쏟아지는 미 공화당 / YTN, YTN,"'애초 전쟁을 왜 시작했는지 모르겠다.' 트럼프 대통령 측근 린지 그레이엄 상원 의원은 종전 합의로 이란이 역내에서 상당한 위상을 확보할 가능성을 우려하며 이렇게 비판했습니다.

테드 크루즈 상원 의원은 ""심히 걱정스럽다"", 톰 틸리스 상원 의원은 ""의회 인준 절차가 빠져, 오바마 행정부 핵 합의처럼 실패할 운명""이라는 말로 답답함을 드러냈습니다.

로저 위커 연방 상원 군사위원장은 트럼프가 ""가치 없는 합의를 추진하라는 잘못된 조언을 밀어붙여 미국이 약하다는 인식만 퍼뜨릴 수 있다"", ""군사 작전을 통한 모든 성과를 헛되게 만들 것""이라고 우려했습니다.

1기 트럼프 행정부 핵심 참모들도 잇따라 걱정을 쏟아냈습니다.

국가안보보좌관이던 존 볼턴은 ""보도가 맞다면 이란은 상당한 승리를 거두는 셈이다"", 역시 국가안보보좌관을 지낸 마이클 플린은 ""뻔뻔스럽게 거짓말했던 이란이 이제 와 진실을 말할 거라 믿는가""라고 비판했습니다.

마이크 폼페이오 전 국무장관은 이번 협상안이 오바마 전임 행정부 때와 똑같은 듯하다고 비꼬았습니다.

야당인 민주당에선 ""이란에 더 극단적인 정권이 들어서게 돼 미국의 상황을 더 나쁘게 만들었다""며 이런 한탄까지 합니다.

[코리 부커 / 미국 민주당 상원의원 : 도널드 트럼프는 애초에 우리를 이런 상황에 몰아넣은 장본인으로서 바보 취급을 당하고 있습니다.]

쏟아지는 우려에 트럼프 대통령은 ""아무것도 모른 채 비판하는 패배자들의 말은 듣지 말라""고 일축했습니다.

""오바마가 한 합의처럼 이란에 막대한 현금을 주고 핵무기 개발로 가는 길을 열어준 것과는 다른"" 좋은 합의를 할 거라고 자신했습니다.

이런 미국의 상황을 비웃기라도 하듯, 이란은 이미 승리한 전쟁이라고 연일 선전합니다.

이번엔 외무부 대변인이 이란 영토를 아울렀던 고대 페르시아 제국의 황제에 굴복한 로마 황제들을 담은 부조 사진과 글을 올렸습니다.

""로마인 생각에는 로마가 세계의 중심이었지만 이란인은 그 환상을 산산조각 냈다""며, 페르시아 원정은 로마의 승리가 아니라, 사산 왕조의 조건에 따른 평화로 끝 맺고 황제는 조건을 수용해야만 했다""고 일갈했습니다.

YTN 김종욱입니다.

영상편집: 양영운 
디자인: 김서연
자막뉴스: 박해진



※ '당신의 제보가 뉴스가 됩니다'
[카카오톡] YTN 검색해 채널 추가
[전화] 02-398-8585
[메일] social@ytn.co.kr

▶ 기사 원문 : https://www.ytn.co.kr/_ln/0134_202605251920103788
▶ 제보 하기 : https://mj.ytn.co.kr/mj/mj_write.php

▣ YTN 유튜브 채널 구독 : http://goo.gl/Ytb5SZ

ⓒ YTN 무단 전재, 재배포금지 및 AI 데이터 활용 금지",2026-05-25T10:33:55Z,9417,165
yAMabYGU6h0,Learn Igbo: We Are | The Margin the Ledger Could Not Read | Igbo Daily Drops Ep.71 Week 15,Learn Igbo,"📥 Free Speaking Workbook: https://learnigbonow.com

In a typing pool in colonial Enugu, 1948, an Igbo clerk finishes the racial wage
classification document he was hired to produce — then picks up a pencil and writes his Igbo name in the margin where the ledger cannot follow him.

Learn three of the most politically radical sentences in the curriculum: Anyị bụ — We are. The colonial administration could classify the body. It could not classify the umunna — the patrilineage at the centre of Igbo identity. Scholar Carolyn A. Brown documented in 2003 how deliberately the colonial state erased this from the record.

📖 Today's proverb: Onye ajụrụ ajụ, anaghi ajụ onwe ya — The one others refuse
to recognise does not refuse themselves.

🗣️ Sentences in this episode:
1. Anyị bụ ndị Igbo — We are Igbo people.
2. Anyị bụ umunna — We are kinsmen.
3. Anyị bụ ezinụlọ — We are a family.

📚 Scholar cited: Carolyn A. Brown, ""We Were All Slaves"": African Miners, Culture, and Resistance at the Enugu Government Colliery, Nigeria, Heinemann, 2003.

By every measure UNESCO uses to assess a language's vitality —
intergenerational transmission, community attitudes, government support — Igbo is
vulnerable. Every episode is part of the Igbo Daily Drops Living Archive.

🎧 Spotify: https://tinyurl.com/iddspot
🎧 Apple Podcasts: https://tinyurl.com/iddapple
🌐 learnigbonow.com

Every sentence is a drop. Every drop feeds Oké Osimiri Mmụta Igbo.


#LearnIgbo #IgboLanguage #IgboDailyDrops #IgboIdentity
#ColonialHistory #EnuguHistory #IgboResistance #IntangibleCulturalHeritage
#EndangeredLanguage #AfricanStudies #IgboCulture #HeritageLanguage
#NigerianLanguage #LanguageRevitalization #YvonneMbanefo",2026-05-25T09:24:19Z,12,3
-tY0NQoiAtc,The Most EVIL Middle-Schoolers In South Korea That Got Away With Murder,Rotten Mango,"Rotten Mango Merch: https://fanjoy.co/collections/stephanie-soo

Full Show Notes: http://rottenmangopodcast.com


WHERE ELSE CAN YOU LISTEN/WATCH THIS EPISODE? 
Spotify Video 🥭 https://open.spotify.com/show/5jZ9hN1UHkjyTmfOjbdPQb?si=7415e45850964f3d
Apple Podcasts🥭 https://podcasts.apple.com/us/podcast/rotten-mango/id1517954480

(OR wherever you listen to your podcasts!) 


ROTTEN MANGO MERCH 🥭 https://fanjoy.co/collections/stephanie-soo


The Intro Artist 🥭 https://www.behance.net/jieyang18


#rottenmango #podcast",2023-05-10T23:52:08Z,5645750,151940
J3rODkK_gCQ,어서오세요 탈코의 방으로 : 1편 [108호 입주자],여남공학대학여성연대 : 들불,"[어서오세요 탈코의 방으로] 시리즈 1편 - 입주자 108호
매주 토요일 19시 업로드

해당 프로젝트는 한국여성인권플러스의 90일간의여성연대 사업 지원을 통해 제작되었습니다.

🔥 2026 들불 운영진 모집 🔥

-  모집 기한 : 2026.01.05-01.31 (23:59)
-  모집 방법 : 구글폼 제출 후 화상면접
-  모집 대상 : 인사팀, 미디어팀, 현장팀, 콘텐츠팀

빠르게 지원하고, 오래 활동해요!
🔗 https://buly.kr/3u4RM2i

#여성연대 #한국여성인권플러스 #페미니즘 #탈코르셋 #탈코 
#4bmovement #SouthKorea #6B4T #래디컬페미니스트 #래디컬",2025-12-27T10:08:05Z,349,33
qGZkmUMW_TM,Korea can be a TERRIBLE place for women to live｜Dating Violence in Korea,Dark Asia with Megan,"💜FOLLOW  MEGAN💜

🟪Tik Tok
https://www.tiktok.com/@darkasiawithmegan
🟪Instagram
- Shorts, Preview etc: 
https://www.instagram.com/darkasiawithmegan/
- Personal Account: 
https://www.instagram.com/leemeganida/
🟪Facebook 
https://www.facebook.com/darkasiamegan/

💜SEND STORY IDEAS💜 
Darkasiawithmegan@gmail.com 

#truecrime #korea #crimestory",2024-04-20T14:07:14Z,844947,27486
oBIo2AyjNMo,낙관적 허무주의,한눈에 보는 세상 – Kurzgesagt,"Kurzgesagt를 직접 후원하고 싶다면, 저희 스토어에서 상품을 구매하거나 Patron이 되어주세요.
Shop: https://kgs.link/shop
Patreon: https://kgs.link/patreon
정말 감사합니다!

Patreon: https://kgs.link/patreon
Merchandise: https://kgs.link/shop
Newsletter: http://eepurl.com/cRUQxz
Facebook: http://bit.ly/1NB6U5O
Twitter: https://twitter.com/kurz_gesagt
Instagram: https://kgs.link/instagram
Discord: https://discord.gg/kurzgesagt
Steady: https://steadyhq.com/de/kurzgesagt

영상 음악:
Spotify: https://open.spotify.com/artist/7meq0SFt3BxWzjbt5EVBbT
Soundcloud: https://soundcloud.com/epicmountain
Bandcamp: https://epicmountainmusic.bandcamp.com/
Youtube: https://kgs.link/music-youtube

Created in partnership with the Open Philanthropy Project",2023-05-04T09:00:25Z,2160571,89585
p-N3-Q8WyfU,"How Gen Z and TikTok are changing the way we speak - The Global Story podcast, BBC World Service",BBC World Service,"Social media is driving language change around the world at a rate never seen before.

Click here to subscribe to our channel 👉🏽 https://bbc.in/3VyyriM

With these changes come greater homogenisation and a risk of linguicide, as we all adapt to a rapidly changing linguistic landscape. So why are things changing so fast, is it a problem, and what could it mean for the future of how we communicate?

On this episode Neil Edgeller from BBC Learning English and  journalist, author, and linguist Sophia Smith Galer, join Lucy Hockings to discuss what these changes mean for the languages we speak.

00:00 Introduction
01:16 Generational differences
02:01 What is linguicide?
03:11 What words are emerging with younger generations?
03:28 Trying to define skibidi
03:57 The exclusivity of language for identity making
04:33 Rizz already out of usage
05:17 Vocabulary evolving incredibly fast
05:54 Global homogenisation of slang
07:02 Where this new vocabulary is coming from
08:12 An act of rebellion
08:40 The difference to language change pre-internet
09:24 How languages other than English are changing
11:04 Short lifespan of some words and phrases
11:57 Intonation and pronunciation changes from social media
13:27 Narrowing gap between British and US English
13:58 Is grammar changing too?
14:43 Is language change getting faster?
15:06 The joy of language change and evolution
15:36 What does the future hold?
15:59 Could some languages die out?
16:34 The revitalisation of the Māori language in New Zealand
17:06 Will AI play a role in language change?

Watch more episodes of The Global Story here 👉🏽 https://www.youtube.com/playlist?list=PLz_B0PFGIn4dvK8UQS79GwGLDl94Z3gkt

You can listen to more episodes of The Global Story here. Making sense of the news with our experts around the world. Insights you can trust, Monday to Friday, from the BBC 👉🏽  https://www.bbc.co.uk/programmes/w13xtvsd/episodes/downloads 
----------------
This is the official BBC World Service YouTube channel. 
If you like what we do, you can also find us here:
Instagram 👉🏽 https://www.instagram.com/bbcworldservice
Twitter 👉🏽 https://twitter.com/bbcworldservice
Facebook 👉🏽 https://facebook.com/bbcworldservice
BBC World Service website 👉🏽 https://www.bbc.co.uk/worldserviceradio

Thanks for watching and subscribing!
#BBCWorldService #WorldService #genz #tiktok",2024-11-23T13:00:57Z,1970011,27918
8OYbPNO3cnc,페미니즘의 역사(50분 순삭 ver),간다효,"#간다효 #페미니즘 #가짜페미 #여혐 #남혐 
@간다효

💟간다효 멤버십 가입💟
https://www.youtube.com/channel/UCgOrq46HHPLETItXdQzG0Og/join

💘 간다효 후원 : https://toon.at/donate/gandahyo

🐸 간다효 채팅규칙 : https://cafe.naver.com/ganada0811/668
📧 간다효 문의 : gandahyo@gmail.com

All rights reserved® Made by YOUTUBE GANDA.HYO",2024-12-02T08:30:01Z,693230,12183
uhFgbyypehc,"South Korea's underground tattoo scene: The women defying the law - BBC 100 Women, BBC World Service",BBC World Service,"Meet the women tattoo artists challenging South Korea's strict laws.

Click here to subscribe to our channel 👉🏽 https://bbc.in/3VyyriM

In Secret Ink, BBC 100 Women meets a handful of female tattoo artists in South Korea where it is illegal to tattoo without a doctor's licence. They share how they face extra risks and vulnerability and how they believe the law should be changed so that artists no longer have to live in fear of being reported to the police and face potential fines or prosecution.

Warning: This video contains references to sexual harassment.

00:00 South Korea’s illegal tattoo scene
00:37 Getting abuse for being a tattoo influencer
02:17 Why tattoos are associated with gangsters
03:00 Getting harassed online for your tattoos
04:20 The stigma of being a woman with tattoos in South Korea
05:43 Tattooist Narr shares her story
07:19 Sexual harassment by client
08:59 Rising popularity of tattoos in South Korea
09:38 Tattooist Uzu on keeping tattooing a secret
13:04 Hopes for a change in the law
15:41 The latest attempt to change law
15:59 The work of the Tattoo Union
16:52 Why people want the law changed 
18:20 Who opposes the law being changed
18:41 One of the few legal tattooists in South Korea
21:18 Tattooist Gong Greem on why she went abroad to work
23:40 Tattooists reflect on their hopes for the future 

The BBC 100 Women team has a mission to address the under-representation of women in media. If you are interested in their content check out this playlist  👉🏽 https://www.youtube.com/playlist?list=PLz_B0PFGIn4cbktJ5umbEcZTeaQO2v86O   

----------------
This is the official BBC World Service YouTube channel. 
If you like what we do, you can also find us here:
Instagram 👉🏽 https://www.instagram.com/bbcworldservice
Twitter 👉🏽 https://twitter.com/bbcworldservice
Facebook 👉🏽 https://facebook.com/bbcworldservice
BBC World Service website 👉🏽 https://www.bbc.co.uk/worldserviceradio

Thanks for watching and subscribing!
#BBCWorldService #WorldService #tattoo #tattooartist #tattoos #southkorea #feminism #womensrights",2025-02-04T13:01:14Z,831299,13569
rSqxxUXTkfU,[단독] '피해자 최소 12명' 서울대에서 집단 성범죄‥피의자 모두 '서울대' (2024.05.20/뉴스데스크/MBC),MBCNEWS,"악질적이고 참혹하기까지 했던 디지털 집단 성범죄,
'N번방 사건'을 기억하실 겁니다.
한 대학에서 집단 성범죄 사건이 벌어졌는데요.
우리나라 최고의 지성이라 불리는, '서울대'에서였습니다
지금까지 확인된 피해자만 20명에 육박하고 체포된 피의자도 
여러 명인데 모두, 서울대생이었습니다.
이 사건은, 연속 보도로 전해드리겠습니다.ㅤ

https://imnews.imbc.com/replay/2024/nwdesk/article/6600035_36515.html


#서울대 #성범죄 #텔레그램

ⓒ MBC & iMBC 무단 전재, 재배포 및 이용(AI학습 포함)금지",2024-05-20T11:18:48Z,3098108,45398
xBT9fkOYrv4,이어달리기 31화 l 도전 이어벨! 우리에게도 계보가 있다! with 이민경 작가,손수현 안예은의 이어달리기,"바통이 여러분! 
펜과 종이를 준비하시고 지금부터!
여성의 역사 골든벨! 함께 풀어보아요!

이번 이어달리기에서는
'우리에게도 계보가 있다'의  '이민경' 작가님과 함께,
이야기를 나누어보았습니다!

0:00 인트로 (여성 발명가)
0:38 ‘우리에게도 계보가 있다’ 집필 계기
4:05 1번 문제 (호주제)
6:08 2번 문제 (여성주의 활동가)
7:02 3번 문제 (부모 성 함께 쓰기)
08:04 4번 문제 (신정휴 교수 성희롱 사건)
10:06 5번 문제 (안내방송)
12:24 6번 문제 (대동제 난입 사건)
15:27 7번 문제 (강간과 추행의 죄)
17:56 8번 문제 (성폭력특별법 제정)
19:44 9번 문제 (여성 노동 운동)
21:25 마지막 문제 (여성 인권 선언문)
22:17 엔딩 (역사화)
23:24 방송 정보


차별과 혐오에 반대합니다!
내일을 바꿀 청소년들의 이야기!

#이어달리기​​ #이민경​​ #여성의역사 
#역사 #페미니즘 #우리에게도계보가있다
#손수현 #안예은 #EBS #라디오 #팟캐스트 


여러분의 고민사연을 공식 SNS에 DM으로 보내주세요!
수현 & 예은DJ가 들어드립니다 😉

🏃🏻‍♀️ 이어달리기 𝙸𝚗𝚜𝚝𝚊𝚐𝚛𝚊𝚖 : @runradiorun.ebs
https://www.instagram.com/runradiorun.ebs/
🏃🏻‍♀️ 이어달리기 𝚃𝚠𝚒𝚝𝚝𝚎𝚛 : @runradiorun 
https://twitter.com/runradiorun


[손수현 안예은의 이어달리기] 전체 이야기는 
팟캐스트/팟빵에서 오디오로 들으실 수 있습니다.

🎧 팟캐스트 : https://apple.co/2VEo4Mo
🎧 팟빵 : https://bit.ly/2YRY7uV 


🎶 당연하지 않은 당연한 것들에 주저앉지 말고 일어나 손을 잡고 나가자
나의 어제와 너의 오늘이 우리의 내일을 만들어 갈거야 🎶

🏃🏻‍♀️ 협찬 및 제휴문의 : runradiorun@gmail.com
🏃🏻‍♀️ 제작 : EBS 라디오부 손수현 신연경 김정재 이자형 김잔디 유영지 김주연",2021-04-23T13:00:23Z,1357,92
x287A2V9UB4,"[성공예감 별책부록] 팩폭 뒤에 숨은 차별, 납작한 말의 시대 ⟪납작한 말들⟫ - 오찬호 작가",KBS 1라디오,"[성공예감 이대호입니다]
KBS 1 Radio1 FM 97.3MHz 월~금 09:05-10:53
2025년 8월 9일 토요일 


* 주말방송 [별책부록]팩폭 뒤에 숨은 차별, 납작한 말의 시대
- 책 ⟪납작한 말들⟫
- #오찬호 작가



#KBS1라디오 #KBS라디오 #시사라디오 #KBS1Radio #오늘아침1라디오 #전격시사 #성공예감이대호입니다 #신성원의오늘세계는 #세상의모든정보 #라디오전국일주 #경제쇼 #뉴스레터K #KBS열린 토론 #스포츠스포츠 #오늘밤1라디오 #별책부록 #성공예감별책부록 #납작한말들 #기분 #태도 #언어 #소통 #관계 #행동 #능력주의 

Copyright c KBS. All rights reserved. 무단 전재, 재배포 및 이용(AI 학습 포함) 금지",2025-08-09T00:05:01Z,3645,76
-DfV_42fO2A,"【오찬호 사회학자 50분 풀버전】 모든 사람이 ‘OOO’할 때, 차별없는 진짜 평등사회일 수 있다 | #어쩌다어른 #사피엔스 | CJ ENM 180613 방송",사피엔스 스튜디오,"#오찬호

어쩌다어른
대한민국 대표 강연자들의 다시 보고 싶은 명강의가 새로운 인사이트로 돌아온다! 
난생처음 어른이 된 우리를 위한, 각 분야 지식인들의 울림 있는 유머와 깊이 있는 통찰 

《책 읽어드립니다》, 《어쩌다 어른》 제작진이 만든 대한민국 대표 지식 큐레이팅 채널 『사피엔스』 → https://www.youtube.com/c/사피엔스스튜디오",2021-06-19T03:00:01Z,83405,1639
bKbo8Rr5Y_0,"""제발 버티지 마세요"" 송길영이 작심하고 경고하는 2026년 생존법 | 송길영 마인드 마이너, '시대예보: 경량문명의 탄생' 저자 | AI 미래 동기부여 | 세바시 2064회",세바시 강연 Sebasi Talk,"송길영 | 마인드 마이너, '시대예보: 경량문명의 탄생' 저자

강연 소개 :
""뭔가 오고 있습니다."" 촬영장 없이 광고를 찍은 노홍철 씨, 로펌 대신 AI에게 계약서를 맡긴 저의 경험까지. 거대 조직이 사라지고 개인이 AI로 무장하는 '경량 문명'이 도래했습니다. 무거우면 가라앉고 가벼우면 날아오르는 새로운 시대, 당신의 생존법을 지금 말씀드립니다.

⏱타임 스탬프 (Time Stamp)
00:00 인트로
00:37 시대예보: 경량문명의 탄생
01:26 교육을 바꾸는 AI
03:37 전문직을 위협하는 AI
04:35 송길영X노홍철, 광고업계는?
07:09 무언가 오고 있습니다
08:27 우리 사회가 변화하는 이유
11:49 우리는 어떻게 살아야 할까요?
14:46 땅을 벗어난 새로운 가치
15:34 저는 미래를 봤습니다
16:17 저항하지 마세요(?)

✻ 이 강연은 시몬스 침대와 함께 합니다.

경량문명 제대로 준비하기: '시대예보: 경량문명의 탄생 | 송길영'
https://product.kyobobook.co.kr/detail/S000217421954

#세바시 #강연 #명강의 #송길영 #시대예보 #동기부여 #미래 #성장 #인공지능 #시몬스 #시몬스침대 
--------------------------
송길영 강연자 강연 섭외 문의 👉🏻 https://bit.ly/sebasi_speakers
세바시 소식 & 강연회 신청 👉🏻 https://linktr.ee/sebasi
협찬/콘텐츠 구매 문의 👉🏻 sebasi@sebasi.co.kr

🎁 [세바시 스토어] 좋은 생각처럼, 좋은 제품도 삶을 바꿉니다 👉🏻 https://sebasistore.com/
📙 [세바시 인생질문] 질문만 따라가면 완성되는 나만의 자서전 👉🏻 https://bit.ly/sebasi_books

홈페이지 👉🏻 https://www.sebasiland.com
인스타그램 👉🏻 https://www.instagram.com/sebasi15
페이스북 👉🏻 https://www.facebook.com/sebasi15
스레드 👉🏻 https://www.threads.com/@sebasi15

세바시 강연 콘텐츠의 저작권은 ‘(주)세상을바꾸는시간15분’에 있습니다. 영상 및 오디오의 불법 다운로드 및 재업로드, 재가공 등의 행위(AI학습 포함)는 법적으로 금지되어 있습니다",2026-01-05T09:01:04Z,944280,15704
I8oSZyU6hKo,"[시선집중] 교실에서 유행하는 '계집신조', 성교육 법제화가 필요한 이유 - 유승민 작가[6분집중], MBC 250512 방송",MBC 라디오 시사,"※ 〈김종배의 시선집중〉 방송 화면 인용 시, 출처를 잘 보이는 크기의 자막으로 다음과 같이 명시해주시기 바랍니다. 
- MBC 라디오 〈김종배의 시선집중〉 2025년 5월 12일 방송

| 출연 : 유승민 작가

#계집신조 #여성혐오 #성교육 #젠더갈등 
#시선집중 #MBC라디오 #김종배
#유승민 #작가 #6분집중 #이슈브리핑
#시선집중 #김종배의시선집중 #김종배시선집중 #김종배
#MBC라디오 #MBC #시사라디오 #뉴스

| 김종배의 시선집중 홈페이지 |
http://www.imbc.com/broad/radio/fm/look/",2025-05-12T00:42:58Z,60182,3803
xKtqMDX3uAE,"무너진 청년 민심, 2030은 정말 보수로 갔나 | 인사이트30",연합뉴스경제TV,"저작권자(c) 연합뉴스경제TV, 무단 전재-재배포, AI 학습 및 활용 금지

📚 변정규의 '슈퍼금리 슈퍼리치' 구매하기 
https://product.kyobobook.co.kr/detail/S000214826132
📚최윤식의 '2050 대담한 준비' 구매하기 
https://product.kyobobook.co.kr/detail/S000213949268
📚곽수종의 '자본주의의 적은 자본주의' 구매하기 
 https://product.kyobobook.co.kr/detail/S000213692459
📚박주근의 '변하지 않는 것에 투자하라' 구매하기 
https://product.kyobobook.co.kr/detail/S000213417041

📺 방송으로 연합뉴스경제TV를 만나보세요! 
KT 187번 / SKB 167번 / LGU+ 171번 
스카이라이프 157번 /  LG헬로비전 189번
SKB 케이블 199번 / HCN 417번 / 딜라이브 268번

✔ 연합인포맥스뉴스 https://www.youtube.com/@infoXeconomy
✔ 연합뉴스정치TV https://www.youtube.com/@InfoX_Ypolitics

💼광고/협업 관련 문의 :  02-398-5267 / 이메일: dhkim2@yna.co.kr

#보수 #태극기 #2030 #진보 #국민의힘 #더불어민주당 
#연합뉴스경제tv #연합인포맥스",2025-03-14T23:00:50Z,12553,239
InmSMUSYKAY,"[알릴레오 북's 44회] 다른 세상을 향한 연대 / 페미니즘 교차하는 관점들 - 권김현영, 박정훈",사람사는세상노무현재단 RohMoohyunFoundation,"※위 방송은 코로나19 안전 방역수칙을 준수해 촬영하였습니다※

- 권김현영 여성현실연구소 소장
- 박정훈 오마이뉴스 기자

노무현재단은 후원회원 한분 한분이 보내주시는 소중한 후원금으로 운영됩니다. 
여러분의 후원이 세상을 바꾸고, 대한민국의 미래를 만들어갑니다.
　
 ◎ 사람사는세상 노무현재단 공식 SNS
홈페이지  http://www.knowhow.or.kr
후원안내  1688-0523

페이스북 https://www.facebook.com/rmoohyun
인스타그램 https://www.instagram.com/rohmoohyunf...
유튜브 https://www.youtube.com/c/사람사는세상노무현재단
트위터 https://twitter.com/RohFoundation
노무현사료관 http://archives.knowhow.or.kr",2021-11-19T10:00:11Z,213152,13701
6m1NYkF6a_M,"""여성안심귀갓길 없앴다"" 자랑하더니 관악구 흉악범죄 속출에 '역풍' [뉴스.zip/MBC뉴스]",MBCNEWS,"00:00 ""'여성안심귀갓길' 예산 삭감은 역사적 의미"" 관악구 의원의 자화자찬 (2023.08.21/뉴스데스크/MBC)
02:08 [알고보니] 여성안심귀갓길, 문구만 써놔 효과 없다? (2023.08.22/뉴스데스크/MBC)

#여성안심귀갓길 #예산삭감 #최인호 ⓒ MBC&iMBC 무단 전재, 재배포 및 이용(AI학습 포함)금지",2023-08-27T08:49:26Z,371591,8501
IbprY3fx3jg,"백지원 ""선관위서 조사받았다...모멸감 느낀 5시간 30분"" [엄튜브]",뉴스TVCHOSUN,"백지원 대변인은 서울시 선거관리위원회에서 5시간 30분 동안 조사를 받는 과정에서 “모멸감을 느꼈다”고 밝혔습니다.
백 대변인은 조사 당시 선관위 직원이 ‘욕설 파일을 직접 읽어보라’고 요구하는 등 부적절한 태도가 있었다고 주장했습니다.
그는 “정치적 중립을 지켜야 할 기관이 편향성을 드러냈다”며 선관위 제도·문화 전반의 개편 필요성을 제기했습니다.

#엄튜브 #백지원 #선관위
[TV조선 뉴스·시사 프로그램｜유튜브 
라이브 방송시간]

📡 월~금 07:00 강상구 부장의 투시경 (유튜브)
📡 월~금 07:30 뉴스퍼레이드
📡 월        08:40 네트워크 매거진
📡 월~금 09:00 신통방통 
📡 월~금 10:20 류병수의 강펀치 (유튜브)
📡 월~금 13:00 보도본부 핫라인
📡 월~금 14:30 사건파일 24
📡 월~금 17:20 시사쇼 정치다
📡 월~금 21:00 뉴스9
📡 토~일 14:00 뉴스현장
📡 토~일 17:40 시사쇼 정치다
📡 토~일 19:00 뉴스7

[Ch.19]  사실을 보고 진실을 말합니다.

👍🏻 공식 홈페이지 http://news.tvchosun.com/
👍🏻 공식  페이스북 https://www.facebook.com/tvchosunnews/
👍🏻 공식 트위터 https://twitter.com/TVChosunNews

* 뉴스제보 : 이메일(tvchosun@chosun.com), 카카오톡(tv조선제보), 전화(1661-0190)",2025-10-14T09:23:18Z,22568,1578
cRb6OAdUxSM,우리 자녀들이 함께 살아갈 더 나은 세상에 대하여  | 이나영 중앙대학교 사회학과 교수 | 성장 자기계발 동기부여 | 세바시 1287회,세바시 강연 Sebasi Talk,"이나영 | 중앙대학교 사회학과 교수
강연 소개 : 요즘 ""아들과 딸 키우기 참 힘들다""는 부모님들의 한숨이 깊습니다. 집안의 남매들조차 서로 대화하길 꺼리는 젠더 갈등의 시대 , 과연 우리 자녀들은 앞으로 더 나은 삶을 살 수 있을까요?  통계 뒤에 숨겨진 진짜 현실과 일상을 바꾸는 성찰의 실마리를 강연에서 확인해 보세요.

--------------------------
⚠️ AI 시대, 대체불가한 단 하나의 역량 《경계인》 도서 펀딩 오픈
구글·넷플릭스 출신 경영인이 발견한 AI 시대 유일한 생존 전략!
(선착순 최대 35% 할인) 지금 바로 오픈알림신청 → https://bit.ly/3OWIbEv

이나영 강연자 강연 섭외 문의 👉🏻 https://bit.ly/sebasi_speakers
세바시 소식 & 강연회 신청 👉🏻 https://linktr.ee/sebasi
협찬/콘텐츠 구매 문의 👉🏻 sebasi@sebasi.co.kr
💰 세바시 멤버십 가입(후원 서포터즈) 👉🏻  https://www.youtube.com/channel/UCgheNMc3gGHLsT-RISdCzDQ/join

🎁 [세바시 스토어] 좋은 생각처럼, 좋은 제품도 삶을 바꿉니다 👉🏻 https://bit.ly/4dOYihJ
📙 [세바시 인생질문] 질문만 따라가면 완성되는 나만의 자서전 👉🏻 https://bit.ly/sebasi_books

홈페이지 👉🏻 https://www.sebasiland.com
인스타그램 👉🏻 https://www.instagram.com/sebasi15
페이스북 👉🏻 https://www.facebook.com/sebasi15
스레드 👉🏻 https://www.threads.com/@sebasi15

세바시 강연 콘텐츠의 저작권은 ‘(주)세상을바꾸는시간15분’에 있습니다. 영상 및 오디오의 불법 다운로드 및 재업로드, 재가공 등의 행위(AI학습 포함)는 법적으로 금지되어 있습니다",2026-05-22T09:00:03Z,1844,60
kWo7fnvZ13w,Her Body Melted Into the Couch While He Lived His Life,Dark Asia with Megan,"Get an exclusive 15% discount on Saily data plans! Use code DARKASIAMEGAN at checkout. Download Saily app or go to https://saily.com/darkasiamegan

💜FOLLOW  MEGAN💜

🟪Tik Tok
https://www.tiktok.com/@darkasiawithmegan
🟪Instagram
- Shorts, Preview etc: 
https://www.instagram.com/darkasiawithmegan/
- Personal Account: 
https://www.instagram.com/leemeganida/
🟪Facebook 
https://www.facebook.com/darkasiameganlee/

💜SEND STORY IDEAS💜 
Darkasiawithmegan@gmail.com 

#truecrime #korea #crimestory",2026-01-21T14:12:52Z,693936,18175
9EEf5jFgQT4,"부모가 곁에 있어서 더 불행 할 수 있습니다. ""부모를 미워해도 괜찮아요."" 【오은영 박사의 감정 테라피🕯】",play 채널A,"부모를 사랑하면서도 동시에 미워하는 자녀들..
부모로부터 받은 크고 작은 상처는 어떻게 시작된 걸까?
 #오감테라피 【오은영 박사의 감정 테라피🕯】
🔗https://youtube.com/playlist?list=PLl9GPcxBUXIniycc6Rara80eSU4_OExn7",2021-12-15T09:00:07Z,2472092,41933
T3OxApzN9oc,"(Kor, Jpn)우리 영화가 더 재미있으려면 | 이다혜 씨네21 기자 | 영화 다양성 평등 | 세바시 1230회",세바시 강연 Sebasi Talk,"✻ 이 강연은 한국양성평등교육진흥원의 제작지원을 받았습니다.
✻ 강연자의 강연 소개 : 한국 영화의 세계적인 위상이 어느 때보다도 높습니다. 하지만 최근 한국 영화의 화려한 성과 뒤에는 여전히 어두운 그늘이 있습니다. 바로 많은 한국 영화들이 다양성이 부족하다는 것입니다. 우리 한국 영화가 더 재밌어지려면, 더욱 흥!하려면 어떻게 해야 할까요? 씨네21 이다혜 영화 전문 기자가 세바시에서 이야기 합니다.

✻ 이다혜 강연자의 강연 섭외는 이 번호로 문의주세요! ☞ 02-2652-2102
✻ 강연 영상이 올라올 때마다 보고 싶다면 지금 클릭(알람설정)!  ☞ http://bit.ly/2odEydm 
✻ 가장 빠른 세바시 강연회 신청 https://apply.sebasi.co.kr
✻ ⭐️ 더 깊은 공부, 세바시 클래스 https://class.sebasi.co.kr
✻ 세바시 홈페이지에서 강연회와 연사들의 다양한 강의를 만나보세요! ☞ http://www.sebasi.co.kr
🔥 세바시 멤버십에 가입하세요. 더 깊고 유용한 강연 콘텐츠를 만날 수 있습니다  http://bit.ly/2URQKU4

페이스북 페이지 | http://www.facebook.com/sebasi15
인스타그램 | http://www.instagram.com/sebasi15/
카카오스토리 | http://story.kakao.com/ch/sebasi

✻ 세바시 강연 콘텐츠의 저작권은 ‘(주)세상을바꾸는시간15분’에 있습니다. 영상 및 오디오의 불법 다운로드 및 재업로드, 재가공 등의 행위는 법적으로 금지되어 있습니다.

------------------------------------------------------------------------------------
* 한국어 자막: 세바시 열린번역 크루 2기, 박세현 (tig8229@naver.com )
* 일본어 자막: 세바시 열린번역 크루, Yukikohara (yukikohara72@hotmail.com )

'열린번역 프로젝트'는 세바시의 좋은 강연을 외국어로 번역하여 세계로 알리는 프로젝트입니다. 세상을 바꾸는 의미있는 강연들을 세계인들에게 전하는 일을 통해 한국의 좋은 컨텐츠를 해외로 알리는 일에 동참할 수도 있고, 프로젝트를 함께하는 이들과의 네트워크의 일원이 될 수도 있습니다.

영어, 중국어, 일어, 불어 등 모든 언어로 참여가 가능하며, 번역이 힘든 경우 한글자막 작업에만 참여하시는 것도 큰 힘이 됩니다. 외국인의 경우 외국어 번역의 감수자로도 참여할 수 있습니다. 세바시의 강연을 세계로 알리는 '오픈번역 프로젝트'에 동참하세요!

Open Translation Project : Make this great speech with your Language with passionate Koreans!",2020-09-04T09:30:13Z,16048,466
1FCWOCEGlis,"[LIVE] 5.18 성폭력 피해, 진실에서 회복으로 [시사용광로] I 2026년 5월 14일",광주MBC뉴스,"실시간 댓글로 많은 의견 남겨주세요. 
여러분의 참여를 기다리고 있습니다!

진행
- 한 선 / 호남대 미디어커뮤니케이션학과 교수

출연
- 김복희 / 5.18 '열매' 대표 (피해자)
- 윤경회 / 5.18 '열매' 간사
- 하주희 / 변호사, 5.18 '열매' 법률대리인

#518민주화운동 #열매 #라이브 #시사용광로 #광주mbc뉴스 #광주mbc",2026-05-15T01:23:25Z,1056,43
jFKnk_UNjx8,나는 페미니스트 입니다,카광,"채널 구독 https://goo.gl/GkMbr3
페미니스트의 대모 이신명숙씨를 만나다
비디오허그에서 여성인권 운동가의 하루를 취재했습니다

#페미니스트 #페미니즘 #사회운동 #여성가족부 #알페스",2020-05-06T06:45:12Z,1637805,18418
o8ARA3Mhr2Y,"jbj 아기 도장: 막도장, 타원 인감, 전서체, 사슴, 핑크퐁 스탬프 후기",찐템찾기연구소,"이 포스팅은 쿠팡 파트너스 활동의 일환으로, 이에 따른 일정액의 수수료를 제공받습니다.

5위 : 막도장 내일도착 타원 인감 만들기 나무, 한글 전서체
금액 : 3100원
제품링크 : https://link.coupang.com/a/d1J9Nchg2m

4위 : 꽃 새김 둘기체네임 수제도장, 01_둘기체네임 기본돌_음각
금액 : 8900원
제품링크 : https://link.coupang.com/a/d1J9IvkqIe

3위 : The담 심플로고 수제도장, 기본돌+한글음각
금액 : 13800원
제품링크 : https://link.coupang.com/a/d1J9DJGnAW

2위 : 수제도장 이름도장, 04_사슴 도장 하얀돌
금액 : 9900원
제품링크 : https://link.coupang.com/a/d1J9y3AkE0

1위 : 바로찍는 핑크퐁 스탬프(리뉴얼), 삼성출판사
금액 : 19900원
제품링크 : https://link.coupang.com/a/d1J9ugFUBw



#쇼핑 #생활용품 #내돈내산 #언박싱 #제품리뷰 #가성비템 #추천템 #유튜브쇼핑 #인기상품 #솔직리뷰",2026-05-24T23:25:26Z,3,0
30dKS39GnXg,"2006 Cheongju Curling Iron Case -  Real Story Behind ""The Glory""",Rotten Mango,"Full Show Notes: http://rottenmangopodcast.com


WHERE ELSE CAN YOU LISTEN/WATCH THIS EPISODE? 
Spotify Video 🥭 https://open.spotify.com/show/5jZ9hN1UHkjyTmfOjbdPQb?si=7415e45850964f3d
Apple Podcasts🥭 https://podcasts.apple.com/us/podcast/rotten-mango/id1517954480

(OR wherever you listen to your podcasts!) 


ROTTEN MANGO MERCH 🥭 https://fanjoy.co/collections/stephanie-soo


The Intro Artist 🥭 https://www.behance.net/jieyang18


#rottenmango #podcast",2023-04-02T23:26:16Z,5122487,151937
J9ta0iRKexU,허팝 악플읽기 : 악플10만개 돌파하다...,허팝Heopop,"This video has English and Korean subtitles. 온라인이지만 악플은 여러분의 인격을 나타내는 수단이 될 수 있습니다. 고운 우리말을 사용해주세요. 항상 허팝을 사랑해주시고 관심을 가져주시는 팬분들 감사합니다. 허팝파워!!!

[LIKE], [SUBSCRIBE] and [SHARE]!!!
●Heopop channel : http://goo.gl/pAHo88
●HeopopLife channel : https://goo.gl/wEKBJb
●HoopopGames channel : http://goo.gl/upcwMZ
●Heopop's Instagram : http://goo.gl/tDS7WY
●Heopop's Facebook : http://goo.gl/vuVDQK",2016-10-09T10:51:23Z,658654,16686
DfrMCmdaLzA,"Korean husband abuses American wife, abducts her child in Korea | Courtney’s Story",Dark Asia with Megan,"Courtney is courageously fighting to reunite with her child after facing domestic abuse. As she navigates this challenging legal battle, she could use our support.

If you're able, please take a moment to share her story with others. Your encouragement means the world to her.

Thank you everyone for standing with Courtney during this difficult time. I'm so grateful to be part of such a strong and supportive community!!

This is the link to her GoFundMe campaign ➡️ https://www.gofundme.com/f/support-courtneys-fight-for-family-unity?


💜FOLLOW  MEGAN💜

🟪Tik Tok
https://www.tiktok.com/@darkasiawithmegan
🟪Instagram
- Shorts, Preview etc: 
https://www.instagram.com/darkasiawithmegan/
- Personal Account: 
https://www.instagram.com/leemeganida/
🟪Facebook 
https://www.facebook.com/darkasiamegan/

💜SEND STORY IDEAS💜 
Darkasiawithmegan@gmail.com 

#truecrime #korea #crimestory",2024-08-17T10:14:36Z,807455,28803
UBiISKpjt1Q,삭발 브이로그,여세구,"삭발 후기

장점
-샴푸 절감.
-나갈 준비 5분 컷.

단점
-겨울에 머리가 시렵다. 춥다고 모자쓰면 답답함.
-조금 길고 까끌할 때 샴푸하면 사방으로 튐.
+ 옆에 기대면 옆사람이 따가워함.

다양하고 많은 여성의 모습을 보여주고싶습니다.
사실 그냥 하고싶어서 한거에요.
저런 사람도 있구나 봐주세요.",2022-03-08T14:54:04Z,8378,53
AYdoIdnOVt4,꾸미지 않을 자유…1020 '탈 코르셋' 선언 (2018.06.09/뉴스투데이/MBC),MBCNEWS,"탈코르셋, 화장, 고정관념 ⓒ MBC&iMBC 무단 전재, 재배포 및 이용(AI학습 포함)금지",2018-06-09T05:14:33Z,135384,778
Oyus6N4elwM,내가 탈코르셋을 지지 VS 비판하는 이유 [끝간사람] (2/4),세계일보,"* 출연자를 향한 모욕성 댓글은 발견 즉시 삭제할 예정입니다.

‘탈코르셋은 여성 해방운동이다’, ‘탈코르셋은 또다른 억압이다’. 

세계일보 영상팀은 이같이 첨예한 시각차를 대표하는 인물로 각각 유튜브 채널 ‘페미니스트 셜리’를 운영 중인 공연화 대전휴먼라이브러리 대표와 유튜버 리나씨를 섭외했습니다.

탈코르셋 운동을 전혀 다르게 바라보는 두 사람에게도 한 가지 공통점은 있었습니다. 바로 탈코르셋을 지지하거나 반대하는 누리꾼한테서 수없는 공격에 시달렸다는 점입니다.

◆공 대표 “차림새만 보고 남녀 구분되지 않는 사회가 됐으면”

공 대표는 ‘죽으라’며 악담을 퍼붓는 댓글을 받으면서도 탈코르셋을 실천하고 알리고 있습니다.

“탈코르셋은 여성 운동사에서 찾아보기 힘든 혁신적인 운동”이라는 게 그의 설명입니다.

이어 “페미니즘이 영·미 문화권에서 흥했던 시기에도 ‘바지 입기 운동’ 등은 있었지만 ‘모든 꾸밈을 다 벗어던지자’는 운동은 없었다”며 “탈코르셋은 한국에서 탄생한 혁신적인 운동”이라고 설명했습니다.

아울러 “여성이 과도한 꾸밈을 강요받은 역사가 흑인 노예의 역사보다 결코 짧지 않다”며 “그만큼 모든 여성이 꾸밈에서 벗어나는 데는 상당한 시간이 걸릴 것”이라고 내다봤습니다.

그러면서 “탈코르셋 운동이 한때 유행으로 치부 받지 않고, ‘여성’ 또는 ‘남성’ 하면 떠오르는 모습이 없어지는 날까지 운동을 계속할 것”이라고 각오를 다졌습니다.

◆리나의 “성희롱을 페미니스트를 자처한 이들에게서 처음 받아봐”

리나씨는 “(다른 여성이) 화장을 안 하고 머리를 짧게 자르는 행위 자체는 존중한다”고 운을 뗐습니다.

더불어 유튜브에서 몸매가 부각되는 노출 많은 옷을 입고, 탈코르셋 운동을 촉발시켰던 배리나씨를 비판했다는 이유로 그간 공격받은 경험을 털어놨습니다. 

리나씨는 “탈코르셋 운동가를 자처한 이들로부터 살면서 한번도 겪어본 적 없는 성희롱을 당했다”며 “이처럼 여성이 다른 여성을 검열하고 또다른 틀에 가두는 문화는 사라져야 한다”고 강조했습니다.

리나씨는 종종 학내에서 탈코르셋 운동에 동참하지 않아 따돌림을 당했다는 제보를 받는다고도 전했습니다.

그러면서 “당당하게 탈코르셋을 비판하는 제 모습을 보고, 학내 분위기에 따르지 않을 수 있는 용기를 얻었다고 말하는 구독자를 보며 힘을 얻는다”고도 말했습니다.

◆양 극단을 대표하는 개인을 통해 조명해보는 ‘탈코르셋 지지-비판 논쟁’

‘끝간사람’ 탈코르셋편 2부 영상에서는 공 대표와 리나씨가 각각 탈코르셋 지지와 비판 활동에 나서면서 겪는 고충, 이를 무릅쓰고 신념을 지켜나가는 이유에 대해 주목했습니다.

그들의 증언을 통해 탈코르셋 운동이 왜 수년째 논쟁거리로 이어지고 있는지 그 첨예한 대립점을 엿볼 수 있었습니다.

#탈코르셋 #페미니즘 #페미 #리나의일상 #페미니스트셜리

""세상을 보는 눈, 글로벌 미디어""
▶ 세계일보유튜브 구독하기 http://goo.gl/15RyKK
* 공식 홈페이지 http://www.segye.com
* 공식 페이스북 https://www.facebook.com/segyetimes/",2021-10-15T09:15:02Z,46135,636
nGjHJ2ZXwhE,Husband's Sexual Obsession Ends 3-Month Marriage in Murder,Dark Asia with Megan,"🌎 Get an exclusive 15% discount on Saily data plans! Use code darkasia at checkout. Download Saily app or go to https://saily.com/darkasia ⛵

💜FOLLOW  MEGAN💜

🟪Tik Tok
https://www.tiktok.com/@darkasiawithmegan
🟪Instagram
- Shorts, Preview etc: 
https://www.instagram.com/darkasiawithmegan/
- Personal Account: 
https://www.instagram.com/leemeganida/
🟪Facebook 
https://www.facebook.com/darkasiameganlee/

💜SEND STORY IDEAS💜 
Darkasiawithmegan@gmail.com 

#truecrime #korea #crimestory",2025-04-26T12:16:42Z,759951,17151
rPrvvj78uSY,The North Korean women who had to escape twice - BBC News,BBC News,"Trafficked into the sex industry after defecting from North Korea, two young women spent years in captivity before finally getting the chance to escape.

Please subscribe HERE http://bit.ly/1rbfUog


Despite the thaw in relations between north and south Korea, people are still risking their lives to flee the regime.

Most escape via China but they face huge risks where they can be sent back if caught.

Women are also trafficked from North Korea to China where they think they will get a job and earn some money but find themselves trapped for years on end.

BBC Korean Service Editor Su-Min Hwang has exclusive access to one rescue mission run by a South Korean pastor.",2019-01-19T09:00:07Z,4586920,71196
4Sq-yQDx-as,[K-페미] 탈코 유튜버들이 사는 법 (feat. 악플 재벌🚨),슬랩 slap,"‘나는 예쁘지 않습니다’, 1년 전 탈코 선언으로 화제를 모른 유튜버 배리나! 자타공인 ‘메갈장군’ 정메지가 눕방으로 만났습니다.✨ 탈코르셋으로 유명한 두 유튜버가 만나서 공감하고 연대한 찡한 이야기, 페미니스트가 된 한국의 20대 여성 배리나와 정메지가 누워서하는 눕방 인터뷰 확인하세요. 

탈코하고 통장 배불린 썰!
놓치고 싶지 않다면 유튜브 알림🙊 잊지말라구! 🥰왓더슬랩

#슬랩 #슬랩페미 #탈코유튜버 #배리나 #정메지 

1.영상에 대한 다양한 생각과 느낌 공유는 환영하지만, 출연진의 명예를 훼손하거나 모욕하는 행위(경멸, 비하, 조롱, 욕설 등)는 형사상 범죄 및 민사상 불법행위로 보고 적극 대응하겠습니다. 
2.영상 캡처 등을 통해 출연진의 얼굴, 신체적 특징, 이름 등을 무단으로 사용하는 경우 초상권, 성명권 등 인격권 침해에 해당하여 손해배상 책임을 질 수 있습니다.
3.만약 출연진 공격을 목격하신 분이 있으면 슬랩 제작진(whatheslap@gmail.com)에게 알려주세요.
--------------------------------
📧일주일에 한 번, 젠더 이슈를 체크하세요!
슬랩 뉴스레터 구독 신청: https://bit.ly/2kNzluD 

👋당신과 나의 거리, 슬랩  
트위터: https://twitter.com/whatheslap
인스타그램: https://www.instagram.com/whatheslapp",2019-09-18T09:00:02Z,554908,10429
Av-kCDQIf50,아빠에게 커밍아웃 했어요,여세구,"이제 부모님께 모두 커밍아웃 했네요
신난다
오빠 궁금하면 물어봐라 말해줄게",2021-06-03T17:11:35Z,13076,121
zRzuj4gy9HY,Do you trust your Korean plastic surgeon?｜Kwon Dae-hee case,Dark Asia with Megan,"While writing and editing this case, I found myself moved to tears, deeply empathizing with the pain of a mother who lost her son following plastic surgery. Her seven-year-long battle, still ongoing, to seek justice for victims of medical accidents is heart-wrenching. It's unimaginable what she has endured, to the extent that her dark hair has turned grey, weathered over the years by grief. My thoughts and prayers are with Daehee, his mother, and all those affected by medical accidents.


💜FOLLOW  MEGAN💜

🟪Tik Tok
https://www.tiktok.com/@darkasiawithmegan
🟪Instagram
- Shorts, Preview etc: 
https://www.instagram.com/darkasiawithmegan/
- Personal Account: 
https://www.instagram.com/leemeganida/
🟪Facebook 
https://www.facebook.com/DarkAsiawithMegan

💜SEND STORY IDEAS💜 
Darkasiawithmegan@gmail.com 

#truecrime #korea #crimestory",2024-01-20T11:34:22Z,1109352,33792
broFFZqzsp4,드레스 입겠다는 남자아이에게 유치원 선생님이 한 말 | 씨리얼 사회탐구,씨리얼,"""아이들에게 성평등 교육을 하는 건 타고난 여자 남자 성별에 따른 특성들을 너무 부정하는 것은 아닐까요?"" 씨리얼의 지난 영상 '유치원 갔더니 내 딸이 핑크공주가 되어버렸다'를 올린 후, 많은 분들이 영상에 공감해주셨어요. https://youtu.be/1yVIau79Lkc 그중 특히 성평등 교육을 고민하는 유치원 선생님들도 있다는 내용을 보고, 이번엔 선생님들을 만나 여러분이 궁금해한 여러 질문을 대신 드려봤습니다. 

성고정역할이 가득한 교육교재들, 놀이, 동요들 사이에서 선생님들은 어떻게 성평등 교육을 하고 있을까요? 또 이들이 마주한 성평등 교육에 대한 오해와 편견들에는 어떤 것들이 있었을까요? 그럼에도 이런 교육이 필요한 이유는 무엇일까요?

ㅡ

씨리즌의, 씨리즌에 의한, 씨리즌을 위한 
씨리얼 '구독'하고! 더 많은 곳에서도 퍼묵퍼묵🥣 

인스타그램: https://www.instagram.com/creal.official 
페이스북: https://www.facebook.com/creal20/",2020-02-12T12:00:15Z,389680,9912
5wVEfBEPK1E,청소년들에게 하고 싶은 거 하라고 시간 주고 돈 줬더니 생긴 일,닷페이스,"청소년은 언제까지 '미래' 세대야? '지금'을 생각하는 유스보이스 김재순 대표의 이야기

🔥 이야기로 세상을 바꿀 수 있습니다 : https://dotf.kr/3JQbfWj
닷페피플은 닷페이스 미디어를 후원하는 멤버십입니다. 닷페피플이 되고 PD들의 제작 후기도 레터로 받아보세요. 

""대한민국에서 가장 바쁜 사람들이 청소년이라걸 느꼈어요. 이렇게 바쁜데, 애초에 청소년들이 당장 원하는 게 무엇인지도 찾아볼 수 없는 게 가장 큰 문제 아닌가요?"" 청소년의 당장을 생각하는 어른은 왜 아무도 없을까? 라는 의문을 품고, 청소년의 '나다움'을 찾기 위한 사업을 펼치는 유스보이스 김재순 대표의 이야기. 

#청소년 #진로고민 #유스보이스 #청년 

--
닷페이스를 만나는 다양한 방법
뉴스레터 받아보기 https://dotf.kr/3yvLKUq
홈페이지에서 최신 콘텐츠 보기 https://www.dotface.kr
인스타그램 https://www.instagram.com/dotface_official
트위터 https://twitter.com/DotFace
페이스북 https://www.facebook.com/facespeakawake",2022-02-17T06:00:01Z,11424,532
r78s4-fCJ5M,법은 왜 여성을 이렇게 대해왔을까 | 씨리얼 사회탐구,씨리얼,"낙태죄 폐지를 이끌어낸 헌법소원 공동대리인단 단장이었던 김수정 변호사. 그는 변호사가 된 직후부터 호주제 폐지 소송에 참여해 기지촌 미군 '위안부' 국가배상 소송, 정당 방위를 인정받지 못하고 억울한 옥살이를 해야 했던 최말자 씨의 재심 청구 사건까지, 줄곧 여성을 위한 큼직한 변론을 맡았습니다. 그렇게 20년 동안 지속적으로 여성과 소수자를 위해 변론해 온 그는 최근 '아주 오래된 유죄'라는 책에 법정에서의 생생한 기록을 담았습니다. 법정에 선 그의 앞에는 대부분의 경우 현실과는 동떨어진 판사가 앉아 있었습니다. 대구지방법원에서 근무하고 있는 류영재 판사는 이와 같은 선배 법조인의 법원을 향한 간절하고도 날선 비판에 공감하며 추천사를 썼습니다. 
 
N번방, 웰컴투비디오, 낙태죄, 그리고 계속된 미투...  작년은 어느 때보다 사법기관에 대한 불신의 목소리가 높았던 한 해였습니다. 그래서 씨리얼은 새해를 맞아 여성 법조인 두 사람을 만나, 아주 오래된 유죄, 이를 그러나 결코 포기하지 않은 변론에 대한 이야기를 나눴습니다. 올해에는 조금 더 달라진 법정이 우리 곁에 존재할 수 있을까요?

#아주오래된유죄 #성범죄

00:00 여성을 위한 변론
01:55 '최초의 판결'은 법조인을 힘들게 한다
03:22 판사가 아닌 변호사가 되고 싶었던 이유
04:12 성범죄자 판결은 왜 다 그 모양일까?
05:43 70대 여성이 56년만에 미투한 이유
07:18 현직 판사가 설명하는 '성인지 감수성'
09:21 성범죄자가 합의했다고 감형해주는 이유
11:20 낙태죄 폐지를 이끈 후기
12:45 대한민국에서 가장 취약한 사람들
14:35 법이 바뀌어도 현실은 달라지지 않고 있는 이유

ㅡ

씨리즌의, 씨리즌에 의한, 씨리즌을 위한 
씨리얼 '구독'하고! 더 많은 곳에서도 퍼묵퍼묵🥣 

인스타그램: https://www.instagram.com/creal.official 
페이스북: https://www.facebook.com/creal20/
트위터: https://twitter.com/Creal_kor",2021-01-08T15:59:22Z,23378,1480
HwtwaLvKggo,탈코르셋 운동은 강요? 비판과 반론들 [끝간사람] (3/4),세계일보,"‘탈코르셋’ 운동가들은 화장한 얼굴과 긴 머리, 치마 등으로 대표되는 ‘여성스러운 꾸밈’은 모두 사회·문화적으로 규정된 일종의 ‘강요’라고 바라봅니다.

이러한 사회적 관습을 ‘다같이’ 거부해 무너뜨리자는 게 탈코르셋 운동인데, 이에 따르지 않는 여성도 적잖습니다. 주체적으로 꾸미고 있는 자신을 ‘여성 인권 신장에 역행하는 이’로 치부하며 억압하지 말라는 게 이런 반발의 골자입니다.

보통 짧은 머리를 하고 치마를 거부한 채 바지 등을 즐겨 입는 탈코르셋 운동가들이 ‘여성성’을 나쁜 관습으로 치부한 결과 ‘남성성을 좇게 됐다’는 비판도 있습니다. 탈코르셋 운동가들을 겨냥한 온라인상 조롱을 넘어 이 현상을 다룬 논문이나 칼럼에서 이 같은 우려가 공통적으로 드러나기도 합니다.

이처럼 탈코르셋 찬반 논쟁은 답을 내기 어려운 쟁점을 담고 있습니다.

‘여성 개개인에게 적용되는 미적 기준은 생애 어느 단계에서부터 어느 과정을 거쳐 형성됐느냐’, ‘남성과 다른 여성만의 멋과 아름다움은 무엇이냐’ 등이 대표적으로 풀기 어려운 논제입니다.

탈코르셋 운동을 둘러싼 핵심 쟁점에 대해 지지자인 공연화 대전휴먼라이브러리 대표(유튜브 채널명 ‘페미니스트 셜리’)와 안티 페미니스트를 표방한 유튜버 리나씨는 각기 다른 의견을 내놨습니다.

◆탈코르셋 논쟁의 핵심 쟁점들에 소신 밝힌 출연자들

‘끝간사람’ 탈코르셋편 3부 영상에서는 논쟁의 핵심 쟁점을 뽑아 출연자에게 전달했습니다.

공 대표에게 탈코르셋 비판자의 시각으로, 리나씨에게는 탈코르셋 지지자의 시각에서 각각 질문을 던졌습니다.

두 출연자는 각자 소신있는 답변들을 내놨습니다.

#페미니즘 #페미 #안티페미 #반페미 #리나의일상 #페미니스트셜리

""세상을 보는 눈, 글로벌 미디어""
▶ 세계일보유튜브 구독하기 http://goo.gl/15RyKK
* 공식 홈페이지 http://www.segye.com
* 공식 페이스북 https://www.facebook.com/segyetimes/",2021-10-22T09:15:01Z,22326,297
6LGciQK_eR4,MSc_Data_Science_ML_REACH4,REACH_ Erasmus funded project,,2026-05-25T10:22:41Z,2,0
2xwIxb4sRGI,"SNS에 실시간으로 올라오는 성매매 광고, 신고해보았다",닷페이스,"온갖 해시태그를 달고 올라오는 성매매 광고, 모조리 신고해보았습니다
💜 닷페이스의 영상을 계속 보고 싶다면 : https://dotf.kr/38fOFXi

SNS에서 성매매 알선 광고를 보신 적 있나요? 검색어에 따라 수십, 수천 건씩 확인할 수 있는 성매매 알선 광고. 인스타그램에서는 신고 분류에 '성매매 알선' 카테고리가 따로 있을 정도입니다. 이렇게 온라인에서 시작된 알선 광고는 결국 오프라인의 성착취 구조로 이어집니다. 온, 오프라인을 가리지 않고 뿌려지는 성매매 알선 광고, 발견할 때마다 신고한다면 성매매 산업과 성착취 구조, 없앨 수 있지 않을까요?

다시함께상담센터는 시민들이 성매매 산업의 성착취 구조를 이해할 수 있도록 안내하고, 직접 신고할 수 있는 사이트를 운영하고 있습니다. 
다시함께상담센터의 시민참여플랫폼에서 함께 신고해주세요 👉 https://bit.ly/dasigamsi

* 촬영 시작 전과 후로 출연자와 촬영진의 체온을 측정하고, 손 소독제를 수시로 사용하며 촬영했습니다.

🔥 이야기로 세상을 바꿀 수 있습니다 : http://bit.ly/닷페피플
닷페피플은 닷페이스 미디어를 후원하는 멤버십입니다. 닷페피플이 되고 PD들의 제작 후기도 레터로 받아보세요. 

📝 닷페이스 영상 번역에 기여해주세요 : http://bit.ly/닷페번역가되기
이 영상의 자막 작업에 기여해주시면 더 많은 사람들이 볼 수 있습니다. 한국어 포함 어떤 언어도 괜찮습니다.

닷페이스를 만나는 다양한 방법
인스타그램 https://www.instagram.com/dotface_official
페이스북 https://www.facebook.com/facespeakawake
홈페이지 https://www.dotface.kr",2020-05-06T10:30:12Z,97405,3653
1821EfKXCaI,동덕여대 사태에서 보는 K-페미니즘의 현실 [백지원의 백발백중 시즌2┃매주 목 오후 2시 방송],펜앤마이크TV,"🛒 펜앤마켓 바로가기 → https://pennmarket.co.kr/?is_pcver=T

펜앤드마이크는 사즉생의 마음으로 대한민국 체제 수호에 매진하겠습니다
후원계좌 : 기업은행 02-2138-5881 (주식회사 펜앤드마이크)

ARS 후원신청 : 1877-0216

해피나눔 정기후원신청 :  https://www.ihappynanum.com/Nanum/B/0BT4KW55HB

일반후원계좌 : 기업은행 02-2138-5881 (주식회사 펜앤드마이크)

정기후원계좌 :  기업은행 024-088734-04-046 (주식회사 펜앤드마이크)

페이팔 및  해외송금 :   http://www.pennmike.com/com/spon.html

여러분의 많은 후원 부탁드립니다. 감사합니다.


★펜앤드마이크 구독자 그룹 단톡방 개설★

https://open.kakao.com/o/g2Iurtkf

비밀번호 : 1801

자유롭게 구독자분들과 펜앤드마이크와 소통할 수 있어요.

🏅 채널에 가입하여 혜택을 누려보세요! 👉 https://bit.ly/3J6jwWD

월~금 오전 9시 - 허현준의 굿모닝 대한민국
월~금 오후 6시 - 최대현의 이것이 뉴스다
화~수 오후 3시 - 중립MZ

👏 영상이 마음에 드신다면, 영상 아래 메뉴의 'Thanks' 버튼으로 후원해주세요!

#동덕여대 #페미니즘",2024-11-14T07:00:00Z,156624,3497
S3NTksDLxXs,가해자만 주목 받고 피해자는... 이게 뭐예요? #N번방,닷페이스,"#n번방 #텔레그램집단성착취

가해자 처벌만큼이나 피해자의 일상 회복에도 주목해야 합니다.

🔥 이야기로 세상을 바꿀 수 있습니다 : http://bit.ly/닷페피플

""성착취 영상으로 인해 피해가 시작되지만 끝나지는 않는다.""
2018년 제정된 미국의 '아동성착취영상 피해자 지원법'에서는 이 법의 제정 이유를 위와 같이 밝히고 있습니다. 이처럼 디지털 성범죄는 피해가 한 번에 끝나지 않고 재유포에 따라 피해가 이어질  수 있기 때문에 피해자의 피해 회복을 위해 많은 지원과 노력이 필요합니다. 이번 텔레그램 성착취 범죄 이후 피해자 지원에 대한 이야기들이 곳곳에서 나오고 있지만 여전히 부족한 부분이 많습니다. 여기에 대해 이야기했습니다. 

* 영상에 인용한 디지털 성폭력 피해자 통계 출처 : 미국 사이버인권보호기구(CCRI, https://www.cybercivilrights.org/wp-content/uploads/2014/12/RPStatistics.pdf)

* 원문보기:
http://www.hani.co.kr/arti/society/society_general/915542.html#csidx14963f66ad90bfaa03644e4306ed556 

* 인터뷰에 응해주신 분들
김영미 변호사님(법무법인 숭인 | 한국성폭력위기센터 이사)은 N번방 성착취 피해자를 지원하고 있으며, 최근 디지털 성범죄 양형기준에 관한 국민 의견을 취합해 대법원 양형위원회에 전하는 캠페인을 진행했습니다. 
박예안 변호사님(공익인권법재단 공감) 역시 민주사회를위한변호사모임 아동성착취영상물대응TF로 활동했으며, 현재 N번방 성착취 피해자를 지원하기 위한 공동변호인단의 일원으로 함께하고 있습니다.
이수정 교수님(경기대 범죄심리학과)은 아동 청소년 성착취 문제 해결, 스토킹 범죄 처벌법 도입에 관해 지속해서 목소리를 내왔습니다. 

🔥 이야기로 세상을 바꿀 수 있습니다 : http://bit.ly/닷페피플
닷페피플은 닷페이스 미디어를 후원하는 멤버십입니다. 닷페피플이 되고 PD들의 제작 후기도 레터로 받아보세요. 

📝 닷페이스 영상 번역에 기여해주세요 : http://bit.ly/닷페번역가되기
이 영상의 자막 작업에 기여해주시면 더 많은 사람들이 볼 수 있습니다. 한국어 포함 어떤 언어도 괜찮습니다.

닷페이스를 만나는 다양한 방법
인스타그램 https://www.instagram.com/dotface_official
페이스북 https://www.facebook.com/facespeakawake
홈페이지 https://www.dotface.kr",2020-04-28T14:15:12Z,37346,3446
7H49WjmfWQA,"""성매매, 공급이 있으니까 수요가 있는 건데?""  [H.I.M.] #3 당신이 남긴 질문",닷페이스,"""왜 피해자라는 거지?""
""공급이 있으니까 수요가 있는 건데?""
당신은 어떤 질문을 했나요? 
십대여성인권센터 조진경 대표님과 질문에 답하는 시간을 가졌습니다.

H.I.M. 프로젝트의 마지막 영상까지 함께해 주셔서 고맙습니다.

십대여성인권센터는 부모님께 연락하기 어려운 피해 청소년의 후견인이 되어법률, 의료, 주거 지원 등 총체적인 지원을 합니다. 도움이 필요하다면 010-3232-1318로 연락하세요. 
 
우리는 분노를 현실적인 변화로, 도움으로 바꾸길 원합니다. ✊
그래서 준비했습니다. 👉 http://bit.ly/here_iam
현장에서 십대 성매수 피해 여성을 지원하는 십대여성인권센터를 위한 프로젝트.
[Here I am, Here I am] 펀딩 프로젝트는 제작/배송비를 제외한 프로젝트 수익금 전액을 십대여성인권센터에 후원합니다.

닷페이스 구독하기!  https://goo.gl/KnRiYf

닷페이스는 밀레니얼 세대를 위한 새로운 상식을 만드는 미디어입니다. 

[닷페이스를 만나는 다양한 방법!]
페이스북 : https://goo.gl/7YChqN
피키캐스트 : https://goo.gl/aa4KL2
트위터 : https://goo.gl/5zPsLx

Dotface Global Channel  : https://goo.gl/SaSvTn",2018-01-19T12:51:41Z,242734,10186
VAm5akxYnNA,페미니즘 | 올바른 교육을 실천하는 교사-연합 강의 20/01/31 | 이정훈교수 강의,이정훈교수,"이번 ‘이정훈교수 강의’에서는 현대정치에 있어 기독교의 가장 강력한 적인 #성정치성혁명 에 대해 교육현장에 있는 분들께 알려드립니다!

교육현장에 있는 분들은 선교의 자유를 포함한 인간으로서의 자유가 조금씩 제한되고 있다는 것을 체감하고 계실 겁니다. 현대정치는 우리를 어떻게 무너뜨리고 있을까요? 단순히 페미니즘, 성혁명의 문제를 넘어서 다음 세대에 헌법과 올바른 가치를 지켜 내기 위해 우리는 무엇을 해야 할까요?

#이정훈목사의_PLI 에서는 '크리스천다운 삶이 무엇인지' 가르칩니다. '내 삶의 신앙개혁'으로 시작해서 '모든 세대에게 성경적 세계관을 전하는 PLI교육선교'의 동역자가 되어주세요~ 
일시후원) 하나은행 445-910016-12105 피엘아이 
정기후원) 해피나눔: http://iii.im/7UK6
          ARS 정기후원: 1877-0014
해외후원)  페이팔: https://paypal.me/plijoaa
*계좌로 후원시 '기부금영수증'을 원하는 분은 
입금자명을 이름+핸펀뒷번호4자리 로 적어주세요 ex) 주은혜1234 

■ 이정훈교수의 성경적세계관 구매처 ■
교보👉 https://naver.me/G7DEytLF
갓피플몰👉 https://naver.me/FrAnShdb
알라딘👉 https://naver.me/FUzUMYRN
 
■ PLI 스터디클럽 교재 구매처 ■
* 기본교재
교보👉 https://naver.me/F7IPR2N3
갓피플몰👉 http://naver.me/5JJ0twu2
e북👉 https://naver.me/GUtZqpv4
*심화교재
교보👉 https://naver.me/xSNrCGVD
갓피플몰👉 http://naver.me/5bXJO5ZZ
e북👉 https://naver.me/x0zKijFa

📌
PLI 블로그: https://blog.naver.com/plijoaa
PLI 인스타: https://instagram.com/plijoaa_insta?igshid=1b7v8mwb9uqfz
페이스북: https://www.facebook.com/ELIofJunghoonLee
홈페이지: http://elipolicy.com/",2020-02-07T09:21:50Z,175387,6851
EHB0vz0_5fI,비혼주의자는 외롭게 늙어 죽을 거라고요? - '낀낀세대' 40대 싱글로 산다는 것 [후일담],NOL 인터파크투어 ,"'낀낀세대' 40대의 싱글라이프를 이야기했던 지난 인터뷰를 기억하시나요? 
인터뷰 영상이 올라온 직후부터 댓글창은 무척 뜨거웠습니다.
 
마치 결혼과 비혼에 관해 다양한 의견들이 논의되는 이 사회의 축소판처럼요.

공감과 응원의 댓글, 때로는 날카롭고 날선 댓글들까지 모두 읽고,
여전히 할 말 많은 두 사람이 ‘후일담’이라는 명목 아래 다시 만났습니다!

미처 다 하지 못한 말들, 댓글을 읽고 느낀 솔직한 속마음,
그리고 결혼과 비혼에 관한 조금 더 깊은 이야기들을 나눴습니다.


[도서 구매 좌표]

'두 명은 아니지만 둘이 살아요'
https://url.kr/pdoa46

'혼자 살면 어때요? 좋으면 그만이지'
https://url.kr/itow4f


*Crew 
-Lead Producer : 김선경
-기획, 인터뷰 : 임인영 
-촬영 : 김혜진

*공원생활 구독 좌표 
http://shorturl.at/ilvK8

* 광고 제휴 문의 
uncanny@interpark.com",2019-12-30T10:00:04Z,232976,3676
5Hb20TZzcug,"XX가 나댄다, 독하다. 이런 말 들어본 적 있나요? l 워크우먼 | 씨리얼 시선",씨리얼,"‘나댄다’, ‘독하다’는 말은 왜 주로 여자들에게 붙을까요? 여성들은 왜 그 말에 주눅들고 수치심을 느낄까요? 꿈과 포부를 크게 가지려 할수록, 여성들에게 돌아오는 말은 응원 대신 짜게 식게 하는(..) 이런 식의 표현들이 많았던 것 같아요. 작아지는 꿈을 조금이라도 키워볼까 해서 주변을 돌아보면 사회생활 롤모델이 될 여자 선배는 거의 없고, 간혹 있다면 정말로 ‘독하게’, 불합리한 조직문화에 자신을 맞추거나 사생활을 포기한 사람들이었고요. 

그래서일까요? 요즘 서점에 가면 각종 분야에서 한 솜씨 하는 30, 40대 여성들이 펴낸 ‘일’하는 이야기를 심심찮게 볼 수 있습니다. 주변을 살필 틈도 없이 정신없이 일하던 언니들이 짬을 내서 ‘펜’을 든 겁니다.  이러한 책들은 자기계발 도서로 묶기에는 에세이에 가깝습니다. 단순히 일하는 노하우를 가르쳐주는 것이 아니라 일하는 ‘마음가짐'을 이야기하기 때문입니다. 이러한 책들은 하나같이 말합니다.

""나는 외로웠지만, 당신을 챙기겠습니다.""
비록 나는 외로웠지만 당신들은 잘 살아남으라고 챙겨주는 ‘선배’의 조언. 적어도 2019년 한국에서 일하는 여성이 글을 쓰고 말한다는 의미는 결코 작지 않아보입니다.

씨리얼은 지난 편에서 한국 회사에 여성 고위 임원이 없을 수밖에 없는 이유를 들어봤어요. 이번에는 일하는 여성의 의지를 스스로 억누르게 만들었던 '문화'를 바꾸려는 시도를 듣고자 합니다. 여성 커뮤니티 서비스를 만든 빌라선샤인 홍진아님과 일하는 여성들의 든든한 백이 되어주고 있는 노동법 전문가 김민아님과 대화를 나눴어요. 남녀를 불문하고 진로를 고민하고 있는 사람들, 막 사회에 진입한 사람들이라면 반드시 봐야 할 좀 살아본 언니들의 이야기입니다.

#워크우먼 #일하는여성들
ㅡ

씨리즌의, 씨리즌에 의한, 씨리즌을 위한 
씨리얼 '구독'하고! 더 많은 곳에서도 퍼묵퍼묵🥣 

인스타그램: https://www.instagram.com/creal.official 
페이스북: https://www.facebook.com/creal20/",2019-12-26T13:06:20Z,29104,1793
uUplfLWq8hA,이 손가락이 그렇게 불편하세요?,닷페이스,"#손가락논란 #페미
이 논란이 '개소리'인 이유

🔥 이야기로 세상을 바꿀 수 있습니다 : https://dotf.kr/3AA1gzx
닷페피플은 닷페이스 미디어를 후원하는 멤버십입니다. 닷페피플이 되고 PD들의 제작 후기도 레터로 받아보세요. 

GS25, 전쟁기념관, 무신사, 서울경찰청, BBQ, 카카오뱅크, 이랜드FC, 평택시, 메가커피, 스타벅스RTD, 행정안전부... 
이 기업/기관들의 공통점은 홍보물에 🤏이 손가락 모양을 사용했다는 이유로 홍보물을 모두 철회하고 사과했다는 점입니다. 

지난 5월 일부 커뮤니티 이용자들이 갑자기 이 손가락 모양이 '페미니스트의 상징이기 때문에 문제가 있다'고 주장했고, 기업들은 모두 사과했습니다. 이들의 주장대로 페미니즘의 목표가 마치 '일루미나티'처럼 사회 곳곳에서 손가락 모양을 인증하며 페미니즘을 알리는 것일까요? 황당한 주장에 '발 빠른 대응'을 이유로 사과한 기업들, 아무 검증도 없이 기사로 퍼 나른 언론들, 커뮤니티를 떠도는 이야기에 공신력을 실어주는 정치인의 등장까지. 이 논란이 어쩌다 이렇게 커졌는지 살펴보았습니다.

--
닷페이스를 만나는 다양한 방법
뉴스레터 받아보기 https://dotf.kr/3yvLKUq
홈페이지에서 최신 콘텐츠 보기 https://www.dotface.kr
인스타그램 https://www.instagram.com/dotface_official
트위터 https://twitter.com/DotFace
페이스북 https://www.facebook.com/facespeakawake",2021-08-12T10:00:10Z,304949,23321
kUjX-X1DMkc,"Ep39 ""강요된 시선 여자답게, 남자답게"" 사회학자 오찬호",KBS 셀럽병사의 비밀,,2017-05-31T04:39:21Z,5524,107
4XqQVKPNr3s,까칠 남녀 - 혐오전쟁: 반격의 서막_#003,EBSCulture (EBS 교양),"공식 홈페이지 : http://home.ebs.co.kr/gender/main
  혐오전쟁: 반격의 서막,

최근 여성과 남성을 향한 혐오가 급증하고 있으며 한남충 등 신조어 생성에 이어 인명피해를 입는 사건까지 발생하였다. 혐오가 왜 생기는건지, 올바른 혐오 표현방법에 대해 논의해본다,

사회적 문제로 대두되고 있는 성차별 이슈!

유쾌하고 솔직한 목소리로 이야기하는 국내 최초의 젠더 토크쇼,

▶For more videos visit us at http://home.ebs.co.kr/gender/main

▶Subscribe to the EBS Channel here :
http://www.youtube.com/subscription_center?add_user=EBSCulture

▶Check out what we're up to elsewhere:
- http://gplus.to/EBSCulture",2017-10-17T12:09:32Z,430082,856
YCDLheckOh0,"영영페미니스트를 위한 웹툰, 영화, 책, 예능! 권김현영X이길보라",연남책빵,"#페미니즘 #권김현영 #이길보라 #웹툰

여성주의 연구활동가 권김현영과
영화감독 이길보라가 추천하는 문화콘텐츠!


00:00 자기소개
00:27 기획의도
01:29 웹툰 『바니와 오빠들』
03:37 웹툰 『곤』
06:06 영화 『누구는 알고 누구는 모르는』
10:37 영화 『세상을 바꾸는 여성들』
12:18 페미니즘 출판 흐름
13:52 책 『나쁜 여자 전성시대』
17:52 책 『우리가 사랑한 내일들』
20:00 예능 『달리는 사이』
24:10 책 『다시는 그전으로 돌아가지 않을 것이다』
25:31 책 『늘 그랬듯이 길을 찾아낼 것이다』
26:01 책 『해보지 않으면 알 수 없어서』",2021-05-14T00:22:54Z,11719,381
jzztSUo8bmE,"남들 눈치 보느라 지친 나, 인정받으려 애쓰는 나, 언제쯤 벗어날 수 있을까요? | 박상미 인생질문 280회",세바시 인생질문,"✨ 남들 눈치 보느라 지친 나, 벗어날 수 있을까요?
✨ 출연 : 박상미 한양대학교 일반대학원 협동과정교수
✨ 🔥 사람 때문에 힘든 당신, 이제는 편해질 차례! 🔥
눈치 보느라 지치고, 타인의 말 한마디에 흔들리는 당신이라면 꼭 보세요. 인간관계, 사실 딱 ‘3가지 부류’만 알면 더 이상 휘둘리지 않습니다. 상처받지 않고, 흔들리지 않는 단단한 사람이 되는 법! 지금 공개합니다. 💡

#EVENT #직장인 #관계 #심리 #자존감 #열등감 #인정욕구 #우울 #불안 #박상미 #상담 #인생질문 #세바시 #세바시인생질문 

[🎁책이벤트] 눈치 보느라 지치고, 남의 말 한마디에 흔들려본 적이 있나요? 그런 자신에게 실망해보신 적도 있나요? 그럴 때, 극복하는 나만의 방법도 갖고 계신가요? 오늘 영상을 보신 소감을 댓글로 남겨주세요. 추첨을 통해 세바시 강연자의 저서를 큐레이션하여 선물로 보내드립니다. (참여기간: 3/13~3/20, 발표: 3/21)

세바시 강연회 신청, 섭외, 비즈니스 문의 📝 ⁠⁠⁠⁠⁠⁠⁠⁠⁠⁠⁠⁠⁠⁠⁠⁠⁠⁠⁠⁠⁠⁠⁠⁠⁠⁠⁠⁠⁠⁠⁠⁠⁠⁠⁠⁠⁠⁠⁠⁠⁠⁠⁠⁠⁠⁠⁠⁠⁠⁠⁠⁠⁠⁠⁠⁠⁠⁠⁠⁠⁠⁠⁠⁠⁠⁠⁠⁠⁠⁠⁠⁠⁠https://linktr.ee/sebasi⁠⁠⁠⁠⁠⁠⁠⁠⁠⁠⁠⁠⁠⁠⁠⁠⁠⁠⁠⁠⁠⁠⁠⁠⁠⁠⁠⁠⁠⁠⁠⁠⁠⁠⁠⁠⁠⁠⁠⁠⁠⁠⁠⁠⁠⁠⁠⁠⁠⁠⁠⁠⁠⁠⁠⁠⁠⁠⁠⁠⁠⁠⁠⁠⁠⁠⁠⁠⁠⁠⁠⁠
세바시 굿즈 📚⁠⁠⁠⁠⁠⁠⁠⁠⁠⁠⁠⁠⁠⁠⁠⁠⁠⁠⁠⁠⁠⁠⁠⁠⁠⁠⁠⁠⁠⁠⁠⁠⁠⁠⁠⁠https://bit.ly/sebasistore⁠⁠⁠⁠⁠⁠⁠⁠⁠⁠⁠⁠⁠⁠⁠⁠⁠⁠⁠⁠⁠⁠⁠⁠⁠⁠

✨타임라인
00:00 저 사람 나한테 불만 있나?
00:25 나는 왜 남을 의식할까?
01:04 내 심정을 대변할 피규어는?
04:20 ""그 사람 정말 안 좋은 사람 맞아요""
04:25 타인이 준 상처, 대처하는 세 가지 유형
09:04 인간은 딱 세 부류예요
15:15 사랑받고 인정받고 시퍼서 괴롭나요?
20:12 내 약점을 인정하면 생기는 일
--------------------------
⚠️ AI 시대, 대체불가한 단 하나의 역량 《경계인》 도서 펀딩 오픈
구글·넷플릭스 출신 경영인이 발견한 AI 시대 유일한 생존 전략!
(선착순 최대 35% 할인) 지금 바로 오픈알림신청 → https://bit.ly/3OWIbEv

📙 세바시 인생질문 책 구입하기
🌟 4권(신간) 👉🏻 https://bit.ly/3W66qAs
3권 👉🏻  https://bit.ly/3UuNZ7W
2권 👉🏻 https://bit.ly/4hu8rzq
1권 👉🏻 https://bit.ly/4fpUHnB
(위 링크는 쿠팡 파트너스 링크로, 이에 따른 일정액의 수수료를 세바시가 제공받습니다)

인스타그램  https://www.instagram.com/mylifequestion
협찬/비즈니스 문의 sebasi@sebasi.co.kr

'인생질문' 콘텐츠의 저작권은 ‘(주)세상을바꾸는시간15분’에 있습니다. 영상 및 오디오의 불법 다운로드 및 재업로드, 재가공 등의 행위(AI학습 포함)는 법적으로 금지되어 있습니다",2025-03-13T09:00:30Z,905425,33887
N_NaQ8WKC_0,(Kor) 문단 내 성폭력 : 가해자의 이름은 하나가 아니다 | 오빛나리 고양예고 문예창작과  졸업생 모임 ‘탈선’ 대표 | 강의 강연 영상 듣기 | 세바시 856회,세바시 강연 Sebasi Talk,"✻ 세바시 강연이 올라올 때마다 보고 싶다면 지금 바로 구독하세요 : https://goo.gl/V88B4Z (구독 링크 클릭!)
✻ 종모양 알림 설정 누르셔야 알림이 갑니다 :)

강연자의 강연 소개 : 
2016년 여름, 많은 문인들이 여성 제자들을 대상으로 성폭력을 저지른 일들이 발생했습니다. 문학에 대한 꿈을 키워왔던 저로서는 이런 현실을 고발하고 방지하기 위해 고발자 연대모임 ‘탈선’을 만들었습니다. 문단내 성폭력 가해자의 이름은 단 한명이 아닙니다. ‘문단’에서 성폭력이 발생하는 특징을 짚어보고, 이를 방조하는 문단의 구조적 문제에 대해 이야기 하겠습니다. 

세바시 페이스북 페이지 | http://www.facebook.com/sebasi15
세바시 카카오스토리 | https://story.kakao.com/ch/sebasi

✻ 세바시 강연 콘텐츠의 저작권은 ‘(주)세상을바꾸는시간15분’에 있습니다. 영상 및 오디오의 불법 다운로드 및 재업로드, 재가공 등의 행위는 법적으로 금지되어 있습니다

한글자막 : 홍은선(longhong0247@gmail.com)",2017-11-29T09:00:01Z,9368,178
JaTmPk30R2I,[법률톡톡]'무고죄' 입증 방법과 형량은?!|무고죄|무고죄처벌|고소|미필적고의|경제사건|김안나변호사|법률톡톡|매일경제TV,매일경제TV,,2022-12-29T08:30:05Z,48045,468
cM22FQe6LuI,"성폭행 피소부터 무고 자백까지...이진욱, 악몽의 15일 / YTN (Yes! Top News)", YTN,"■ 여상원 / 변호사·前 서울중앙지법 부장판사, 백현주 / 동아방송예술대 교수, 이호선 / 숭실사이버대 교수, 백기종 / 前 수서경찰서 강력팀장

[이진욱 / 배우 (지난 17일) : 제가 얼굴이 알려졌다는 이유만으로 상대방이 무고하는 것에 대해 정말 쉽게 생각하는 것 같은데 무고는 정말 큰 죄입니다. 조사 열심히 받고 나오겠습니다.]

[앵커] 
지금 화면에서 보셨습니다마는 성폭행 혐의로 입건된 사람치고는 정말 당당한 모습이었습니다. 이진욱 씨 그 당당함에는 다 이유가 있었던 것 같습니다. 오늘은 진실이 밝혀지는 얘기를 많이 하게 되는데요. 고소 여성이 무고 혐의를 자백했다, 그렇죠? 

[인터뷰] 
그렇습니다. 어제 이진욱 씨가 경찰에 이진욱을 고소했던 고소 여성이 경찰에 출석을 해서 사실은 성관계가 합의에 의한 관계였고 성폭행, 강압에 의한 성폭행이 아니었다라고 자백을 하고 일단 돌아갔습니다. 그렇게 돼서 무고혐의가 상당히 진전이 되고 있는 상황입니다.

[앵커] 
백 교수님, 이진욱 씨가 정말 마음고생이 심했을 것 같아요. 그렇죠? 저희가 15일의 날짜를 쭉 적어봤는데. 12일날 만나서 14일에 고소를 당하고 1차로 여성이, 피고소여성이 출석하고 쭉 이렇게 됐는데요. 이 15일이 정말 악몽 같았을 것이라는 생각이 듭니다.

[인터뷰] 
지옥 같은 시간이었을 것이고요. 처음의 고소녀가 대리인을 통해서 입장을 냈을 때 가해자가 피해자가 되고 피해자가 가해자가 되면 안 된다라고 주장을 했었잖아요. 하마터면 이진욱 씨가 정말 가해자가 될 뻔한. 그래서 이진욱 씨는 제가 측근을 통해서 들어보니까 생을 마감해야 되는 것 아닌가라는 생각을 했을 정도로 굉장히 힘든 상황이었다고 합니다.

일단은 금요일에 처음 언론에 보도가 된 다음에 큰 상을 받으려고 했다가 못 받게 되고 16일부터는 언론에서 대대적인 보도가 시작이 됐죠. 보도가 시작이 됐을 때는 이진욱 씨에게 굉장히 호의적인 분위기였습니다, 언론도. 그러다가 이진욱 씨가 12일에 경찰에 출석을 하면서 무고는 큰 죄라고 단호한 어조로 얘기를 하고 들어갈 때까지도 정말 이진욱 씨가 정말 자신만만하다고 했었는데 그 뒤에 경찰에서 출국금지 조치가 내려졌다라는 얘기가 나오면서 그 전후사정에 대해서 알지 못하는 대중들, 혹은 언론은 뭔가 이진욱 씨에게 단서가 있기 때문에 이런 것이 아니었겠는가라는 의혹을 갖기 시... (중략)

▶ 기사 원문 : http://www.ytn.co.kr/_ln/0106_201607271921288320
▶ 제보 안내 : http://goo.gl/gEvsAL, 모바일앱, 8585@ytn.co.kr, #2424

▣ YTN 유튜브 채널 구독 : http://goo.gl/Ytb5SZ

[ 한국 뉴스 채널 와이티엔 / Korea News Channel YTN ]",2016-07-27T12:38:30Z,19210,56
iRFIE1uXIp4,성범죄 무고 고소를 당하면 실제로 겪게 되는 현실,용희주도한 최변 [검사출신 변호사],"성범죄 사건은 결과와 상관없이 고소를 당한 순간부터 인생이 무너지기 시작합니다.

수사가 진행되는 동안 직장, 가정, 평판이 한순간에 흔들리는 경우를 수없이 봐왔는데요.

억울하게 고소를 당하고 찾아오신 분들의 사건을 통해 느낀 것들을 이번 영상에서 솔직하게 말씀드리겠습니다.

0:00 무고 사건 3가지
0:23 첫 번째 사건
1:52 두 번째 사건
4:45 세 번째 사건
5:45 피고소인들의 실수 5가지
8:33 성범죄 사건의 현실
12:08 변호사의 고충😅

#무고죄 #형사변호사

🤵 진심으로 당신의 이야기를 들어주는 변호사가 필요하다면
카톡 상담 문의: http://pf.kakao.com/_yxnIxeK/chat
전화 상담 문의: 010-4823-6116

최용희 변호사 홈페이지: https://litt.ly/lawyercyh

🕯 최용희 변호사의 변호 철학이 궁금하다면 
블로그: https://blog.naver.com/yongheechoe/223369022936",2026-03-26T07:00:34Z,1180,24
AZ5ybRlE8J8,억울한 성범죄 고소를 피하고 싶다면? 원나잇 10계명을 기억하세요! (6~10계명) ㅣ 검사출신 형사전문 변호사 이고은,인생변호사 - 검사출신 형사전문변호사,"#성범죄무고 #준강간

안녕하세요. 인생변호사 '이고은' 변호사입니다.
지난 시간에 이어 6~10계명까지를 준비했는데요.

다들 좋으니까 원나잇 하는건데 뭐가 걱정이냐고들 하지만,
실제도 이런 사건들에 있어 무고는 끊이지 않고 있습니다.
경각심을 가지고, 예방차원에서 꼭 끝까지 봐주셨으면 좋겠습니다.

00:00 인트로
00:14 6계명
01:36 7계명
02:20 8계명
02:58 9계명
06:25 질문) 상대가 합의금을 노리고 접근했을 때 대응방법


#성범죄 #준강제추행 #무고죄  #검사출신변호사

형사소송은 순간의 선택이 여러분의 인생을 좌우합니다. 상담이 필요하신 분께서는 아래 연락처로 연락주시면 최선을 다해 도움 드리겠습니다.

✔️ 상담 문의: 1533-7455 (24시간 상담)
✔️ 홈페이지: https://www.onganglaw.co.kr/
✔️ 네이버 블로그: https://blog.naver.com/mylifelawyer
✔️ Instagram: @mylifelawyer

➱ 본 영상의 무단 복제/전송/배포/도용 등은 저작권법 위반행위이며, 형사책임 및 민사상 손해배상 책임이 발생할 수 있습니다.

📍구독, 좋아요, 알림 설정은 제게 큰 힘이 됩니다📍

광고책임변호사 : 배한진",2023-12-22T09:02:11Z,26565,536
srL1p8p5FU4,"성범죄 무혐의 받은 사람이 공통적으로 지킨 6가지, 이것 모르면 인생 끝납니다 | 억울해도 유죄추정 받습니다 | 강간고소, 경찰조사, 무고죄 | 끝까지, 조동휘 변호사","끝까지, 조동휘 변호사","채팅 앱으로 만난 여성과 합의 하에 관계를 가졌을 뿐인데, 하루아침에 강간범으로 몰린 남성이 있었습니다. 수사관마저 냉담한 반응을 보이며 자백까지 고민하던 절망적인 상황이었죠. 하지만 결과는 놀랍게도 무혐의였습니다. 물증도 없이 어떻게 이런 결과가 가능했을까요? 궁금하셨죠?
억울하게 성범죄로 고소당했을 때, 당신의 인생을 좌우할 수 있는 결정적인 행동 원칙이 있습니다. 이 남성이 지켰던 단 6가지 원칙을 어기는 순간, 무죄추정의 원칙은 사라지고 유죄의 굴레를 쓰게 될 수 있습니다. 12년차 형사 전문 변호사를 통해 그 치명적인 실수들은 무엇인지, 어떻게 대응해야 하는지 속 시원하게 설명드려보겠습니다~
#경찰조사 #무고죄 #성범죄변호사 

'끝까지, 조동휘 변호사' 법률 상담이 필요하다면?
로톡 : https://www.lawtalk.co.kr/directory/profile/5871-%EC%A1%B0%EB%8F%99%ED%9C%98
전화 : 010-8853-2237
주소 : 경기 안산시 단원구 광덕서로 92 대원빌딩 604호 서우법률사무소
네이버 블로그 : https://blog.naver.com/qazqaz911",2026-04-23T08:00:00Z,3130,36
kp4aOcgjFKM,China Was NOT What I Expected…🇨🇳,Sophyna’s Crib,"I just landed in China and within my first 48 HOURS, I noticed things that completely shocked me 😳🇨🇳

From the technology, food delivery system, cashless payments, transportation, lifestyle, safety, and overall culture, China honestly feels like the future. In this video, I’m sharing the biggest things that stood out to me as a Nigerian experiencing China for the first time.

Some things were amazing, some unexpected, and some completely changed the way I see life outside Africa.

If you’ve ever wondered:

* What China is REALLY like
* How people live in China
* The truth about China social media doesn’t show
* Whether China is affordable
* What culture shock in China feels like
* What Guangzhou/Shenzhen/China looks like for foreigners

…then this video is for you.

Make sure you LIKE, COMMENT, and SUBSCRIBE because I’ll be sharing more experiences, lifestyle content, business opportunities in China, wholesale markets, food reviews, and daily life abroad 🇨🇳✨

👇 COMMENT BELOW:
What’s the most surprising thing you know about China?

#China #LivingInChina #ChinaVlog #Guangzhou #ChinaTravel #CultureShock #NigerianInChina #TravelVlog #ChinaExperience #AfricanInChina",2026-05-20T19:00:19Z,48,7
Eu0XMrZ55CE,"""한국 남자들이 변하고 있습니다."" 일본 여자에게 결혼하려는 '명확한' 이유는 무엇일까? (ft. 결정사 부대표)",슥튜디오,"""한국 남자들이 변하고 있습니다.""

단순히 '일본 여자가 좋다'는 1차원적인 이야기가 아닙니다.
이것은 대한민국 결혼 시장의 지각 변동을 알리는 가장 강력한 신호입니다.

대체 무엇이, 한국 남성들을 수십 년간 이어져 온 익숙한 연애의 공식을 버리고 새로운 선택을 하도록 만들었을까요?

결정사 부대표가 현장의 수많은 데이터를 바탕으로, 그 '명확한' 이유를 진단합니다.

이 거대한 변화의 흐름에 대해, 당신의 생각은 어떻습니까?
남성의 '변화'입니까, 아니면 다른 곳에 '문제'가 있는 걸까요?
당신의 날카로운 분석을 댓글로 보여주세요.

🎬 출연자 정보: 권민정 부대표 (결혼정보회사 지노블)

유튜브 ""결정사언니"": https://youtube.com/@Chuck_Sister

홈페이지: https://gnoble.kr/main.html

Timestamps.
00:00:00 Preview
00:00:30 Title
00:00:39 일본 여성에 대한 문의가 많이 늘었나요?
00:01:17 어떤 남성분들이 일본 여성을 찾으시나요?
00:02:05 한국 남성와 일본 여성의 이혼률이 낮은 이유
00:03:55 한국 남성이 느끼는 일본 여성의 매력은?
00:06:00 이 현상의 이유는 결혼 문화의 변화 때문이다?
00:07:11 일본과 한국 여성의 가장 큰 차이점은?
00:08:05 요즘 남성들이 가장 부담스러워 하는 것
00:10:19 옛날과 요즘 여성분들의 가치관 차이
00:11:34 국적을 떠나서 행복하게 사는 커플들의 공통점
00:12:46 결혼을 고민하는 한국 남녀에게 하는 조언

#국제결혼 #한일커플 #결정사 #한국남자

🔥 '솔직하다'가 모든 것을 증명한 [유튜브 성장 시스템의 모든 것] 전자책

""왜 내 채널만 성장하지 않을까?""
그 고민, 이 책 한 권으로 끝내세요. 지난 19년간의 노하우와 저희 'AI 사령부'의 운용 시스템까지, 모든 것을 압축해서 담았습니다.

✅ '앵커'와 '엔진' 콘텐츠 무한 기획 시스템
✅ 조회수를 폭발시키는 '필승' 썸네일/제목 공식
✅ 당신의 시간을 10배 아껴줄 'AI 사령부' 운용 프롬프트
✅ 광고 수익을 넘어, '나'라는 브랜드를 만드는 4대 수익 파이프라인

👇 지금 바로 아래 오픈카톡방에서 문의 및 구매하세요!
링크: https://open.kakao.com/o/sxLLkLGh

시청 감사합니다.

출연, 광고 제휴 문의 : seugtudio@gmail.com

Music provided by 브금대통령
Track : Keep The Tension - https://youtu.be/YRQhxG1O8-8",2025-09-12T15:25:16Z,218919,4117
NWpdd-AgbWQ,한국 여자들과 결혼 안 하려는 슬픈 이유,작은 알파남 | 168cm의 현실 연애 가이드,"#국제결혼 #일본여자 #연애 #매력있는남자

국제결혼이 왜 남자들 사이에서 대안으로 이야기되는지 현실적으로 짚어봅니다.
결혼의 ‘편익과 비용’ 관점에서 국제결혼을 선택하려는 심리가 어디서 오는지 분석했어요.
국제결혼이 정말 비용도 적고, 리스크도 없는 선택인지 실제 사례와 논리로 따져봅니다.
한국 여자 vs 국제결혼이라는 단순한 구도가 왜 위험한 생각인지, 꼭 생각해봐야 할 포인트를 담았습니다.
국제결혼을 고민 중이라면, 결정하기 전에 이 영상 한 번은 꼭 보고 판단하세요.


⏰타임라인

00:00 한국 여자들과 결혼 안 하려는 슬픈 이유
00:40 국제결혼을 하려고 하는 이유
04:03 국제결혼을 고민해 봐야 하는 이유
06:03 국제결혼보다 선행 되어야 하는 것",2026-01-30T10:00:29Z,6776,178
Z97n_QmHE5g,최근 들어 대한민국 20-30여성들이 갑자기 결혼을 하려는 이유 4가지,한방언니,"결혼, 연애에 대한 모든 고민을 시원하게!!
커플매니저 16년 경력의 결혼정보대표가 함께 소통하는 이야기 공간!

💘 상담 문의 : https://noblemariage.com/consulting/?v=Z97n_QmHE5g

💬 카카오톡 상담 : https://pf.kakao.com/_dvVxgT
※카카오톡 상담 시 사칭 계정 주의!
※카카오톡 상담은 반드시 링크로만 추가해 주세요! (검색 ❌ / 아이디 입력 ❌)

📞 대표번호 : 1522-7555

※ 본 영상 내용은 개인적인 사견임을 밝힙니다.",2025-08-13T09:00:49Z,320491,4103
uqwmJBuH5EI,"기독교 페미니즘 책 추천 (입문편) | 구신북스 EP 4 | 여성이 만난 하나님, 비혼주의자 마리아 | 세계 여성의 날",구 신학생,"안녕하세요. 이제는 (구) 신학생, 이구신입니다 :)

#구신북스 네 번째  책입니다.
성경은 페미니즘과 반대될까요?
기독교의 여성 혐오는 사실일까요?
기독교와 페미니즘, 입문 책을 추천드립니다.

* 그루밍 성폭력 관련 내용은 뉴스앤조이 기사를 참고하시길 바랍니다.
http://www.newsnjoy.or.kr/news/articleView.html?idxno=215672

From. #이구신
저는 ""다양성""을 보여드리려고 합니다.
다양한 생각을 가지신 분들의 격조있는 토론도 기대하고,
또 저에게 다른 시각을 보여주실 분들도 기대합니다.
다름을 이해하고 그리스도 안에 더욱 넓은 한국교회가 되길 바랍니다.",2020-03-08T03:00:05Z,1500,74
Ldf0WBni8ww,“한국선 결혼 포기했어요”…신혼집 부담에 일본행? [경제콘서트] / KBS  2025.09.01.,KBS News,"우리나라 역사 속 최초의 국제결혼을 아시는지요. 가야를 세운 김수로왕과 인도에서 건너온 허황옥의 혼인이라고 하죠. 과거에는 국제결혼이라는 게 낯설고 특별한 일이었지만 이제는 드문 일이 아닙니다. 최근 한 보도에 따르면 국제결혼에 MZ세대 남성들도 큰 관심을 가지고 있다고 합니다. 어떤 배경이 있는 건지 김인만부동산경제연구소 김인만 소장과 알아봅니다. 

[앵커] 

저도 잘 몰랐습니다. 최근 MZ세대 남성들이 국제결혼에 관심을 가지고 있는 게 사실인가요? 

[답변] 

네.

최근에 인기가 높은 제2의 전성기를 누리고 있는 심형탁 씨가 있는데.

[앵커] 

네, 심형탁 씨.

[답변]

 일본인 여성과 결혼해서 낳은 자녀 때문에 인기가 높은데요.

[앵커]

 그렇죠.

[답변]

 최근에 한국인 남성과 일본인 여성 간의 결혼이 크게 늘어나고 있습니다.

추이 건수를 보게 되면 2023년 840건이었는데요.

2024년 작년 1,176건 40% 정도가 껑충 늘어났는데.

[앵커] 

많이 늘어났네요.

[답변]

 재밌는 건 한국 남성과 일본 여성의 결혼은 1,176건이었는데요.

반대로 한국 여성과 일본 남성의 결혼은 147건, 8분의 1 통계밖에 되지 않습니다.

[앵커] 

얼마 안 되네요.

왜 그런 거죠? 

한국 남성과 일본 여성, 한국 남, 일본 여자 결혼은 많다.

이유가 있습니까? 

[답변] 

재밌죠? 

일본에서도 굉장히 흥미로웠던 것 같습니다.

니혼게이자이 신문에서 분석을 했는데.

[앵커] 

일본 언론도 보도를 한 건가요? 

[답변]

 일본 언론에서도 보도를 했습니다.

두 가지 이유를 꼽고 있습니다.

하나는 한류 열풍, 두 번째는 일본과 한국의 경제력 축소입니다.

2003년 기억나시죠? 

KBS 간판 드라마 겨울연가.

욘사마 열풍이 어마어마했잖아요.

일본 여성분들이 한국에 와서 관광도 하고 했는데 세월이 지납니다.

그분들이 이제 부모님이 되고 결혼, 자녀들이 결혼할 시기가 되다 보니까 한국 남성에 대한 굉장히 우호적인 인식이 커졌고요.

두 번째 한류 열풍은 BTS라든지 우리 한류 열풍들 때문에 한국 남성에 대한 인지도가 높아지면서 일본 여성분들한테 한국 남성의 인기가 상당히 높습니다.

[앵커] 

그런데 그렇게 일반화할 수 있을까요? 

저도 마찬가지지만 대한민국 모든 남성들이 욘사마도 아니고 BTS도 아니잖아요.

저희가 그냥 일반인인데 일본 여성들이 그렇게 한국 남성을 좋아합니까? 

[답변]

 두 번째 이유가 있습니다.

경제력의 차인데 일본보다 우리나라가 GDP도 앞서고 있잖아요.

한국 남성의 경제력도 좋고, 일본 남성들은 반성을 해야 될 것 같습니다.

왜냐하면 육아 참여도, 일본 여성에 대해서 여전히 일본 남성들은 가부장적인 부분이 남아 있는데 요즘 한국 남성들은 많이 변했잖아요.

반반, 공동육아에 굉장히 적극적으로 참여를 하다 보니까 일본 여성들이 한국 남성에 대해서 굉장히 호감도가 높아진 것 같습니다.

[앵커] 

그러면 반대로 우리나라 남성, 한국 남성이 일본 여성과 결혼하는 이유는 뭘까요?

 [답변] 

아무래도 이유가 다릅니다.

아무래도 이게 주거비 부담.

우리나라는 지금은 그렇지가 않은데요.

한 10년, 20년 전만 하더라도 남성이 집을 구해야 된다라는 그 고정관념이 있었는데.

[앵커] 

저만 해도 그런 압박이 있었습니다.

[답변]

 압박이 있는데 이제 반반 결혼이 유행이긴 합니다만 지금도 사실 남성들한테는 그게 남아 있습니다.

왠지 집에 대한 부담감이 남아 있는데 우리나라에는 전세 제도도 있잖아요.

집을 사지 않으면 임대가 있는데 일본은 매매 아니면 월세 두 가지잖아요.

집을 못 사면 월세로 가야 되는데 우리는 중간에 전세 제도가 있어서 전세금도 마련해야 되기 때문에 집을 못 사더라도,

 [앵커] 

우리 그럼 한국 남성이 일본에 가서 국제결혼을 하려는 이유 중의 하나가 부동산 문제, 집값 때문이다.

이 말씀인데 그런데 우리나라 남성, 여성 마찬가지잖아요.

신혼부부들 집 구하기 참 어렵습니다.

왜 이렇게 된 걸까요? 

[답변] 

집값이 비싸도 너무 비쌉니다.

특히 서울이 문제인데 서울 아파트 평균 가격이 14억이 넘습니다.

[앵커] 

평균이요? 

[답변] 

평균이 14억이 넘는다는 얘기니까 실제로 역세권이나 좋은 지역들은 훨씬 더 비싸고요.

상위 20%는 32억이 넘습니다.

엄두가 안 나고요.

하위 20%도 4억 9,200만 원입니다.

5억 정도 되니까 평균으로 따지게 되면 우리가 전세가율 50% 정도 친다면 14억 2,000만 원을 반으로 하게 되면 7억인데 7억 1,000만 원이라는 돈을 신혼부부가 부모님 도움이나 어떤 이런 게 없이는 마련하기가 어렵죠.

[앵커] 

불가능한 거죠.

[답변] 

지금 대출을 받으려고 해도 요즘 전세 대출도 규제가 되고 있기 때문에 참 쉽지 않은 일입니다.

결국에는 주거비 부담 때문에 해외 결혼으로 눈을 많이 돌리고 있는 것 같습니다.

[앵커] 

생각을 하게 되는 거죠.

그러면 소장님, 방법은 없을까요? 

조언이라고 할까요.

부동산, 신혼부부 어떻게 집을 구해야 될까요? 

[답변] 

참 고민되는 부분인데요.

저는 일단 부모님 도움을 받든 내가 모아둔 종잣돈이 있든 하시는 분들이라면 내 집 마련하는 게 좋을 것 같습니다.

떨어질 때까지 기다리겠다고 하면 막상 떨어질 때는 또 내 집 마련 못하기 때문에 필요하신 분들, 신혼부부들 자금이 되시는 분들은 사시는 게 좋은데 일단 요즘 대출 규제도 굉장히 강화되고 있습니다.

[앵커] 

그렇죠.

[답변] 

그래서 자금 계획들 꼼꼼하게 살펴봐야 할 것 같고요.

대출 규제가 또 추가적으로 더 들어올 수도 있기 때문에 보수적으로 자금 계획을 세워서 하실 수 있는 분들은 내 집 마련하시는 게 좋을 것 같습니다.

[앵커] 

그런데 그렇지 않은 분들이 많잖아요.

전세나 월세 시작하는 건 어떻게 보세요? 

[답변]

 전세, 월세 하시는 것도 저는 좋은 방법이라고 생각합니다.

집을 사면 좋은데 사실 다 살 수는 없고요.

임대 계약을 할 때는 반드시 우리가 염두에 둬야 할 건 2+2 계약 갱신 청구권, 4년 거주할 수가 있는데 이게 안 되는 집들도 있거든요.

주인이 나는 2년 후에 거주할 거야라는 집들도 있기 때문에 계약하기 전에 반드시 2년 연장이 되는 집인지 계약 단계에서 꼼꼼하게 확인하는 게 좋을 것 같고요.

최근에 전세 대출도 많은 규제가 들어오고 있는 상황이기 때문에 자금 계획들 은행에 가셔서 과거와 다르게 보다 보수적으로 꼼꼼하게 체크를 할 필요가 있을 것 같습니다.

[앵커] 

마지막 질문입니다.

그러면 청약은 어떻게 할까요? 

짧게 한번 조언이라고 할까요.

청약 방법 설명해 주시죠.

[답변]

임대 거주하더라도 청약 도전은 반드시 해야 되고요.

청약은 특별공급과 일반공급이 있는데 두 가지 모두가 가능합니다.

그러니까 신혼부부들이나 신생아 이런 분들은 특별공급도 하시고 일반공급도 같이 청약을 하시는 게 좋을 것 같습니다.

[앵커] 

알겠습니다.

오늘 여기까지 듣겠습니다.

김인만 소장과 함께했습니다.

고맙습니다.

▣ KBS 기사 원문보기 : http://news.kbs.co.kr/news/view.do?ncd=8345521

▣ 제보 하기
◇ 카카오톡 : 'KBS제보' 검색
◇ 전화 : 02-781-1234
◇ 홈페이지 : https://goo.gl/4bWbkG
◇ 이메일 : kbs1234@kbs.co.kr

Copyright ⓒ KBS. All rights reserved. 무단 전재, 재배포 및 이용(AI 학습 포함) 금지

#일본 #국제결혼 #한국 #여성 #남성 #일본인 #한국인 #일본여자 #한국남자 #결혼",2025-09-02T02:25:05Z,283162,3301
D2p5HZWuJbo,[EBS x 한국양성평등교육진흥원] ep4. 다큐멘터리 《젠더-프리》 (고등학생 편),EBSCulture (EBS 교양),"이 프로그램은 여성가족부와 한국양성평등교육진흥원의 지원을 받아 제작되었습니다.

남자는 이래야 해! 여자는 이래야 해!
왜 이렇게 게임을 못해? 너 여자지?

우리를 규정하려는 수많은 성차별적 말들과 혐오표현

남자다운 나, 여자다운 나 말고
나다운 내가 될 수는 없는 걸까요?

#여성가족부 #한국양성평등교육진흥원 #EBS #성고정관념 #혐오표현 #디지털성범죄 #성인지감수성 #청소년 #양성평등교육",2022-01-11T08:36:50Z,65961,368
2l8T3pSevJ0,한국 남성들의 95%가 '국제결혼'으로 눈을 돌리는 이유ㅣ결정사 부대표 통합본 1부,슥튜디오,"""95%.""
이 충격적인 숫자가 지금 대한민국 결혼 시장의 현실입니다.

더 이상 일부의 이야기가 아닌, 한국 남성들의 거대한 흐름이 된 '국제결혼'.
대체 왜, 한국 남성들은 익숙한 울타리를 넘어 해외로 눈을 돌리게 되었을까요?

결정사 부대표가 수천 건의 데이터를 바탕으로, 그 이유와 누구도 말해주지 않았던 진짜 현실을 전부 해부합니다.

이 현상에 대한 당신의 생각은 어떻습니까? 댓글로 생각을 공유해주세요.

🎬 출연자 정보: 권민정 부대표 (결혼정보회사 지노블)

유튜브 ""결정사언니"": https://youtube.com/@Chuck_Sister

홈페이지: https://gnoble.kr/main.html

Timestamps.
00:00:00 만나면 안되는 여자는 '이런 여자' 입니다
00:15:56 요즘 젊은 여성들이 돈 많은 중년남성 찾는 이유
00:28:59 재산이 1000억 있으면 누구랑 결혼할까?
00:41:41 재혼하면 안되는 이유

#국제결혼 #결정사 #결혼정보회사

🔥 '솔직하다'가 모든 것을 증명한 [유튜브 성장 시스템의 모든 것] 전자책

""왜 내 채널만 성장하지 않을까?""
그 고민, 이 책 한 권으로 끝내세요. 지난 19년간의 노하우와 저희 'AI 사령부'의 운용 시스템까지, 모든 것을 압축해서 담았습니다.

✅ '앵커'와 '엔진' 콘텐츠 무한 기획 시스템
✅ 조회수를 폭발시키는 '필승' 썸네일/제목 공식
✅ 당신의 시간을 10배 아껴줄 'AI 사령부' 운용 프롬프트
✅ 광고 수익을 넘어, '나'라는 브랜드를 만드는 4대 수익 파이프라인

👇 지금 바로 아래 오픈카톡방에서 문의 및 구매하세요!
링크: https://open.kakao.com/o/sxLLkLGh

시청 감사합니다.

출연, 광고 제휴 문의 : seugtudio@gmail.com

Music provided by 브금대통령
Track : Keep The Tension - https://youtu.be/YRQhxG1O8-8",2025-09-11T08:29:55Z,60181,1008
0QjKiGay3QQ,너 알파남 될래? 알파카 될래?,미로다요,#썰 #연애 #grwm #남자#알파메일 #연애심리 #호감#소개팅,2026-01-14T08:50:14Z,37990,1014
An7a7jXIxnk,우리 엄마가 나한테 '여성혐오'를 한다고요?,씨리얼,"엄마와 딸은 걸핏하면 싸웁니다. 딸이 크면 엄마의 가장 친한 친구가 된다는 말에 의구심이 들 정도로 말이죠. 왜 자꾸 이런 충돌이 발생하는 걸까요?

세 명의 딸을 만났습니다. 딸이 살 찔까봐 야식을 못 먹게 하는 엄마. 여자는 무조건 예뻐야한다는 강박을 가진 엄마. 엄마가 없으면 아빠의 밥을 대신 차려달라는 엄마.

저마다의 이야기를 들었지만 낯설지는 않았습니다. 어쩌면 가장 ‘자연스러운’ 모습이었으니까요.

씨리얼은 모녀 갈등을 '여성양육자의 여성혐오'라는 키워드로 풀어보고자 합니다. 엄마가 여성혐오를 한다니 무슨 말도 안되는 말이냐고요? 사실 '여성혐오'는 대단히 극단적인 이야기가 아닙니다.

단순히 여성을 싫어한다는 뜻이 아니고요. 단지 여성이라는 이유로 특정 이미지를 '낙인' 찍거나, 여성을 남성보다 '못한' 존재로 여기는 모든 생각을 의미하거든요.

자, 생각보다 '저지르기' 쉬운 여성혐오 아닌가요? 엄마와 딸이 함께 보시기를 추천합니다.",2018-06-12T09:43:17Z,81654,2777
TQwOUxo9vUM,여자를 안달나게 하는 남자 특징 3가지,한방언니,"결혼, 연애에 대한 모든 고민을 시원하게!!
커플매니저 16년 경력의 결혼정보대표가 함께 소통하는 이야기 공간!
💘상담 문의: https://noblemariage.com/consulting/?v=TQwOUxo9vUM

💬 카카오톡 상담 : https://pf.kakao.com/_dvVxgT
※카카오톡 상담 시 사칭 계정 주의!
※카카오톡 상담은 반드시 링크로만 추가해 주세요! (검색 ❌ / 아이디 입력 ❌)

📞대표번호 : 1522-7555
 
※ 본 영상 내용은 개인적인 사견임을 밝힙니다

#나쁜남자 #인기많은남자 #남자특징",2023-07-10T11:00:31Z,377085,4400
b_NPjrLQoEI,평등과 혐오사이 페미니즘,당신이 몰랐던 이야기,"#페미니즘 #페미니스트 #젠더갈등 #세대갈등 #이대남 #이대녀 #당신이몰랐던이야기




https://www.dbpia.co.kr/pdf/pdfView.do?nodeId=NODE10596740
https://www.dbpia.co.kr/pdf/pdfView.do?nodeId=NODE11221086
https://iwda.org.au/learn/what-is-feminism/
https://www.britannica.com/topic/feminism/The-second-wave-of-feminism
https://en.wikipedia.org/wiki/Feminism
https://m.hankookilbo.com/News/Read/A2023022711470005613",2023-04-14T12:34:07Z,132151,3085
F2hzeNWoB_Q,[논란폭발] 남들이 '스윗영포티'라 놀려도!!😭 남과여🔥피임약🔥저출산🔥잠재적 가해자🔥모성은 정말 위대한가?🔥,정형돈의 제목없음TV,"채널에 가입하여 혜택을 누려보세요.
https://www.youtube.com/channel/UCsbNh54XE17pOZrdqW3VyXQ/join

안녕하십니까 시독자 여러분!!!!
오찬호 선생님의 마지막 시간이 왔습니다.
워허우우우~ 논란이 많습니다 댓글창이 뜨거워요!!!💥🔥🔥🔥🔥🔥
저도 뭐 공감이 가는 것도 있고 이해 못 하는 것도 있지만!
그래도 이렇게 한.번.쯤! [고찰] 해볼 수 있는 시간이 얼마나 필요했는지를 느꼇습니다.
오늘의 주제
피임약, 저출산
잠재적 가해자
소비자와 노동자
백인과 흑인
잘못된 자유의 해석
등등등등 그냥 어그로 100% 왓더시그마!!!!
문제재기는 분열이 아니다? 네....

마지막 시간인 만큼 한번만 끝까지 시청해보아요! 
뿅!

#정형돈 #오찬호 #사회학 #남과여 #출산율 #피임",2025-05-09T09:00:06Z,125248,2337
K_IGrEmA7tM,전세 사기 무서워 월세 왔더니... 임대차 계약서 자체가 무효였다! 신종 부동산 사기 수법 | 추적60분 KBS 250207 방송,KBS 추적60분,"신혼부부 울린 보증금 ‘먹튀’, 임대차 계약서가 무효였다
충청북도 증평군의 한 오피스텔에서 만난 김진수(30대, 가명) 씨 부부. 전세 사기가 기승이던 22년 말, 김 씨 부부는 전세 사기 피해를 염려해 월세로 신혼집을 구했다. 보증금 3,000만 원에 월세 43만 원, 방 2개가 딸린 신축 오피스텔에 입주하게 된 부부. 그런데 신혼의 달콤한 꿈은 입주 두 달 만에 산산조각 났다. 김 씨 부부가 맺은 계약이 불법이라는 것이었다.

“임대 계약을 맺을 때 등기부등본을 꼼꼼히 봤어요. 근저당과 채무가 없는 깨끗한 집이었죠. ‘신탁’이란 낯선 문구가 기재되어 있었는데, 공인중개사는 신탁 회사가 관리하는 곳이라는 뜻이라며 더 안전하다고 하시더라고요. 그래서 아무 의심 없이 계약했죠.”
-김진수(가명) 인터뷰 중

부동산 담보신탁은 부동산 소유자(위탁자)가 부동산의 관리와 처분을 신탁회사(수탁자)에게 맡긴 뒤 수익 증권을 발급받는 제도이다. 부동산 소유자는 이 수익 증권을 담보로 해서 금융기관으로부터 대출을 받을 수 있지만, 실질적인 소유권은 신탁회사로 넘어가게 된다. 부동산 소유자가 대출금을 상환하지 못할 경우, 신탁회사는 신탁 부동산을 공매로 처분한 뒤 직접 금융기관에게 대출금을 정산해 지급한다. 통상 부동산 개발사업에서는 사업자금을 조달하기 위해 활용된다.
부동산 신탁 계약의 해지 전까지는 실질적인 소유권을 신탁회사가 갖기 때문에 신탁회사의 동의 없는 임대차 계약은 법적 효력이 없다. 김 씨 부부는 신탁회사 동의 없이 임대업체와 계약했기 때문에 임차인으로 인정받지 못한다. 현재 살고 있는 주택의 세입자로서의 권리를 주장할 수 없는 것이다.


Copyright ⓒ KBS. All rights reserved. 무단 전재, 재배포 및 이용(AI 학습 포함) 금지

Since 1983, 대한민국 최초의 탐사 프로그램
상식의 눈으로 진실을 추적한다
매주 금요일 밤 10시 KBS1 《추적60분》

✔ 제보 : 010-4828-0203 / 추적60분 홈페이지 / betterkbs@gmail.com
▶홈페이지 : https://program.kbs.co.kr/2tv/culture/chu60
▶카카오톡 채널: http://pf.kakao.com/_fxgiyxj",2025-02-11T14:51:39Z,1214106,11103
DnPrxy-QTy0,까칠 남녀 - 군인도 사랑 받고 싶다_#002,EBSCulture (EBS 교양),"공식 홈페이지 : http://home.ebs.co.kr/gender/main
  군인도 사랑 받고 싶다,

대한민국에선 군인의 대우와 군필자의 대우는 상상 이상의 차별적 대우와 무시를 받는다. 이에 남녀평등을 주장하는 까칠남녀에서 어떤 점이 잘못되었는지, 앞으로의 우리가 나아갈 방향성에 대해 알아보고자 한다,

사회적 문제로 대두되고 있는 성차별 이슈!

유쾌하고 솔직한 목소리로 이야기하는 국내 최초의 젠더 토크쇼,",2017-05-23T14:10:59Z,862624,2122
ZOi1N9vtyCM,"'페미 NO, 오또케오또케 NO'…채용 공고에 성차별 / SBS",SBS 뉴스,"서울의 한 편의점에서 아르바이트 모집 공고를 내면서 '페미니스트가 아닌 자'와 같은 조건을 내걸었습니다. 또 여성을 비하하는 표현까지 담기면서 비난이 쏟아졌습니다.
한성희 기자입니다.

원문 기사 더보기 
https://news.sbs.co.kr/y/?id=N1006286234
 

#SBS뉴스 #8뉴스 #오또케오또케

▶SBS 뉴스 채널 구독하기 : https://n.sbs.co.kr/youtube 
▶SBS 뉴스 라이브 : https://n.sbs.co.kr/youtubeLive , https://n.sbs.co.kr/live 

▶SBS 뉴스 제보하기
홈페이지: https://n.sbs.co.kr/inform 
애플리케이션: 'SBS뉴스' 앱 설치하고 제보 - https://n.sbs.co.kr/App 
카카오톡: 'SBS뉴스'와 친구 맺고 채팅 - https://pf.kakao.com/_ewsdq/chat 
페이스북: 'SBS뉴스' 메시지 전송 - https://www.facebook.com/sbs8news 
이메일: sbs8news@sbs.co.kr 
문자: #6000 
전화: 02-2113-6000 

홈페이지: https://news.sbs.co.kr/ 
페이스북: https://www.facebook.com/sbs8news 
트위터: https://www.twitter.com/sbs8news
카카오톡: https://pf.kakao.com/_ewsdq
인스타그램: https://www.instagram.com/sbsnews",2021-04-17T11:21:04Z,1184874,12083
Dg2jvCTdHWY,"클로드 코워크 하나로 고객 브리핑부터 견적서 발송까지, 완벽한 B2B 영업자동화 구축하기",AI 서대표,"안녕하세요 AI 서대표입니다! 🙇‍♂️

""혼자서 영업으로 연매출 30억을 찍는 게 가능할까?"" 
네, AI를 적극적으로 활용해 '영업 자동화 시스템'을 구축한다면 가능합니다!

최근 무료 특강에서 소개해 드린 헤르메스 에이전트(Hermes Agent)가 IT 비전공자 분들에게는 조금 어렵게 느껴지셨을 텐데요. 그래서 이번에는 초보자 레벨에서도 누구나 쉽게 따라 할 수 있는 클로드 코워크(Claude Co-worker) + 플러그인' 기반의 영업 자동화 스킬 세트를 준비했습니다.

리드 고객사 정보 리서치(허위 문의 필터링)부터 전화 전 브리핑, 미팅 요약, 이메일 및 견적서 자동 작성, 데일리 브리핑까지! 제가 실제로 사용하는 8가지 핵심 영업 스킬의 세팅부터 활용법까지 무료로 모두 공개합니다. 영상 보시면서 꼭 한 번 따라 해보세요!

📌 영상에 나온 주요 링크 및 리소스
- 클로드 코워크(Claude Co-worker) 다운로드: https://support.claude.com/ko/articles/10065433-claude-desktop-%EC%84%A4%EC%B9%98
- 영업 자동화 플러그인 (Zip 파일 직접 다운로드): https://github.com/postoo-io/sales-automation
- 플러그(Pluuug) 사이트: https://www.pluuug.com

━━━━━━━━━━━━━━━━━━━━━━━━━━━━━

⏳ 타임라인 (Timestamps)
00:00 혼자 영업으로 연매출 30억 달성한 비결
00:40 클로드 코워크(Claude Co-worker)란? 설치 및 기능 소개
02:36 플러그인 마켓플레이스 및 MCP 개념 이해하기
03:19 영업 자동화 플러그인(Zip 파일) 설치하는 법 (버그 우회 팁)
04:03 업무 효율을 극대화하는 8가지 핵심 영업 스킬 소개
06:05 [실전 세팅] 세일즈 셋업(Sales Setup) 및 플러그 API 연동하기
07:54 [스킬 활용 1] 어카운트 리서치 (허위 문의 필터링 기능)
09:09 [스킬 활용 2] 콜브리프 (전화 미팅 전 정보 병렬 수집)
10:02 [스킬 활용 3] 이메일 샌드 (맞춤형 이메일 초안 작성 및 발송)
10:28 [스킬 활용 4] 데일리 브리핑 (업무 시작 전 통합 리포트 확인)
11:10 나만의 맞춤형 스킬 커스텀하는 방법 (skill.md 가이드 문서 활용)
12:11 아웃트로 및 향후 업데이트 계획

━━━━━━━━━━━━━━━━━━━━━━━━━━━━━

이 플러그인 스킬 세트는 플러그 팀과 함께 지속적으로 업데이트할 예정입니다. 버전이 업데이트될 때마다 빠르게 안내해 드릴 테니 채널 구독과 알림 설정 잊지 마세요! 😉

진행하시다가 궁금한 점이나 막히는 부분이 있다면 언제든지 댓글로 편하게 문의 남겨주세요!

#영업자동화 #클로드코워크 #AI에이전트 #플러그CRM #ClaudeCoworker #AI비즈니스 #똑똑한개발자 #AISeoceo #B2B영업",2026-05-25T10:39:02Z,24,6
LPZh9BOjkQs,Large Language Models explained briefly,3Blue1Brown,"A light intro to LLMs, chatbots, pretraining, and transformers.
Dig deeper here: https://www.youtube.com/playlist?list=PLZHQObOWTQDNU6R1_67000Dx_ZCJB-3pi
Technical details as a talk: https://youtu.be/KJtZARuO3JY
This was made for an exhibit at the Computer History Museum: https://computerhistory.org/
Instead of sponsored ad reads, these lessons are funded directly by viewers: https://3b1b.co/support

No secret end-screen vlog for this one, the end-screen real estate was all full!

------------------

These animations are largely made using a custom Python library, manim.  See the FAQ comments here:
https://3b1b.co/faq#manim
https://github.com/3b1b/manim
https://github.com/ManimCommunity/manim/

All code for specific videos is visible here:
https://github.com/3b1b/videos/

The music is by Vincent Rubinetti.
https://www.vincentrubinetti.com
https://vincerubinetti.bandcamp.com/album/the-music-of-3blue1brown
https://open.spotify.com/album/1dVyjwS8FBqXhRunaG5W5u

------------------

3blue1brown is a channel about animating math, in all senses of the word animate. If you're reading the bottom of a video description, I'm guessing you're more interested than the average viewer in lessons here. It would mean a lot to me if you chose to stay up to date on new ones, either by subscribing here on YouTube or otherwise following on whichever platform below you check most regularly.

Mailing list: https://3blue1brown.substack.com
Twitter: https://twitter.com/3blue1brown
Instagram: https://www.instagram.com/3blue1brown
Reddit: https://www.reddit.com/r/3blue1brown
Facebook: https://www.facebook.com/3blue1brown
Patreon: https://patreon.com/3blue1brown
Website: https://www.3blue1brown.com",2024-11-20T15:07:15Z,6392817,184002
qhluH7CanNM,"'자영업의 저승사자'부터? 공정위 힘 실어 ""함께 살자"" [뉴스.zip/MBC뉴스]",MBCNEWS,"00:00 ""공정위 인력 충원""‥'경제 검찰' 온라인 플랫폼·재벌 겨누나 (2025.06.08/뉴스데스크/MBC)
02:01 ""우리는 배달앱 노예"" 수수료 부담에 무너지는 자영업자 (2025.05.06/뉴스데스크/MBC)
04:14 배달 수수료 낮춰 상생한다더니‥'14만원 매출'에 최고요율? (2025.02.27/뉴스데스크/MBC)
05:54 진통 끝 '수수료율 인하'‥일부 업체 '반발' (2024.11.15/뉴스투데이/MBC)

#공정거래위원회 #인력충원 #배달플랫폼
#MBC #뉴스 #뉴스데스크 #MBC뉴스 #뉴스투데이 #뉴스ZIP #뉴스꾹 #오늘이뉴스 #자막뉴스

ⓒ MBC & iMBC 무단 전재, 재배포 및 이용(AI학습 포함)금지",2025-06-09T00:37:37Z,732135,9502
4osogSFa7hA,"""AI가 더 잘하는데 왜 사람 써?""..""죽을 고생했는데도 백수"" 절규 / SBS / 모아보는 뉴스",SBS 뉴스,"00:00 ""죽을 고생해 합격했는데 백수라니""…""원흉은 AI?"" 젊은 회계사들의 절규 (자막뉴스) / SBS
01:56 '아마존·메타' 합격했는데 반전…""AI가 해주는데 왜요?"" / SBS 8뉴스
04:05 사람이 하면 반나절, AI는 1분…""5년 차 변호사 수준"" 깜짝 / SBS 8뉴스
05:48 '99% 탈락' 요즘 개발자 현실…""한국인 안 뽑을래요"" 왜? (자막뉴스) / SBS

#SBS뉴스 #8뉴스 #실시간 으로 만나 보세요
라이브 뉴스 채널 SBS 모바일24

▶SBS 뉴스로 제보해주세요
홈페이지: https://news.sbs.co.kr
애플리케이션: 'SBS 뉴스' 앱 설치하고 제보
카카오톡: 'SBS 뉴스'와 친구 맺고 채팅
페이스북: 'SBS 뉴스' 검색해 메시지 전송
이메일: sbs8news@sbs.co.kr
문자:  #　누르고 6000 
전화: 02-2113-6000

▶SBS 뉴스 채널 구독하기 : https://n.sbs.co.kr/youtube
▶SBS 뉴스 라이브 : https://n.sbs.co.kr/live

Copyright Ⓒ SBS. All rights reserved. 무단 전재, 재배포 및 AI학습 이용 금지",2025-12-14T00:00:11Z,615098,3728
XMPJMPasjk8,"""제일 많이 보는 것이 뭡니까?"" 폴리텍 대학 입학하려면 이것부터",전주MBC News,#고용노동부 #김영훈장관 #업무보고 #폴리텍대학,2026-01-12T03:16:58Z,4521,108
uj-uWz-wsKI,죄수와 검사 III ①  죄수와 특수부 검사의 ‘삼각’ 사건 거래 - 뉴스타파,뉴스타파 Newstapa,"죄수와검사 시즌3 첫 편이 나왔습니다. '고교 동창 스폰서'로 알려진 죄수K는 복역 중에 다른 브로커 죄수로부터 제안을 받습니다. 검사에게 사건을 하나 제보하면 돈을 주겠다는 것. 죄수K는 사건을 제보하고 브로커 죄수로부터 6천만 원을 받습니다. 사건을 챙긴 검사는 중앙지검 특수부의 김영일 검사였는데 6천만 원은 과연 어디서 나왔을까요?

☞더 상세한 내용을 기사로 확인하세요 : https://newstapa.org/article/NjKML

☞뉴스타파 후원하기 : https://newstapa.org/donate_info
☞뉴스타파 제보하기 : https://jebo.newstapa.org
☞뉴스타파 정기 뉴스레터 받아보기 : http://eepurl.com/cTAHUf

☞뉴스타파 인스타그램 : https://www.instagram.com/newstapa
☞뉴스타파 페이스북 : https://fb.com/newstapa
☞뉴스타파 트위터 : https://twitter.com/newstapa
☞뉴스타파 텔레그램 알림 받기 : https://t.me/newstapa

☞뉴스타파 굿즈 온라인 스토어  : https://smartstore.naver.com/newstapagoods

※Music source : Habi Music & Westar Music

#죄수와검사 #검찰개혁 #특수부",2020-10-06T01:38:17Z,172809,9866
kiUXIlY_WyM,여유로운 커피 TIME☕ 귀여운 가나디가 반겨주는🐶 이색 홍콩 디저트 카페🏮 TV CHOSUN 260523 방송 | [석삼플레이 시즌1] 7회 | TV조선,TVCHOSUN - TV조선,"바쁜 여행 일정 중에 힐링과 여유로운 시간을 가지러 방문한 레트로 카페

[석삼플레이 시즌1 – 7회]
#TV조선 #석삼플레이 #시즌1 #지석진 #전소민 #이상엽 #이미주 #여행 #예능

#석삼플레이시즌1 공식 페이지 : https://bit.ly/4ml5CUr
#TV조선 채널 구독하기 : https://bit.ly/32sJQFH
#TV조선 공식 홈페이지 : http://www.tvchosun.com/home.cstv
#TV조선 공식 페이스북 : https://www.facebook.com/tvchosun
#TV조선 공식 블로그 : https://blog.naver.com/tv_chosun",2026-05-23T12:15:18Z,388,4
j4M760uHsiY,[다시봐야지] ♨불꽃토론♨ ＂이런 말은.. 면접 볼 때 불법이에요.＂ 각 국이 말하는 성 평등 지수｜비정상회담｜JTBC 141201 방송,JTBC Voyage,"각 국이 말하는 
성 평등지수에 대해서 주의 깊게 들어보자↗

#비정상회담 #성평등지수 #토론

[JTBC봐야지] 구독하기☞ http://asq.kr/VgFZ3

------------------------------------------------------
* 영상 속 프로그램은?

【비정상회담｜Abnormal Summit】
http://tv.jtbc.joins.com/nonsummit/
------------------------------------------------------",2021-11-10T07:42:54Z,96211,965
Ylj5Aun0cjQ,"[100분토론] ""그러니까 성적이 안나오죠""",MBC 100분 토론,"‘정시 확대’ 논란, 무엇이 공정한가 


출연패널
강성태 / 공신닷컴 대표
김태훈 / 사교육걱정없는세상 정책부위원장
이 현  / 우리교육연구소 대표
전경원 / 전교조 참교육연구소장
(가나다순)

2019년 11월 5일 100분토론 849회

풀버전 보기
http://playvod.imbc.com/Vod/VodPlay?broadcastId=1000842101182100000",2019-11-05T16:11:39Z,5099583,22856
q_aZzCwksLI,"(Kor, Eng, Jp) 세바시 716회 독일인이 이야기하는 한국의 양성평등 | 다니엘 린데만 방송인",세바시 강연 Sebasi Talk,"✻ 강연자의 강연 소개 :

독일인이 바라보는 대한민국의 성 평등, 대한민국은 성 평등한 공정한 사회로 나아가고 있을까요? 저는 성 평등을 위해서 법적인 제도도 중요하지만 교육을 통해서 사람들의 의식에 변화를 주는 것이 더 중요하다고 생각합니다. 이번 강연을 통해 한국인들의 성 평등 인식 확대와 성장을 위한 저의 의견을 제안해 보겠습니다

------------------------------

✻ セバシ－世の中を変える時間15分 第716回「ドイツ人が話す韓国の性平等」ダニエル・リンデマン(Daniel Lindemann, タレント)

韓国は男女平等の社会でしょうか。性平等のために法的な制度も重要ですが教育をとおして認識を変えることが更に重要だと思います。韓国人の性平等の認識の変化と成長のために話したいと思います。 

セバシ講演コンテンツの著作権は「㈱世の中を変える時間15分」が所有しています。映像及び音声の不法ダウンロード、再アップロード、再加工等の行為は法的に禁じられています。

------------------------------

✻ 한글 자막 : Yukiko Hara (anne_yukiko@naver.com)
✻ 일본어 자막 : Yukiko Hara (anne_yukiko@naver.com)


세바시 페이스북 페이지 | http://www.facebook.com/sebasi15",2016-11-28T06:00:02Z,415166,5997
15qr0AMiM2M,"[KBS열린토론] 다시 불거진 여성징병제 논란, 쟁점은 무엇인가?/ 정준희, 김대영, 신지예, 장영수, 주하림  | KBS 210422 방송",KBS 1라디오,"방송일 : 2021년 4월 22일
KBS 열린토론 / MC 정준희
KBS 1 Radio FM 97.3MHz 월-금 19:20-20:30

* 다시 불거진 여성징병제 논란, 쟁점은 무엇인가? *
1. 여성징병제 논란, 무엇이 문제인가?
2. 남겨진 쟁점과 바람직한 논의 방향은?

* 출연자 *
김대영 한국국가전략연구원 연구위원
신지예 여성신문 젠더폴리틱스 연구소장
장영수 고려대 법대 교수
주하림 '나는 여성징병제에 찬성한다' 작가


▶KBS열린토론 홈페이지 
http://program.kbs.co.kr/1radio/radio/opendebate/pc/index.html

#KBS열린토론 #열린토론 #정준희 #KBS_열린토론",2021-04-22T11:39:37Z,34351,143
ljslJCU0zcI,"""남자들은 여자를 가르치려 든다""? [맨스플레인]을 만든 페미니즘 책 리뷰 : 1부",일당백 : 일생동안 읽어야 할 백권의 책,"#페미니즘 #철학 #토론 #리베카 솔닛 #레베카 #여자 #남자 #가부장

페미니즘 논쟁 : 맨스플레인
남자들은 여자를 가르치려 든다? 맨스플레인을 만든 페미니즘 책 리뷰 : 1부   

✋일당백 공지사항✋
‘광고의 신’ 정프로와 함께 하실 새로운 광고주님들을 기다리고 있습니다. 
일당백 광고 문의 : 1dang100tv@gmail.com 🔔
다양한 광고 기다리겠습니다!🤝

🪑세상편한 독서의자 파찌홈 데이지 50% 파격할인🪑
https://pazzyhome.com/category/%EB%8D%B0%EC%9D%B4%EC%A7%80/43/

☕️ 일당백과 항상 함께하는 1kg커피~~ 쇼핑몰은 구글플레이 혹은 애플 앱스토어에서 1kg커피 검색하셔서 다운 받으셔도 되고, 
http://www.1kgcoffee.co.kr​​​​​ 로 접속하셔도 됩니다 ☕️

📮일당백 초대장📮 1박 2일 인문학 여행 “일당백 북스테이”
일당백 구독자님들과 더 가까워지기 위한 인문학 여행을 준비했습니다!
정프로, 정박, 이지선 아나운서와 직접 소통하는 지적 교류의 장!
쉬고, 먹고, 읽고, 친해지는 🎉디지털디톡스 파티🎉로 여러분들을 초대합니다!
[6월 8일 (토) ~ 6월 9일 (일) / 강원도 인제 / 선착순 40명]
⬇️⬇️⬇️아래 링크로 들어오세요⬇️⬇️⬇️
https://forms.gle/Dn5er5zJS2LcND9e6",2024-05-31T11:00:47Z,70199,2003
WqUfPdkk_II,"""제가 될 곳은 딱 한군데였죠"" 20%p차 뒤집은 이준석의 대역전극…당선 직후 윤 대통령 도발하며 내놓은 예측? (현장영상) / SBS",SBS 뉴스,"대표까지 지냈던 국민의힘을 탈당해 제3지대 신당을 창당한 뒤 총선에 나선 개혁신당의 이준석 당선인은 정계 입문 13년 만에 국회에 입성하게 됐습니다.

이 당선인은 국민의힘 한정민 후보, 더불어민주당 공영운 후보를 누르고 42.41%로 당선됐습니다.

이 당선인은 당선 직후 소감 인터뷰에서 ""동탄에 온 지 채 한 달 반밖에 되지 않았는데, 지역을 대표할 기회를 주신 동탄 주민 여러분께 감사드린다""며 ""진정성 있는 정치인이 되겠다""고 했습니다.

이 당선인은 ""그동안 정치를 하면서 기교도 많이 부리고 했지만 결국 국회의원이 되는데 필요하고 주민의 선택을 받는 데 필요한 것은 진정성이라는 것을 느끼게 된 선거였다""고 소회를 밝혔습니다.

그러면서 ""이번 선거 결과를 보니 여당이 정말 준엄한 여론의 심판을 받았다고 생각한다""며 ""왜 당을 옮겨서 이렇게 출마할 수밖에 없었을지에 대해 윤석열 대통령께서 곱씹어보셨으면 하는 생각""이라고 말했습니다.

이 당선인은 오늘(11일) SBS 라디오 '김태현의 정치쇼'에 출연해 '다음 대선 출마하냐'는 질문을 받았습니다.

이에 이 당선인은 ""다음 대선이 몇 년 남았냐""고 물었고, 진행자가 ""3년 남았다""고 하자 ""확실하냐""고 되물었습니다. 이 말을 들은 진행자는 ""이거 굉장히 도발적인 얘기""라고 했습니다.

이 당선인은 자신이 당선된 이유에 대해 ""화성을 유권자 구성을 보면 기득권 세력이라는 것이 없다. 서울은 향우회부터 관변단체 등 그물망처럼 기득권층이 쌓여 있는데 동탄은 생긴 지 10년이 안 돼 토박이가 없다""며 ""그래서 단기간에 여론을 만들 수 있었고, 홍준표 대구시장이 '이준석이 대한민국에 당선될 수 있는 지역구는 없다'고 단언했지만, 여러 가지 조건을 맞출 수 있는 곳은 동탄 딱 한 군데였다""고 분석했습니다.

이 당선인은 더불어민주당과 국민의힘을 겨냥하며 제22대 국회에 대해 예측하기도 했습니다.

그는 ""한동훈 위원장의 이번 선거 결과는 황교안 대표랑 똑같다""면서 ""그런데 (한 위원장) 본인이 못 받아들일 거다. 나 때문이 아니라고 생각할 것""이라고 했습니다.

진행자가 ""용산 대통령실 때문이라고 생각한다는 거냐""고 묻자 이 당선인은 ""그렇다. 그것 때문에 분화가 일어날 것""이라고 답했습니다.

이 당선인은 더불어민주당도 분화할 가능성이 있다며 ""조국 전 장관의 시간표와 이재명 대표의 시간표는 다를 수밖에 없다""고 주장했습니다.

그는 ""조국 전 장관은 개인적인 사법리스크가 이미 대법원만 남겨놓고 있는 상황이기 때문""이라며 ""이재명 대표는 많은 의석을 가진 정당의 대표이기 때문에 서서히 조여 들어가려고 할 것이다. 그 속도 차이가 역설적으로 두 세력의 분화를 가져올 것""이라고 내다봤습니다.

이준석 당선인은 2011년 박근혜 당시 한나라당 비상대책위원회에 깜짝 영입되며 '박근혜 키즈'로 불렸다. 이때 청년 이슈에 목소리를 내며 보수정권 재창출에 기여했습니다.

2016년 탄핵 정국 때 새누리당을 탈당해 바른정당에 합류했고, 2017년 대선에서는 바른정당 유승민 후보를 도왔습니다.

2020년 총선을 앞두고는 보수 통합으로 탄생한 미래통합당 지도부에 합류하면서 '친정'에 복귀했습니다.

2021년 4·7 서울시장 보궐선거에서 뉴미디어본부장으로 오세훈 후보를 지원했고, 이때 '역차별론'을 제기하며 2030 남성을 지지기반으로 구축했습니다.

이 후보는 2021년 6월 전당대회에서 나경원 전 의원을 꺾고 거대 양당 사상 최초의 30대 대표로 당선되면서 한국 정치사의 큰 이변을 낳았습니다.

이후 당을 이끌면서 2022년 대선과 지방선거를 승리로 이끌었지만, 윤석열 대통령과 갈등 등으로 임기 2년을 채우지 못하고 당 대표 자리에서 물러났습니다.

작년 말 국민의힘을 탈당한 이 당선인은 '정치 자영업자들이 장악한 여의도 정치에 새바람을 일으키겠다'며 개혁신당 창당을 선언하면서 독자 노선을 걷기 시작했습니다.

당선인은 ""화성이 보수의 무덤 같은 곳이지만 할 일이 많은 곳""이라며 화성시을 출마를 선택했습니다.

총선 초반에는 더불어민주당 공영운 후보에게 더블스코어로 밀렸으나 공 후보가 '아빠 찬스' 의혹 등으로 주춤하는 사이 이 당선인은 손편지 호소, 자전거 유세 등 진정성 있는 이색 선거운동으로 막판 역전승을 일궈내며 파란을 일으켰습니다.

(영상취재 : 설치환 설민환 / 구성 : 진상명 / 편집 : 이혜림 / 제작 : 디지털뉴스제작부)


☞더 자세한 정보
https://news.sbs.co.kr/y/?id=N1007607218

☞[22대 총선] 기사 모아보기 
https://news.sbs.co.kr/y/i/?id=10000057672

☞[뉴스영상] 기사 모아보기 
https://news.sbs.co.kr/y/t/?id=10000000121
 

#이준석 #이준석당선 #이준석화성을 #이준석대표 #개혁신당 #이준석공영운 #이준석인터뷰 #이준석소감 #sbs뉴스 #sbs 

▶SBS 뉴스 채널 구독하기 : https://n.sbs.co.kr/youtube 

♨지금 뜨거운 이슈, 함께 토론하기(스프 구독) : https://premium.sbs.co.kr

▶SBS 뉴스 라이브 : https://n.sbs.co.kr/youtubeLive , https://n.sbs.co.kr/live 

▶SBS 뉴스 제보하기
홈페이지: https://n.sbs.co.kr/inform 
애플리케이션: 'SBS뉴스' 앱 설치하고 제보 - https://n.sbs.co.kr/App 
카카오톡: 'SBS뉴스'와 친구 맺고 채팅 - https://pf.kakao.com/_ewsdq/chat 
페이스북: 'SBS뉴스' 메시지 전송 - https://www.facebook.com/sbs8news 
이메일: sbs8news@sbs.co.kr 
문자 # 누르고 6000 
전화: 02-2113-6000 

홈페이지: https://news.sbs.co.kr/ 
페이스북: https://www.facebook.com/sbs8news 
트위터: https://www.twitter.com/sbs8news
카카오톡: https://pf.kakao.com/_ewsdq
인스타그램: https://www.instagram.com/sbsnews

Copyright Ⓒ SBS. All rights reserved. 무단 전재, 재배포 및 AI학습 이용 금지",2024-04-11T06:33:31Z,665251,6748
4ZNgXeNxfMQ,"‘페미 VS 안티페미’ 김주희-배인규, 대척점에 선 두 사람 [끝간사람] (1/4)",세계일보,"* 출연자에 대한 조롱, 비방 댓글은 발견 즉시 삭제하겠습니다.

여론이 극과 극으로 갈리는 사회적 의제가 적지 않습니다. 이런 양 끝단 생각을 대변하는 이들을 두고 ‘극단주의자’, ‘시끄럽게 구는 사람’이란 편견을 갖기 십상일 텐데요.

‘끝간사람’은 보고 싶은 것만 보는 ‘확증 편향’이 사회적 문제인 요즘 ‘그래도 이들이 무슨 얘기를 하는지 한번 들어보자’고 제안하고자 기획한 영상 르포입니다. 

이들의 입을 통해 일반인도 조금이나마 공감할 만한 이야기를 발굴하고 오해가 있다면 풀어보고자 노력했습니다.


1부 ‘페미·안티페미’ 대표자들

2부 ‘페미·안티페미’ 향한 의문들 I,II

3부 못 다한 '젠더 갈등' 이야기


최근 몇년간 우리 사회에서 가장 첨예한 대립을 보인 사회적 갈등이라 하면 단연 ‘성별 갈등’을 가장 먼저 꼽을 수 있습니다.

최종숙 민주화운동기념사업회 선임연구원이 지난해 발표한 논문 ‘20대 남성 현상 다시보기’에 따르면 성별 갈등 정도에 대한 인식 조사에서 20대의 84%가 ‘심각하다’고 응답했을 정도로 대립의 골이 깊은 게 현실입니다.

최근 온라인에서 자주 벌어지는 ‘페미니즘 VS 안티페미니즘’ 여론전 역시 이런 결과로 보입니다.

이른바 ‘여초’를 표방한 온라인 커뮤니티에선 젠더 이슈와 관련한 기사 주소와 함께 댓글 작성과 ‘추천’을 해달라는 글이 매일같이 올라오고 있습니다.

이에 맞서 안티 페미니즘을 표방한 신남성연대와 그 지지자들은 이를 ‘정화’하겠다며 여초 커뮤니티 이용자들이 만들어놓은 상위 추천 댓글에 ‘비추천’을 누르는 한편 직접 댓글을 써 상위로 올리고 있습니다.

이들은 무엇 때문에 이처럼 한치 물러서지 않고 싸우는 걸까요.

페미니즘-안티페미니즘, 각 진영에서 청년 남녀의 지지를 받고 있는 두 인물을 만나 각자 어떤 신념으로 맞서고 있는 건지 깊이있게 알아봤습니다. 

◆‘안티 페미’ 신남성연대 배인규 대표

신남성연대는 고 성재기 대표의 남성연대를 계승하겠다며 정치 유튜버 출신 배인규 대표가 지난 4월 설립한 단체입니다.

배 대표는 “남성 혐오주의자들로부터 아스팔트(집회 현장)를 지키겠다”며 규탄 집회를 열거나 페미니즘 집회가 열리는 현장을 찾아가 이른바 ‘맞불’까지 놓을 정도로 열심입니다.

“내 아이가 페미니즘 교육을 안 받게 만들겠다”는 게 배 대표가 선언한 목표입니다.

그가 이 같은 활동 영상을 올린 유튜브 채널의 구독자는 개설 약 반년 만에 33만명을 넘겼습니다.

신남성연대는 언론 등에서 ‘여성혐오 단체’로 평가된 바 있으나, 배 대표는 “여성이 아니라 페미니스트를 혐오하는 것”이라고 반박합니다. 

그는 “제가 실제로 활동하면서 가장 힘든 부분 중 하나가 같은 남성이 이 진정성을 이해해주지 못 하는 것”이라면서도 “(다만) 신남성연대가 여성 혐오 단체인 줄 알고 함께하려는 분들과는 같이할 수 없습니다”고 선을 그었습니다.

◆김주희 ‘해일 시위’ 대표는 누구길래?

김주희 ‘해일 시위’ 대표는 여초 온라인 커뮤니티와는 무관하나, 본의 아니게 신남성연대로부터 페미니즘 진영의 대표자로 점찍혀 ‘집중 포화’를 받고 있는 인물입니다.

최근 눈에 띄는 페미니즘 집회가 없는 와중에 김 대표가 지난달부터 ‘전국 릴레이 백래시(약자 목소리에 대한 기득권의 반발) 규탄 집회’를 기획·주도하고 있는 탓입니다.

해일 시위는 ‘평범한 여성들이 모여 백래시에 맞서는 해일을 일으키자’는 기치를 내걸고 있습니다. 지난 4월 서울시자살예방센터가 20대 여성의 심리 지원을 위한 사업 진행차 마련했던 온라인 자유게시판이 남성 온라인 커뮤니티 이용자들의 이른바 ‘좌표 테러’로 운영 중단되면서 집회를 기획하기 시작했다고 합니다.

해일은 그간 매주 부산과 경남 창원, 경북 포항 등지를 돌며 정부와 기업, 교육기관을 겨냥해 목소리를 높여왔습니다. ‘GS25 남성혐오 포스터 논란’, ‘포항공대 페미니즘 강연 취소’ 등 페미니즘을 억압하는 움직임에 관해 대책을 내놓아야 하고 교육도 강화해야 한다는 게 이 단체와 김 대표의 주장입니다.

현직 간호사인 김 대표는 “제 직업에만 충실하게 살고 있자니 사회 문제가 해결되지는 않는 것 같더라고요”라고 밝혔습니다.

◆기자가 만나본 두 사람

‘페미니즘 VS 안티페미니즘’편은 3부작으로 기획됐습니다.

첫번째 영상엔 배 대표와 김 대표의 평소 모습을 담는 데 집중했습니다.

두 인물을 ‘아군 VS 적군’의 구도로 보지 말고 잠시라도 한 인간으로 지켜보자는 게 기획 취지입니다.

집회 주최자가 아닌 한 인간으로선 두 사람이 무슨 고민을 하며 어떤 삶을 살고 있는지 관찰했습니다.

#해일 #신남성연대 #페미 #페미니즘 #안티페미 #반페미

""세상을 보는 눈, 글로벌 미디어""
▶ 세계일보유튜브 구독하기 http://goo.gl/15RyKK
* 공식 홈페이지 http://www.segye.com
* 공식 페이스북 https://www.facebook.com/segyetimes/",2021-08-12T07:24:29Z,396349,7051
DQxC2XG7whc,딥 델라히바 스윕 2 (Deep De La Riva Sweep 2),온 가족이 주짓수 (Jiu Jitsu for Whole Family),,2026-05-24T22:53:17Z,20,1
LPZ5HYO1EaI,[레전드] 남페미 논리와 팩트로 두들겨 패버리기 + 그놈의 배인규 과거 해명,신 남성연대,"#철구 #페미니즘 #남성연대

월 1천원 정기후원하기
1877-0419
http://www.ihappynanum.com/Nanum/B/UEZ98N7YMH

남성연대 알람어플(무료)이 출시되었습니다. 플레이스토어 '남성연대' 검색
https://play.google.com/store/apps/details?id=org.androidtown.newmanpower

남성연대 공식계좌

196201-04-280975
국민 (주)신남성연대

677-034488-04-015
기업 남성연대

남성연대 공식카페
https://cafe.naver.com/manpowernew

인스타그램 : new_manpower 
https://instagram.com/new_manpower?igshid=1vhg4tt5kkw9

공식연락처 010 4500 3435

자발적 구독료
356 1225 6360 63 농협 송시인

언제 입이 막혀버릴지 모르는 상황입니다.
번거로우시더라도 꼭 모여주시길 바랍니다. 감사합니다.",2021-12-18T03:30:09Z,2342549,40364
vO2Wl0F6QWs,[3부] 결국 경찰에 끌려가는 배인규 대표,신 남성연대,"월 1천원 정기후원하기
1877-0419
http://www.ihappynanum.com/Nanum/B/UEZ98N7YMH

남성연대 알람어플(무료)이 출시되었습니다. 플레이스토어 '남성연대' 검색
https://play.google.com/store/apps/details?id=org.androidtown.newmanpower

남성연대 공식계좌

196201-04-280975
국민 (주)신남성연대

677-034488-04-015
기업 남성연대

남성연대 공식카페
https://cafe.naver.com/manpowernew

인스타그램 : new_manpower 
https://instagram.com/new_manpower?igshid=1vhg4tt5kkw9

공식연락처 010 4500 3435

자발적 구독료
196201-04-284692 국민 배인규

언제 입이 막혀버릴지 모르는 상황입니다.
번거로우시더라도 꼭 모여주시길 바랍니다. 감사합니다.",2023-05-20T11:22:26Z,711951,27118
-VhGlHbaEqU,"""그래 차라리 자퇴해라” 빠르면 '중학교' 요즘 아이들이 자퇴하는 이유│붕괴하는 공교육, 무엇이 아이들을 자퇴하게 만드는가│교육격차│다큐멘터리 K│#골라듄다큐",EBSDocumentary (EBS 다큐),"※ 이 영상은 2023년 4월 20일에 방송된 ＜다큐멘터리K - 교육격차 2부 나의 자퇴기(記)＞의 일부를 재편집한 입니다.

학교. 배움의 장(場)인 학교는 한편으로는 교육격차를 여실히 볼 수 있는 격차의 장이기도 하다. 다양한 사회경제적 환경으로부터 온 아이들이 함께 모여 입시라는 동일한 관문을 뚫고자 경쟁하는 공간 속에서, 아이들은 환경의 차이만큼이나 다른 저마다의 고민들을 하게 된다. 그리고 그렇게 고민을 거듭하다가 결국 ‘자퇴’를 선택한 친구들이 있었다. 그러나 ‘자퇴’조차도 누구에게나 같은 자퇴는 아니었다.

준우가 자퇴를 선택한 이유는 목표하는 대학 진학을 위한 ‘선택적 자퇴’였다. 내신과 정시가 다르고, 내신에서 한번만 삐끗해도 명문대를 진학할 수 없는 상황에서 정시를 선택한 준우에게 학교 수업은 입시 준비에 있어 도움이 되는 것이 아니었다. 반면 준희가 학교를 떠난 이유는 선행학습을 받지 못해 학교의 다른 친구들을 도저히 따라갈 수 없어 내린 ‘불가피한 선택’이었다. 준희가 학교에서 경험했던 격차는 준희로 하여금 스스로의 노력이 부족해서인지, 아니면 그 격차 자체가 아무리 노력해도 따라잡히지 않는 거였기 때문인지 끊임없이 자문하게 만드는 요인이었다.

주어진 환경에 따라 자퇴의 이유도 달랐지만, 자퇴 이후의 공부 환경 역시도 그렇게나 달랐다. 재수종합학원, 기숙학원, 독학재수학원 등 다양한 종류의 학원들을, 한 달에 몇십만 원에서 몇백만 원에 이르는 비용을 내가며 혼공을 하는 아이들도 있었지만, 학교를 나와서 혼자 무엇부터 해야 할지, 공부를 어떻게 해야 할지도 모르는 상황에서 처음부터 하나하나 혼자 힘으로 인터넷과 참고서를 찾아가며 공부해야 하는 아이들도 있었다. 격차를 견디지 못해 자퇴를 선택하고 학교를 나온 아이들 앞에 또 다시 격차가 기다리고 있었다.

＜다큐멘터리 K – 교육격차 2부 : 나의 자퇴기(記)＞에서는 다양한 요인으로 발생된 교육격차가 학교라는 공간에서 어떻게 영향을 미치고 있는지, 그래서 학교를 떠나온 아이들은 또 어떻게 저마다 다른 분투기를 그려가게 되는지, 그리고 과연 학교는 어떤 공간이고 어떤 공간이어야 하는지에 대해 고찰해보도록 한다.

✔ 프로그램명 : 다큐멘터리K - 교육격차 2부 나의 자퇴기(記)
✔ 방송 일자 : 2023.04.20

#골라듄다큐 #다큐멘터리K #대입 #학교 #공교육 #입시 #수시 #정시 #교육 #수능 #고등학교 #교육격차",2023-05-22T04:28:31Z,1836753,13713
OeClrlcnuy8,회피형 절대 만나지 마라? 정신과 의사가 말하는 진짜 위험한 관계 | 김지용 정신과 전문의 @brainrich6 | 연애 사랑 인간관계 | 인생질문 344회,세바시 인생질문,"✨김지용 정신과 전문의, ‘문제적 사랑’ 저자 @brainrich6 
✨왜 내 주변엔 항상 회피형이나 가스라이팅 하는 나쁜 사람만 꼬일까요? 10년 넘게 진료실에서 수많은 관계를 상담하며 발견한 소름 돋는 공통점이 하나 있습니다. 단순히 '연애 운'이 없어서가 아니라, 당신의 무의식이 몰래 '이것'을 수집하고 있기 때문인데요. 타인을 손절하기 전, 당신조차 몰랐던 당신의 마음을 먼저 마주해 보세요. 당신이 피해자에서 벗어나 인생의 주도권을 되찾고 싶다면, 지금 당장 이 불편한 진실을 마주하셔야 합니다.

#인간관계 #애착유형 #회피형 #안정형 #연애 #무의식 #자존감 #심리학 #나는솔로 #하트시그널 #연프 


[🎁책이벤트] *다른 사람, 상황이지만 비슷한 패턴으로 관계의 상처를 경험하신 적이 있나요?* 영상을 보신 뒤, 가장 기억에 남는 문장이나 나의 관계 패턴에 대해 돌아본 생각을 타임스탬프와 함께 댓글로 남겨주세요. (ex : 04:26 내 삶의 모든 장면의 주인공은 나) 추첨을 통해 *김지용 작가의 ‘문제적 사랑’을 선물로 드립니다.*

📌 당첨자 발표: 추후 고정댓글 공지

📚『문제적 사랑』 도서 보러가기
교보문고: http://bit.ly/4nrBqr6
예스24: https://bit.ly/4wrZ1Ms
알라딘: https://bit.ly/4dciwBe


*해당 영상은 디플롯의 지원으로 제작되었습니다.


세바시 강연회 신청 📝 ⁠⁠⁠⁠⁠⁠⁠⁠⁠⁠⁠⁠⁠⁠⁠⁠⁠⁠⁠⁠⁠⁠⁠⁠⁠⁠⁠⁠⁠⁠⁠⁠⁠⁠⁠⁠⁠⁠⁠⁠⁠⁠⁠⁠⁠⁠⁠⁠⁠⁠⁠⁠⁠⁠⁠⁠⁠⁠⁠⁠⁠⁠⁠⁠⁠⁠⁠⁠⁠⁠⁠⁠⁠https://linktr.ee/sebasi⁠⁠⁠⁠⁠⁠⁠⁠⁠⁠⁠⁠⁠⁠⁠⁠⁠⁠⁠⁠⁠⁠⁠⁠⁠⁠⁠⁠⁠⁠⁠⁠⁠⁠⁠⁠⁠⁠⁠⁠⁠⁠⁠⁠⁠⁠⁠⁠⁠⁠⁠⁠⁠⁠⁠⁠⁠⁠⁠⁠⁠⁠⁠⁠⁠⁠⁠⁠⁠⁠⁠⁠
세바시 굿즈 📚 ⁠⁠⁠⁠⁠⁠⁠⁠⁠⁠⁠⁠⁠⁠⁠⁠⁠⁠⁠⁠⁠⁠⁠⁠⁠⁠⁠⁠⁠⁠⁠⁠⁠⁠⁠⁠https://bit.ly/sebasistore⁠⁠⁠⁠⁠⁠⁠⁠⁠⁠⁠⁠⁠⁠⁠⁠⁠⁠⁠⁠⁠⁠⁠⁠⁠⁠
섭외/협찬/콘텐츠 구매 문의 👉🏻 sebasi@sebasi.co.kr


✨타임라인
00:00 하이라이트 
00:22 문제적 사랑 
00:30 회피형은 절대 만나지 마라?
01:55 4가지 애착 유형
03:22 사람 운이 없는 사람 
04:26 인생 드라마의 주인공 
04:36 정신과는 연애 상담소?
05:26 인간관계의 시작, 부모 
06:45 반복되는 관계 실패의 이유 
07:57 반복 강박이란
09:22 내 삶의 주인공이지 연출가는 아니다 
10:03 투사적 동일시란
11:40 좋은 사람을 만나는 방법
11:42 관계도 분산투자 
13:43 운명적 사랑은 가스라이팅
14:35 만나야 하는 사람
15:32 공감 정확성 연구 
16:32 애착유형은 변할 수 있을까요?
18:19 사랑하기 힘들어진 사회 
18:21 불안 사회 속 연애 불황
19:56 사랑에 빠지다
21:47 손절만 말하는 시대 
22:37 관계 앞에서 필요한 질문

--------------------------
⚠️ AI 시대, 대체불가한 단 하나의 역량 《경계인》 도서 펀딩 오픈
구글·넷플릭스 출신 경영인이 발견한 AI 시대 유일한 생존 전략!
(선착순 최대 35% 할인) 지금 바로 오픈알림신청 → https://bit.ly/3OWIbEv

🎁 나의 세상을 바꾸는 선택, 세바시스토어 👉🏻 https://sebasistore.com/
📙 세바시 인생질문 도서 구입 👉🏻 https://bit.ly/sebasi_books

홈페이지 👉🏻 https://www.sebasiland.com
인스타그램 👉🏻 https://www.instagram.com/sebasi15
페이스북 👉🏻 https://www.facebook.com/sebasi15
스레드 👉🏻 https://www.threads.com/@sebasi15

세바시 강연 콘텐츠의 저작권은 ‘(주)세상을바꾸는시간15분’에 있습니다. 영상 및 오디오의 불법 다운로드 및 재업로드, 재가공 등의 행위(AI학습 포함)는 법적으로 금지되어 있습니다",2026-05-14T11:45:03Z,54742,1492
YIJwLt7tQXk,Full 10 minute lecture on radiological risk in context from Torrey Utah,Robert B Hayes,,2026-05-25T01:38:37Z,13,2
J1_JW38xQMk,역차별? 우리 진대 좀 해보실래요? [아가C ep.1],오세여,"오늘도 아가리 터는 시스젠더 여성들 ep.1
#역차별 #젠더 #젠더갈등 #군대 #취업 

00:00 하이라이트
00:31 인트로
01:33 역차별?
02:10 젠더에 따른 한국사회 노동구조
04:08 복지제도
05:56 군대문제
08:02 여성을 위한 공간이 있는가??
08:55 불안한 취업시장
12:51 다음화 예고편

역차별이란 대체 무엇일까요? 
왜 우리는 그렇게 화가 난 걸까요? 
왜 우리는 서로에게 화살을 돌리고 있을까요?

‘역차별’이라는 키워드로 군대, 취업, 임금 나아가 노동환경에 대한 이야기를 해보았습니다. 

다음 편에서는 젠더 폭력과 여혐과 남혐이 어떻게 다른지 이야기해보도록 하겠습니다~!

인스타그램: @oryugall3",2025-12-29T07:41:05Z,1426,32
MoXIxX84Wtg,왜 살아야 할까? 인생의 의미가 뭘까? 이렇게 괴로운 사람 있나요 | 씨리얼 시선,씨리얼,"힘든데 왜 살아야 하지? 
죽기는 싫고 그냥 사라지고 싶다면?

우울에 불안, 약간의 강박과 함께 살아가고 있는 
이하늬 작가를 만나 정신과 이야기를 들어봤습니다

5년째 우울증과 함께하면서 
그가 얻은 마음을 다스리는 꿀팁들을 공개합니다!

00:00 정신과 질환, F코드만 4개
00:57 나 왜 갑자기 울어?
01:35 미친 사람처럼 안 보이고 싶어서
02:36 내 속마음 테스트
03:04 친구의 연락이 그냥 짜증 나네..?
04:00 결정 못 하는 사람 필독
04:39 평소 불안이 심한 사람 필독
05:22 정신과 꿀팁 대!방!출!
06:32 나만의 우울증 관리법
07:46 SNS로 불행에 빠졌다면
08:21 사는 이유

#우울증 #나의F코드이야기 #마음관리

ㅡ 

씨리즌의, 씨리즌에 의한, 씨리즌을 위한 씨리얼 
'구독'하고! 더 많은 곳에서도 퍼묵퍼묵🥣

인스타그램: https://www.instagram.com/creal.official​ 
페이스북: https://www.facebook.com/creal20/",2021-04-21T12:00:07Z,670623,14390
NKIsuDKMWyk,Jet fuel shortages explained (in under 10 minutes) - BBC World Service,BBC World Service,"Since the Iran war broke out, the Strait of Hormuz has effectively been blocked. 

Click here to subscribe to our channel 👉🏽 https://bbc.in/3VyyriM

The Strait is one of the world's busiest oil shipping routes - leading to fears about shortages of jet fuel. Prices for aviation fuel more than doubled after the war began, and the cost of some plane tickets has gone up dramatically. In May 13,000 flights were cut from schedules. And European travel operator Tui says its customers are appearing more cautious about booking summer holidays due to the Iran war.

Loads of people have questions about jet fuel shortages, airlines cancelling flights, and if jet fuel could run out. This has also sparked a conversation about sustainability, with people asking if reducing flights could have a positive impact on the climate, as well as whether eco-fuel could replace jet fuel. In this episode we sit down with BBC business reporter Emer Moreau to answer all your burning questions about jet fuel shortages. 

Instagram: @bbcwhatintheworld
Email: whatintheworld@bbc.co.uk
WhatsApp: +44 330 12 33 22 6
Presenter: Hannah Gelbart
Producers: Mora Morrison, Baldeep Chahal and Benita Barden  
Video Producer: Baldeep Chahal
Editor: Verity Wilde

----------------
This is the official BBC World Service YouTube channel. 
If you like what we do, you can also find us here:
Instagram 👉🏽 https://www.instagram.com/bbcworldservice
Twitter 👉🏽 https://twitter.com/bbcworldservice
Facebook 👉🏽 https://facebook.com/bbcworldservice
BBC World Service website 👉🏽 https://www.bbc.co.uk/worldserviceradio

Thanks for watching and subscribing!
#BBCWorldService #WorldService",2026-05-14T15:45:44Z,4115,83
